estimate,p.value,log10.p.value,test,nU,nQ,nD,overlap,cf_Jaccard,cf_MCC,cf_overlap,cf_NPMI,cf_SorensenDice,group,dbname,n_min,FDR
1.02307909082005,3.96485479745117e-05,-4.40177271296691,Log2(OR),756251,1000,15602,41,0.0024756959120826,0.00521434428272839,0.041,0.0699197815906962,0.00493916395614986,KYCG.EPIC.HMconsensus.20211013,H3K36me2,2,0.0023789128784707
1.13986019022058,1.38962355962086e-05,-4.8571028314877,Log2(OR),756251,1000,13338,38,0.00265734265734266,0.00562921325702613,0.038,0.0775454681331882,0.00530059980471474,KYCG.EPIC.TFBSconsensus.20211013,ZNF257,1,0.0108807524718313
0.614008857181196,0.00066743177990392,-3.17559311816622,Log2(OR),756251,1000,35991,71,0.00192307692307692,0.00400087717032325,0.071,0.0431370285217774,0.00383877159309021,KYCG.EPIC.HMconsensus.20211013,H1.4,2,0.0143670167964289
1.11670220179996,0.000718350839821446,-3.14366339616926,Log2(OR),756251,1000,8134,23,0.00252442102952475,0.00431934446256726,0.023,0.073078182760342,0.0050361287497263,KYCG.EPIC.HMconsensus.20211013,H3K9me2,5,0.0143670167964289
1.96100663385553,0.00262963167619891,-2.58010507744045,Log2(OR),756251,1000,1372,7,0.00295983086680761,0.00443424105159995,0.007,0.116499846564846,0.00590219224283305,KYCG.EPIC.chromHMM.20211020,8_ZNF/Rpts,,0.0394444751429836
0.26959503066061,0.0107334355776478,-1.96926124601171,Log2(OR),756251,1000,131945,203,0.00152928236729897,0.00273519850641327,0.203,0.0184166712265914,0.00305389446763699,KYCG.EPIC.chromHMM.20211020,1_TssA,,0.0765004738360266
1.06406134635887,0.0153000947672053,-1.81530587919895,Log2(OR),756251,1000,4374,12,0.00223797090637822,0.00298286031377445,0.012,0.0660421791178305,0.00446594715295869,KYCG.EPIC.chromHMM.20211020,9_Het,,0.0765004738360266
1.3903853328164,0.000219297989503986,-3.65896534986068,Log2(OR),756251,1000,5558,19,0.00290564306468879,0.00496338205607788,0.019,0.0896758433800557,0.00579444952729491,KYCG.EPIC.TFBSconsensus.20211013,MYOD1,3,0.0858551628908106
0.400900424988328,0.000774805330702979,-3.1108073999729,Log2(OR),756251,1000,101596,170,0.00165973483295257,0.0038048462914038,0.17,0.0280241753087092,0.00331396935553043,KYCG.EPIC.TFBSconsensus.20211013,ING5,1,0.158131097045795
0.446752249117716,0.000807821696274814,-3.09268448683588,Log2(OR),756251,1000,75941,132,0.00171854860758505,0.00382359799324977,0.132,0.0316020950222842,0.00343120053027645,KYCG.EPIC.TFBSconsensus.20211013,ZBTB8A,2,0.158131097045795
1.0535266465212,0.00125516942412048,-2.90129764868936,Log2(OR),756251,1000,8493,23,0.00242872228088701,0.00406416166073427,0.023,0.0689256007471908,0.00484567576108712,KYCG.EPIC.TFBSconsensus.20211013,REPIN1,3,0.196559531817267
1.14434897409895,0.00158077888076956,-2.80112887489872,Log2(OR),756251,1000,6579,19,0.00251322751322751,0.00403611318129931,0.019,0.0737535087336165,0.00501385407045784,KYCG.EPIC.TFBSconsensus.20211013,ZNF558,2,0.199526318560146
1.28638693354386,0.00187161149843412,-2.72778429533968,Log2(OR),756251,1000,4701,15,0.00263805838902568,0.00406657858325089,0.015,0.0813526618869285,0.00526223469566743,KYCG.EPIC.TFBSconsensus.20211013,ZNF592,2,0.199526318560146
0.542067642437113,0.00220505708074645,-2.65658016377785,Log2(OR),756251,1000,37736,71,0.00183628604681236,0.003526404147416,0.071,0.0380315235320836,0.00366584056175134,KYCG.EPIC.TFBSconsensus.20211013,ZFP69B,2,0.199526318560146
0.334952932702943,0.00229340596046145,-2.63951906311429,Log2(OR),756251,1000,125131,200,0.00158817130015643,0.00338201700726825,0.2,0.023012694157857,0.00317130602310296,KYCG.EPIC.TFBSconsensus.20211013,LMNB1,1,0.199526318560146
0.435388815228076,0.00300630494510525,-2.52196696877259,Log2(OR),756251,1000,59215,103,0.00171346819270695,0.00334550034176854,0.103,0.0308010160606644,0.00342107448310222,KYCG.EPIC.TFBSconsensus.20211013,ZNF2,2,0.208315997469667
0.547993033208695,0.00331638577328055,-2.47933495657102,Log2(OR),756251,1000,33268,63,0.00184183598889051,0.00337294586705144,0.063,0.0382366697441858,0.00367689973152796,KYCG.EPIC.TFBSconsensus.20211013,MCRS1,1,0.208315997469667
0.713124724340731,0.0033172566266268,-2.47922092968136,Log2(OR),756251,1000,17808,38,0.00202450719232818,0.00346808782885785,0.038,0.0483461499753528,0.00404083368779243,KYCG.EPIC.TFBSconsensus.20211013,GRHL3,2,0.208315997469667
0.583619772977464,0.00348876589630778,-2.45732817166762,Log2(OR),756251,1000,28290,55,0.00188130665298444,0.00337333665890024,0.055,0.0404503229828321,0.00375554796858996,KYCG.EPIC.TFBSconsensus.20211013,ZNF362,2,0.208315997469667
1.02836456186074,0.00372467939281652,-2.42891110383462,Log2(OR),756251,1000,7123,19,0.00234452122408687,0.00360935286645011,0.019,0.0662527010573535,0.0046780746029792,KYCG.EPIC.TFBSconsensus.20211013,TFAP4,4,0.208315997469667
0.733599895925477,0.0177101697960838,-1.75177727499577,Log2(OR),756251,1000,10103,22,0.00198538038083206,0.00273861198139881,0.022,0.0477572026766902,0.00396289291182563,KYCG.EPIC.HMconsensus.20211013,H3K23ac,10,0.208957094096278
0.327802178764776,0.0201320867985447,-1.69611120583064,Log2(OR),756251,1000,61523,100,0.00160197363151403,0.00248205832061822,0.1,0.0231080630110976,0.00319882283319738,KYCG.EPIC.HMconsensus.20211013,H3K4me3B,4,0.208957094096278
0.452579651592783,0.0221617077748397,-1.65439677604597,Log2(OR),756251,1000,28021,50,0.00172586379482931,0.00249419091720764,0.05,0.0311391875081024,0.00344578064160436,KYCG.EPIC.HMconsensus.20211013,H1.0,2,0.208957094096278
0.611716381408866,0.0269419300574945,-1.56957129564737,Log2(OR),756251,1000,12993,26,0.00186153075105606,0.00246958967071167,0.026,0.040309646522771,0.0037161437861788,KYCG.EPIC.HMconsensus.20211013,"H3K9ac, H3K14ac",16,0.208957094096278
1.58606313497589,0.0278609458795037,-1.55500414335801,Log2(OR),756251,1000,1267,5,0.002210433244916,0.00295805664736047,0.005,0.0916770704832341,0.00441111601235113,KYCG.EPIC.HMconsensus.20211013,H2AK119ub,2,0.208957094096278
0.784117519470399,0.00423651744465662,-2.37299100096428,Log2(OR),756251,1000,13355,30,0.00209424083769634,0.00340932014002253,0.03,0.0522869446080836,0.00417972831765935,KYCG.EPIC.TFBSconsensus.20211013,ZNF547,1,0.221146210611076
0.480162004664108,0.00513442888259654,-2.28950785721394,Log2(OR),756251,1000,40432,73,0.00176503300369932,0.00316007734081174,0.073,0.0336866848109119,0.00352384630237498,KYCG.EPIC.TFBSconsensus.20211013,KDM4A,3,0.244240608339648
0.815030830516719,0.00560121242517745,-2.25171795646303,Log2(OR),756251,1000,11314,26,0.00211588541666667,0.00330899636085646,0.026,0.0537723262460867,0.00422283579665422,KYCG.EPIC.TFBSconsensus.20211013,TCF21,2,0.244240608339648
0.337677221603146,0.00561472662849765,-2.25067138394841,Log2(OR),756251,1000,92693,150,0.00160354061768385,0.00304366985860208,0.15,0.0236889974525507,0.00320194678364446,KYCG.EPIC.TFBSconsensus.20211013,ING2,1,0.244240608339648
0.309537780798493,0.00671780356988303,-2.17277269917895,Log2(OR),756251,1000,109245,173,0.00157169852460208,0.00295447343938795,0.173,0.0215102095494222,0.00313846432944805,KYCG.EPIC.TFBSconsensus.20211013,RBL1,1,0.266255239135373
0.997455400573624,0.0070730309609757,-2.15039444086404,Log2(OR),756251,1000,6503,17,0.0022709056906225,0.003310830274422,0.017,0.0636805740182986,0.00453152072504332,KYCG.EPIC.TFBSconsensus.20211013,TCF7L2,8,0.266255239135373
0.351568983233655,0.00746149259735782,-2.1271742875466,Log2(OR),756251,1000,76170,125,0.00162242845090531,0.00293553489507228,0.125,0.0248011824705805,0.00323960088117144,KYCG.EPIC.TFBSconsensus.20211013,MGEA5,1,0.266255239135373
0.692344074614843,0.00779810313116542,-2.10801102549583,Log2(OR),756251,1000,15173,32,0.00198252896350908,0.00309764495337421,0.032,0.0463573205610184,0.00395721263834786,KYCG.EPIC.TFBSconsensus.20211013,SAP30,4,0.266255239135373
0.871536152565598,0.00782103512147327,-2.10673576384634,Log2(OR),756251,1000,8773,21,0.00215340442986054,0.00319407456280334,0.021,0.0565653778336848,0.00429755448685153,KYCG.EPIC.TFBSconsensus.20211013,SCRT1,2,0.266255239135373
0.329227348620489,0.00820521745715413,-2.08590990465469,Log2(OR),756251,1000,86776,140,0.00159751700214524,0.00288337522260539,0.14,0.0231462806728939,0.00318993802406125,KYCG.EPIC.TFBSconsensus.20211013,ZNF600,2,0.267695219539654
1.03823949611174,0.00858885483974223,-2.06606473720887,Log2(OR),756251,1000,5574,15,0.002286933983839,0.00324565559158412,0.015,0.0656215533212832,0.00456343170063888,KYCG.EPIC.TFBSconsensus.20211013,ZNF207,1,0.269002933580727
0.741079890168774,0.00904617512672663,-2.04353500891435,Log2(OR),756251,1000,12361,27,0.00202489875506225,0.00305765460820057,0.027,0.0490131117638943,0.00404161365167278,KYCG.EPIC.TFBSconsensus.20211013,ZNF680,1,0.272429043239498
0.658140555845763,0.00962631567179315,-2.01653990078561,Log2(OR),756251,1000,16020,33,0.00194266203567434,0.00298604514260551,0.033,0.044153825162438,0.00387779083431257,KYCG.EPIC.TFBSconsensus.20211013,SMAD2/3,2,0.272530457400365
0.973433731004396,0.0101036272371804,-1.99552268500042,Log2(OR),756251,1000,6219,16,0.00222129668193808,0.00313333284799404,0.016,0.0618381740296612,0.00443274691785566,KYCG.EPIC.TFBSconsensus.20211013,GATAD2B,2,0.272530457400365
0.428394287972248,0.0103873866654973,-1.98349370167403,Log2(OR),756251,1000,42409,74,0.00170762662974501,0.00283451077627409,0.074,0.0300390634761647,0.00340943122393974,KYCG.EPIC.TFBSconsensus.20211013,TRAF7,4,0.272530457400365
0.425941223369457,0.0107490683316904,-1.96862917630096,Log2(OR),756251,1000,42477,74,0.00170495127064949,0.00281816554980148,0.074,0.0298655216559736,0.00340409871886285,KYCG.EPIC.TFBSconsensus.20211013,TGIF2,2,0.272530457400365
0.369603033630558,0.010789839309593,-1.96698502310919,Log2(OR),756251,1000,59295,99,0.00164462755000332,0.00278765219676117,0.099,0.0260835129056205,0.00328385438261879,KYCG.EPIC.TFBSconsensus.20211013,MBD4,1,0.272530457400365
0.489033616403778,0.0114695148576873,-1.94045495167897,Log2(OR),756251,1000,30127,55,0.00177008238928939,0.00282106721111254,0.055,0.0338478730900198,0.00353390946766473,KYCG.EPIC.TFBSconsensus.20211013,ZNF121,2,0.280644691674036
0.324450774507552,0.0119992918434674,-1.92084438374816,Log2(OR),756251,1000,78101,126,0.0015954415954416,0.00271740137934866,0.126,0.0228621383273628,0.00318580043235863,KYCG.EPIC.TFBSconsensus.20211013,PATZ1,2,0.28471047010409
0.616485939373202,0.0501113798505473,-1.30006363850223,Log2(OR),756251,1000,9441,19,0.00182306658990597,0.00213545599047378,0.019,0.0396532696581389,0.0036394981323628,KYCG.EPIC.HMconsensus.20211013,H3K4me1,341,0.287340986630738
0.596488914572936,0.0509070878666727,-1.29322174601134,Log2(OR),756251,1000,10078,20,0.00180864532465184,0.00211778773664346,0.02,0.0385180483719743,0.00361076006499368,KYCG.EPIC.HMconsensus.20211013,H4K12ac,7,0.287340986630738
0.53762963936384,0.055661630397925,-1.25444407679371,Log2(OR),756251,1000,12076,23,0.00176204703899487,0.00204119760416839,0.023,0.0350836538342501,0.00351789538085041,KYCG.EPIC.HMconsensus.20211013,H2AFZ,11,0.287340986630738
0.559220224517291,0.0574681973261477,-1.24057242568839,Log2(OR),756251,1000,10858,21,0.00177409816676523,0.00203176455860374,0.021,0.0362421490713023,0.00354191263282172,KYCG.EPIC.HMconsensus.20211013,H3K18ac,26,0.287340986630738
0.901914010546183,0.0127791716874975,-1.89349729509838,Log2(OR),756251,1000,6943,17,0.00214483976785264,0.00298317044152492,0.017,0.0575635164453467,0.00428049855218431,KYCG.EPIC.TFBSconsensus.20211013,ZSCAN16,2,0.292080047664777
0.357698280854101,0.0134015927352067,-1.87284358409745,Log2(OR),756251,1000,59130,98,0.00163246268656716,0.00268524211686124,0.098,0.0252310418932455,0.00325960419091967,KYCG.EPIC.TFBSconsensus.20211013,GLIS2,2,0.292080047664777
1.03939328069621,0.0135838991940928,-1.86697554998084,Log2(OR),756251,1000,4822,13,0.00223790669650542,0.00302810270041925,0.013,0.0649318194461401,0.00446581930608038,KYCG.EPIC.TFBSconsensus.20211013,H2AZ,60,0.292080047664777
0.438113652297825,0.0138322124776678,-1.85910834845233,Log2(OR),756251,1000,36349,64,0.00171650797908006,0.00271079586568287,0.064,0.0305350267216529,0.00342713325657983,KYCG.EPIC.TFBSconsensus.20211013,MBOAT4,1,0.292080047664777
1.01841014513991,0.0151030371363501,-1.82093570973161,Log2(OR),756251,1000,4892,13,0.00221126041843851,0.0029644868379636,0.013,0.0636181559161446,0.00441276306856755,KYCG.EPIC.TFBSconsensus.20211013,ZBTB33,14,0.292080047664777
0.547733248559101,0.0152501706464382,-1.81672529661937,Log2(OR),756251,1000,20971,40,0.00182390223884,0.00271907662069984,0.04,0.0372039916953084,0.00364116335169087,KYCG.EPIC.TFBSconsensus.20211013,ZNF438,1,0.292080047664777
0.468799187750219,0.0152710221218043,-1.81613189372266,Log2(OR),756251,1000,29971,54,0.00174661189636769,0.00268005390179928,0.054,0.0324046472421202,0.00348713312453586,KYCG.EPIC.TFBSconsensus.20211013,DAXX,2,0.292080047664777
0.315751404599171,0.0167959399942887,-1.77479568560565,Log2(OR),756251,1000,72783,117,0.0015882496674178,0.00256114846411777,0.117,0.0222601532877402,0.00317146226095442,KYCG.EPIC.TFBSconsensus.20211013,ZNF692,2,0.292080047664777
0.333258380629656,0.0168704561470708,-1.77287317470325,Log2(OR),756251,1000,63816,104,0.00160712078130795,0.00256780103515235,0.104,0.0235055301888114,0.00320908417674648,KYCG.EPIC.TFBSconsensus.20211013,MBTD1,1,0.292080047664777
0.884271991845492,0.0169263195337989,-1.77143746480474,Log2(OR),756251,1000,6611,16,0.00210664911125741,0.00283719305208233,0.016,0.0561592053201607,0.00420444094074366,KYCG.EPIC.TFBSconsensus.20211013,FOXK2,6,0.292080047664777
0.660080747612797,0.0171686127638478,-1.76526479472524,Log2(OR),756251,1000,13061,27,0.00192389910218042,0.00271745789141385,0.027,0.0436339353631292,0.00384040964369533,KYCG.EPIC.TFBSconsensus.20211013,RFX2,1,0.292080047664777
0.878105834775803,0.0175236667789977,-1.75637501373504,Log2(OR),756251,1000,6639,16,0.00209891118982028,0.00281681415855289,0.016,0.0557665444084716,0.00418902997774578,KYCG.EPIC.TFBSconsensus.20211013,ZNF837,1,0.292080047664777
0.76864846464962,0.0182415172380039,-1.73893904206633,Log2(OR),756251,1000,8960,20,0.00201207243460765,0.00274151075886958,0.02,0.0496736633518253,0.00401606425702811,KYCG.EPIC.TFBSconsensus.20211013,ZNF146,2,0.292080047664777
0.977326487627068,0.018526543007505,-1.73220561105507,Log2(OR),756251,1000,5032,13,0.00215982721382289,0.00284037248810647,0.013,0.0610462991519742,0.00431034482758621,KYCG.EPIC.TFBSconsensus.20211013,POLR3D,8,0.292080047664777
0.581306802272438,0.018903028754843,-1.72346860502615,Log2(OR),756251,1000,16875,33,0.00184956843403206,0.00263257101752904,0.033,0.0389748154305258,0.00369230769230769,KYCG.EPIC.TFBSconsensus.20211013,HDAC4,1,0.292080047664777
0.516106486110826,0.0193227287059445,-1.71393154364233,Log2(OR),756251,1000,21964,41,0.00178859660602888,0.00259086144180733,0.041,0.0351013881591369,0.00357080647970737,KYCG.EPIC.TFBSconsensus.20211013,CDK12,1,0.292080047664777
0.738759691770978,0.0193987374707585,-1.71222653436489,Log2(OR),756251,1000,9606,21,0.00198393953708077,0.00269623945460696,0.021,0.0479195062100868,0.00396002262870074,KYCG.EPIC.TFBSconsensus.20211013,HNF1A,2,0.292080047664777
0.335366509416216,0.0197926650883462,-1.70349572397275,Log2(OR),756251,1000,58729,96,0.00160984689685241,0.00249378991893651,0.096,0.0236332803435977,0.00321451891041203,KYCG.EPIC.TFBSconsensus.20211013,FAM208A,2,0.292080047664777
0.492364092409432,0.0203155711055755,-1.69217096440261,Log2(OR),756251,1000,23971,44,0.0017651542504112,0.00255531496679633,0.044,0.0336305345004644,0.00352408794201273,KYCG.EPIC.TFBSconsensus.20211013,INSM2,2,0.292080047664777
0.58114080526422,0.0204928710151716,-1.68839719344358,Log2(OR),756251,1000,16360,32,0.00184672206832872,0.0025929650249022,0.032,0.0388777911308649,0.00368663594470046,KYCG.EPIC.TFBSconsensus.20211013,ZNF71,2,0.292080047664777
0.795243016745384,0.0205327245918218,-1.6875534180584,Log2(OR),756251,1000,7912,18,0.00202383629413088,0.00269572966562894,0.018,0.0509695293399428,0.0040394973070018,KYCG.EPIC.TFBSconsensus.20211013,ZNF280D,2,0.292080047664777
0.606477140901078,0.0214875841181467,-1.66781241015478,Log2(OR),756251,1000,14559,29,0.00186735350933677,0.00258153809186841,0.029,0.040290221346823,0.0037277459991002,KYCG.EPIC.TFBSconsensus.20211013,APOBEC3B,1,0.292080047664777
0.839286691461872,0.0217334730916798,-1.66287086622316,Log2(OR),756251,1000,6818,16,0.00205075621635478,0.00268880404731113,0.016,0.0532947902964847,0.00409311844461499,KYCG.EPIC.TFBSconsensus.20211013,TOP1,3,0.292080047664777
0.270733166313408,0.022666288890989,-1.64461958027487,Log2(OR),756251,1000,92569,144,0.00154134332352154,0.00239749741775536,0.144,0.018966969340634,0.00307794248094989,KYCG.EPIC.TFBSconsensus.20211013,MYBL2,1,0.292080047664777
0.351701176978329,0.0226703357695009,-1.64454204750641,Log2(OR),756251,1000,49491,82,0.00162669364597592,0.00243620848711387,0.082,0.0247054826989415,0.00324810362242776,KYCG.EPIC.TFBSconsensus.20211013,CHAMP1,2,0.292080047664777
0.243905807985072,0.0247137610147451,-1.60706115732326,Log2(OR),756251,1000,115584,176,0.00151192357913545,0.00234222498035615,0.176,0.0168671412477417,0.00301928223426885,KYCG.EPIC.TFBSconsensus.20211013,RAG2,1,0.292080047664777
0.270452984006043,0.0248535970697344,-1.60461074679048,Log2(OR),756251,1000,88634,138,0.00154196835612765,0.0023527814888166,0.138,0.0189753258201595,0.00307918870071625,KYCG.EPIC.TFBSconsensus.20211013,IKZF2,2,0.292080047664777
0.376662036523636,0.0252449166342888,-1.59782605912687,Log2(OR),756251,1000,40252,68,0.00165112665112665,0.00239484189787968,0.068,0.0262934456888155,0.00329680985164356,KYCG.EPIC.TFBSconsensus.20211013,BRPF3,3,0.292080047664777
0.811303398016905,0.0252988136173475,-1.59689984449692,Log2(OR),756251,1000,6950,16,0.00201663725737333,0.0025968230979713,0.016,0.0515132680408137,0.0040251572327044,KYCG.EPIC.TFBSconsensus.20211013,FXR1,1,0.292080047664777
0.80941471173799,0.0255569496536915,-1.59249098258031,Log2(OR),756251,1000,6959,16,0.00201435225985144,0.00259062370340933,0.016,0.0513930356359142,0.00402060560371906,KYCG.EPIC.TFBSconsensus.20211013,POLR3A,1,0.292080047664777
0.838383848868365,0.0256981586724575,-1.59009799367414,Log2(OR),756251,1000,6393,15,0.00203307129303334,0.00260186518943018,0.015,0.0529608846837089,0.00405789260110916,KYCG.EPIC.TFBSconsensus.20211013,ATF2,6,0.292080047664777
0.949883871950117,0.0259993059190214,-1.58503824585851,Log2(OR),756251,1000,4731,12,0.00209826892813429,0.00265093217531038,0.012,0.0589426316947161,0.00418775082882569,KYCG.EPIC.TFBSconsensus.20211013,CEBPB,44,0.292080047664777
0.34945652164256,0.0260922268614585,-1.58348885411662,Log2(OR),756251,1000,47104,78,0.00162412026818806,0.00236594441642882,0.078,0.0245079712611687,0.00324297355729253,KYCG.EPIC.TFBSconsensus.20211013,ZFP2,2,0.292080047664777
0.832691773484814,0.0264636553622539,-1.5773501679334,Log2(OR),756251,1000,6418,15,0.00202620559232744,0.00258372271170059,0.015,0.0526004420681812,0.00404421677001887,KYCG.EPIC.TFBSconsensus.20211013,TSHZ1,2,0.292080047664777
0.386193786094619,0.0267579566471831,-1.57254705423514,Log2(OR),756251,1000,37016,63,0.00165994783021105,0.002370107801901,0.063,0.0268713607794613,0.00331439393939394,KYCG.EPIC.TFBSconsensus.20211013,CBX5,2,0.292080047664777
0.687960350978098,0.0268311989675764,-1.57135992019544,Log2(OR),756251,1000,9945,21,0.00192237275723178,0.00250730521590863,0.021,0.0446138151183995,0.00383736866148927,KYCG.EPIC.TFBSconsensus.20211013,AFF1,5,0.292080047664777
0.668197254388916,0.0272494228120363,-1.56464269236724,Log2(OR),756251,1000,10564,22,0.00190608213481199,0.00249001791813204,0.022,0.0434853772156638,0.00380491179522657,KYCG.EPIC.TFBSconsensus.20211013,H2AFX,1,0.292080047664777
0.306079621462305,0.0276541452334997,-1.55823976066657,Log2(OR),756251,1000,62378,100,0.0015803280761086,0.00231696483757693,0.1,0.0215627013809769,0.0031556691596453,KYCG.EPIC.TFBSconsensus.20211013,PSIP1,1,0.292080047664777
0.742811691681574,0.0278359954465608,-1.55539324321933,Log2(OR),756251,1000,8201,18,0.00196014374387455,0.00251405476126999,0.018,0.0475995947988757,0.0039126181936746,KYCG.EPIC.TFBSconsensus.20211013,ZEB1,5,0.292080047664777
0.412528526165346,0.0281667496839753,-1.55026326574964,Log2(OR),756251,1000,31112,54,0.00168444693992139,0.00235610205648678,0.054,0.0284910844872328,0.00336322869955157,KYCG.EPIC.TFBSconsensus.20211013,SSU72,1,0.292080047664777
0.235132050550283,0.0287979255504806,-1.54063879538061,Log2(OR),756251,1000,116858,177,0.0015040660769368,0.00226281952137329,0.177,0.0162450485517816,0.00300361451916713,KYCG.EPIC.TFBSconsensus.20211013,ZNF335,2,0.292080047664777
0.345610189989511,0.0289447160430536,-1.53843070664442,Log2(OR),756251,1000,45991,76,0.00161995097516786,0.00231209299852833,0.076,0.0242146764199782,0.00323466195654487,KYCG.EPIC.TFBSconsensus.20211013,CTBP2,1,0.292080047664777
0.924872475966468,0.0290811431082693,-1.53638852642867,Log2(OR),756251,1000,4813,12,0.00206860886054129,0.00257878126351509,0.012,0.057387691097845,0.0041286771030449,KYCG.EPIC.TFBSconsensus.20211013,CEBPA,8,0.292080047664777
0.353794456056187,0.0293376863640434,-1.53257413858232,Log2(OR),756251,1000,43301,72,0.00162789120260463,0.00230895019912041,0.072,0.0247431686741424,0.00325049095957202,KYCG.EPIC.TFBSconsensus.20211013,HIC1,2,0.292080047664777
0.495709099058646,0.0296104380989613,-1.52855516699253,Log2(OR),756251,1000,20071,37,0.00175905676523724,0.00236793661775485,0.037,0.0334763652130867,0.00351193583598311,KYCG.EPIC.TFBSconsensus.20211013,CCND2,1,0.292080047664777
0.341327587785138,0.0297026201382663,-1.52720523885112,Log2(OR),756251,1000,46736,77,0.00161564447428607,0.00229704294565492,0.077,0.0239230849882044,0.00322607675548852,KYCG.EPIC.TFBSconsensus.20211013,UHRF2,1,0.292080047664777
0.515485771533175,0.030291859972012,-1.51867405942444,Log2(OR),756251,1000,18183,34,0.00177554963705677,0.00236505631728567,0.034,0.0346153360075114,0.00354480529635615,KYCG.EPIC.TFBSconsensus.20211013,PHF2,2,0.292080047664777
0.750806486192641,0.0303994154088385,-1.51713476794246,Log2(OR),756251,1000,7700,17,0.00195784866981458,0.00247134674155431,0.017,0.0478945273418265,0.00390804597701149,KYCG.EPIC.TFBSconsensus.20211013,GMEB1,1,0.292080047664777
0.749668681344551,0.03058820422543,-1.51444601885969,Log2(OR),756251,1000,7706,17,0.00195649671999079,0.00246751971104787,0.017,0.0478217511565604,0.00390535263036986,KYCG.EPIC.TFBSconsensus.20211013,ZBTB11,7,0.292080047664777
0.250688690993284,0.0314731293472584,-1.50206007339822,Log2(OR),756251,1000,94368,145,0.00152274135450469,0.00222593896376237,0.145,0.0175421002039864,0.0030408522774935,KYCG.EPIC.TFBSconsensus.20211013,EGR3,1,0.295911265357339
0.656622398010142,0.0325584525272907,-1.48733624490168,Log2(OR),756251,1000,10160,21,0.00188526797737678,0.00239113507721945,0.021,0.0425751825685414,0.00376344086021505,KYCG.EPIC.TFBSconsensus.20211013,ZKSCAN1,3,0.295911265357339
0.477622124088415,0.0325767983526048,-1.48709160038729,Log2(OR),756251,1000,20872,38,0.00174040487313364,0.00231017635345687,0.038,0.0323073489004959,0.003474762253109,KYCG.EPIC.TFBSconsensus.20211013,ZNF554,1,0.295911265357339
0.790138610654735,0.0328451529666661,-1.48352871119235,Log2(OR),756251,1000,6608,15,0.00197550375345713,0.0024483991884231,0.015,0.0499061049542835,0.00394321766561514,KYCG.EPIC.TFBSconsensus.20211013,FOS,12,0.295911265357339
0.270996625660119,0.0328790294841488,-1.48308101035034,Log2(OR),756251,1000,76152,119,0.0015447924915296,0.00221320863110014,0.119,0.0190716118806771,0.00308481957693903,KYCG.EPIC.TFBSconsensus.20211013,ZXDB,2,0.295911265357339
0.848868412729346,0.0340989123075801,-1.46725947397964,Log2(OR),756251,1000,5496,13,0.00200524448557766,0.0024558244342367,0.013,0.0530067772841356,0.00400246305418719,KYCG.EPIC.TFBSconsensus.20211013,MEF2B,4,0.301684944813518
0.399399344135916,0.0348396923435667,-1.45792568874133,Log2(OR),756251,1000,30207,52,0.00166907398491414,0.00224037718817958,0.052,0.0275212575452497,0.00333258563783766,KYCG.EPIC.TFBSconsensus.20211013,ZNF202,1,0.301684944813518
0.290710273961351,0.0349665965564406,-1.45634663731299,Log2(OR),756251,1000,62348,99,0.00156524213821562,0.00219042041064292,0.099,0.0204681947066474,0.00312559196817579,KYCG.EPIC.TFBSconsensus.20211013,TAF3,1,0.301684944813518
0.521973505522222,0.0350925688349871,-1.45478483953535,Log2(OR),756251,1000,16491,31,0.00177548682703322,0.00229057215758866,0.031,0.0348233572933614,0.00354468012120519,KYCG.EPIC.TFBSconsensus.20211013,ZEB2,6,0.301684944813518
0.488222764252848,0.0354470177814095,-1.45042029688594,Log2(OR),756251,1000,19071,35,0.00174685565981234,0.00227029632293327,0.035,0.0328428479044165,0.00348761895271785,KYCG.EPIC.TFBSconsensus.20211013,KDM3B,1,0.301684944813518
0.388157334965934,0.0361437361521895,-1.44196695674427,Log2(OR),756251,1000,31619,54,0.00165822201750345,0.00221607436460967,0.054,0.0267979490407286,0.0033109537386186,KYCG.EPIC.TFBSconsensus.20211013,ZXDC,1,0.304306939861983
0.67306374171645,0.0366619248958651,-1.43578473659949,Log2(OR),756251,1000,9083,19,0.0018879173290938,0.00233474114130561,0.019,0.0433030529859499,0.00376871962709511,KYCG.EPIC.TFBSconsensus.20211013,MLLT3,1,0.30483294294501
0.273973465134908,0.0369848398209143,-1.43197625786092,Log2(OR),756251,1000,69501,109,0.0015484714172065,0.00215362491873638,0.109,0.0192910145754894,0.00309215472120963,KYCG.EPIC.TFBSconsensus.20211013,ZNF501,2,0.30483294294501
0.249390539510929,0.0374720137562801,-1.42629296717468,Log2(OR),756251,1000,86458,133,0.00152304609218437,0.00213560135315924,0.133,0.0175008435408051,0.00304145990075236,KYCG.EPIC.TFBSconsensus.20211013,SP7,2,0.305631112199659
0.539657552116974,0.0380493324993379,-1.41965295766862,Log2(OR),756251,1000,14704,28,0.00178616994131156,0.00225496879511727,0.028,0.035741445511275,0.00356597045338767,KYCG.EPIC.TFBSconsensus.20211013,DUX4,1,0.307140488113212
0.860677711426447,0.0384965138172202,-1.41457859772517,Log2(OR),756251,1000,5030,12,0.00199401794616152,0.00239445294782966,0.012,0.0533972370153106,0.00398009950248756,KYCG.EPIC.TFBSconsensus.20211013,TRIM28,12,0.307579288968198
0.526154956630429,0.0389979294585325,-1.40895845063004,Log2(OR),756251,1000,15374,29,0.00177424288773325,0.00223568963472535,0.029,0.0349338138799427,0.00354220105044583,KYCG.EPIC.TFBSconsensus.20211013,ARID3A,2,0.308438169353848
0.364680577510211,0.0412730049084646,-1.38433391087404,Log2(OR),756251,1000,33922,57,0.00163487738419619,0.00213497349252465,0.057,0.0252400291716333,0.00326441784548422,KYCG.EPIC.TFBSconsensus.20211013,ZNF580,2,0.323167628433278
0.83798990424903,0.0424032875746961,-1.37260047076105,Log2(OR),756251,1000,5109,12,0.00196818107265868,0.0023295894722726,0.012,0.0519871027973737,0.00392862989032575,KYCG.EPIC.TFBSconsensus.20211013,EPO,1,0.328215292510181
0.305362823901447,0.0427560151162688,-1.36900277805774,Log2(OR),756251,1000,49732,80,0.00157940456447919,0.00209031979684847,0.08,0.0214107401003236,0.00315382795868485,KYCG.EPIC.TFBSconsensus.20211013,MYF5,1,0.328215292510181
0.287517163160934,0.0441413913869033,-1.35515398150217,Log2(OR),756251,1000,56061,89,0.00156217089096398,0.00206532558715512,0.089,0.0202060453805537,0.00311946863882512,KYCG.EPIC.TFBSconsensus.20211013,SOX4,3,0.335560285980051
0.720092253835295,0.046250299925217,-1.33488544659102,Log2(OR),756251,1000,6933,15,0.00189441778226825,0.00222676600495192,0.015,0.0454721156603581,0.00378167149880247,KYCG.EPIC.TFBSconsensus.20211013,OTX2,15,0.345077251067261
0.649406646870481,0.0464989513166501,-1.33255684157301,Log2(OR),756251,1000,8742,18,0.0018510900863842,0.00219238026560463,0.018,0.041598809765881,0.00369533976596182,KYCG.EPIC.TFBSconsensus.20211013,SMAD4,3,0.345077251067261
0.280816522571109,0.0470823720196381,-1.32714166543163,Log2(OR),756251,1000,56945,90,0.00155561317085818,0.00202723256265449,0.09,0.0197361153870379,0.00310639399430494,KYCG.EPIC.TFBSconsensus.20211013,SATB1,1,0.345077251067261
0.350737282410204,0.0474321020995077,-1.32392762782574,Log2(OR),756251,1000,34236,57,0.00162028482901731,0.00205295002523228,0.057,0.0242694323633499,0.00323532750595981,KYCG.EPIC.TFBSconsensus.20211013,ORC2,1,0.345077251067261
0.66459572035819,0.0478855296371006,-1.31979570471055,Log2(OR),756251,1000,8168,17,0.00185772046770845,0.00218239785056327,0.017,0.0423816600030609,0.00370855148342059,KYCG.EPIC.TFBSconsensus.20211013,ZNF131,1,0.345077251067261
0.228282807276492,0.0482221738965493,-1.3167532151532,Log2(OR),756251,1000,91616,139,0.00150307644062848,0.00199114907360523,0.139,0.0159836754724132,0.0030016411851084,KYCG.EPIC.TFBSconsensus.20211013,INTS12,1,0.345077251067261
0.847401724983208,0.0484782855905475,-1.31445274716954,Log2(OR),756251,1000,4651,11,0.00195035460992908,0.00225729759206202,0.011,0.0522013731977666,0.00389311626260839,KYCG.EPIC.TFBSconsensus.20211013,GTF2A2,1,0.345077251067261
0.765667667568223,0.0494072861334486,-1.30620900058614,Log2(OR),756251,1000,5819,13,0.00191007934175727,0.0022093467750055,0.013,0.0478015145282711,0.00381287578823874,KYCG.EPIC.TFBSconsensus.20211013,HSF1,7,0.348482960266486
0.65585425185786,0.0500588240752937,-1.30051935655779,Log2(OR),756251,1000,8217,17,0.00184782608695652,0.00215321006303624,0.017,0.0418228311290849,0.00368883584680482,KYCG.EPIC.TFBSconsensus.20211013,BCL6,8,0.348482960266486
0.357140022239025,0.050548314562547,-1.29629332055544,Log2(OR),756251,1000,31671,53,0.0016248697038445,0.00202018865886515,0.053,0.0246197523551943,0.00324446757062839,KYCG.EPIC.TFBSconsensus.20211013,ZNF346,2,0.348482960266486
0.795026555333067,0.050736982720791,-1.29467536341846,Log2(OR),756251,1000,5262,12,0.00192,0.00220714216621481,0.012,0.049317036774452,0.00383264132864899,KYCG.EPIC.TFBSconsensus.20211013,GATA4,6,0.348482960266486
0.213360732430967,0.051654282917623,-1.28689366310128,Log2(OR),756251,1000,103324,155,0.0014879666695466,0.00194660129499926,0.155,0.0148566928702401,0.00297151182853418,KYCG.EPIC.TFBSconsensus.20211013,L3MBTL2,2,0.349949414330378
0.789778249711847,0.0518443576785745,-1.28529850180913,Log2(OR),756251,1000,5281,12,0.00191418089009411,0.00219221763947054,0.012,0.0489908926503484,0.00382104760388473,KYCG.EPIC.TFBSconsensus.20211013,ATF4,3,0.349949414330378
0.71947212318774,0.0527897904470139,-1.27745006195976,Log2(OR),756251,1000,6471,14,0.00187743060211881,0.00215045974119386,0.014,0.0451813807140573,0.00374782492303574,KYCG.EPIC.TFBSconsensus.20211013,ZNF792,2,0.34996518121481
0.242329042537137,0.0532888264886216,-1.27336384356332,Log2(OR),756251,1000,74206,114,0.00151813775102541,0.00194199840330981,0.114,0.0170423502082064,0.00303167300481345,KYCG.EPIC.TFBSconsensus.20211013,SP3,2,0.34996518121481
0.224702399431557,0.053715696720074,-1.26989878687422,Log2(OR),756251,1000,88448,134,0.00150032469713595,0.00192986415605708,0.134,0.015748841802268,0.00299615419014399,KYCG.EPIC.TFBSconsensus.20211013,EGLN2,1,0.34996518121481
0.241336192298209,0.0540106607631408,-1.26752050955401,Log2(OR),756251,1000,74252,114,0.00151720833666054,0.00193402406360853,0.114,0.0169719287505674,0.00302981980545368,KYCG.EPIC.TFBSconsensus.20211013,HOXA4,1,0.34996518121481
0.570064906583564,0.0540814647854304,-1.26695155412976,Log2(OR),756251,1000,10778,21,0.00178616994131156,0.00207165736351994,0.021,0.0369470093043374,0.00356597045338767,KYCG.EPIC.TFBSconsensus.20211013,CCDC101,1,0.34996518121481
0.438004537758535,0.0549494994607052,-1.26003625924493,Log2(OR),756251,1000,19159,34,0.00168944099378882,0.00200670085121193,0.034,0.0293918895672687,0.00337318319361079,KYCG.EPIC.TFBSconsensus.20211013,NFIA,1,0.352667689161739
0.357516022210104,0.05550705449367,-1.25565181808493,Log2(OR),756251,1000,29851,50,0.00162332391805461,0.00196736351202782,0.05,0.024565682016332,0.00324138601666072,KYCG.EPIC.TFBSconsensus.20211013,ZNF610,2,0.353349785923119
0.558815085317141,0.057598034788492,-1.23959233419959,Log2(OR),756251,1000,10861,21,0.00177364864864865,0.00203027477656695,0.021,0.0362158179442962,0.00354101677767473,KYCG.EPIC.TFBSconsensus.20211013,MYB,11,0.362776480304066
0.371715348352614,0.0582020691966822,-1.23506157506271,Log2(OR),756251,1000,26583,45,0.00163410559953519,0.00194601672640772,0.045,0.0253876857830144,0.00326287930971976,KYCG.EPIC.TFBSconsensus.20211013,DDX20,2,0.362776480304066
0.50553194003729,0.0586044098298813,-1.23206970321866,Log2(OR),756251,1000,13424,25,0.00173623168275575,0.00199770036970221,0.025,0.0331919489548309,0.00346644481419856,KYCG.EPIC.TFBSconsensus.20211013,ZBTB7B,1,0.362776480304066
0.221380429742933,0.059472330851498,-1.22568504021088,Log2(OR),756251,1000,85259,129,0.0014977359804946,0.00187084632489286,0.129,0.0155292605059087,0.00299099224428755,KYCG.EPIC.TFBSconsensus.20211013,PRDM10,2,0.362776480304066
0.408518245540286,0.0594997204770886,-1.22548507453268,Log2(OR),756251,1000,21284,37,0.00166314559266418,0.00194846545642054,0.037,0.0275641854778381,0.00332076826422545,KYCG.EPIC.TFBSconsensus.20211013,MIER1,2,0.362776480304066
0.491062215390698,0.0600504839317496,-1.22148348837695,Log2(OR),756251,1000,14103,26,0.00172448099754593,0.00197738437210307,0.026,0.0323337237750796,0.00344302456465603,KYCG.EPIC.TFBSconsensus.20211013,CBX3,3,0.362776480304066
0.367214429567294,0.0604352267443353,-1.21870984414204,Log2(OR),756251,1000,26663,45,0.00162937214859874,0.00192233026356389,0.045,0.0250788381256839,0.00325344322741568,KYCG.EPIC.TFBSconsensus.20211013,ZNF701,1,0.362776480304066
0.295615259296743,0.0606944047507441,-1.21685134348619,Log2(OR),756251,1000,43076,69,0.00156793237439498,0.00189031322016767,0.069,0.0206147177055338,0.00313095562210727,KYCG.EPIC.TFBSconsensus.20211013,SMARCE1,2,0.362776480304066
0.656857699821407,0.0620777097193388,-1.20706431421445,Log2(OR),756251,1000,7240,15,0.00182370820668693,0.00202779219759449,0.015,0.0414706128268447,0.00364077669902913,KYCG.EPIC.TFBSconsensus.20211013,VDR,8,0.36483856017603
0.419236532271704,0.0629263887776378,-1.20116719084819,Log2(OR),756251,1000,19403,34,0.00166920320094261,0.00192011939359153,0.034,0.0281276131058643,0.00333284320933196,KYCG.EPIC.TFBSconsensus.20211013,NCOA1,2,0.36483856017603
0.455573168202843,0.0631328520753675,-1.19974459064072,Log2(OR),756251,1000,16127,29,0.00169610480757983,0.00193318576614779,0.029,0.030231492964369,0.00338646581421148,KYCG.EPIC.TFBSconsensus.20211013,RELB,2,0.36483856017603
0.541230904486894,0.0634703668903233,-1.19742899124044,Log2(OR),756251,1000,10992,21,0.00175423941191212,0.00196565131262979,0.021,0.0350730621083935,0.00350233488992662,KYCG.EPIC.TFBSconsensus.20211013,GPS2,1,0.36483856017603
0.297656957492308,0.0635315665033082,-1.19701043609626,Log2(OR),756251,1000,41125,66,0.00156922418507335,0.00186457005793113,0.066,0.0207197482536479,0.00313353115727003,KYCG.EPIC.TFBSconsensus.20211013,ZBED1,1,0.36483856017603
0.514097146925977,0.063835099290059,-1.19494046177294,Log2(OR),756251,1000,12271,23,0.00173611111111111,0.00195091725068227,0.023,0.0335434840194202,0.00346620450606586,KYCG.EPIC.TFBSconsensus.20211013,ZNF239,1,0.36483856017603
0.625155664223815,0.0645805119770709,-1.18989851633441,Log2(OR),756251,1000,7895,16,0.00180200473026242,0.00199063579181525,0.016,0.0396688386567323,0.00359752670039348,KYCG.EPIC.TFBSconsensus.20211013,SREBF1,3,0.364891557759311
0.672893761194852,0.0648224502361822,-1.18827455701344,Log2(OR),756251,1000,6681,14,0.00182600756488848,0.00200870840344673,0.014,0.0422505913262867,0.00364535867725557,KYCG.EPIC.TFBSconsensus.20211013,HIRA,3,0.364891557759311
0.361287218550141,0.0656880477142559,-1.18251364541684,Log2(OR),756251,1000,26168,44,0.00162217961952514,0.00187099215333597,0.044,0.024638217787436,0.00323910482921084,KYCG.EPIC.TFBSconsensus.20211013,ARID5B,1,0.364891557759311
0.521490532019424,0.0657084414355847,-1.18237883388927,Log2(OR),756251,1000,11675,22,0.00173871809057141,0.00193675118013597,0.022,0.0339117071076045,0.00347140039447732,KYCG.EPIC.TFBSconsensus.20211013,DEAF1,1,0.364891557759311
0.641215612785822,0.0666194513437459,-1.176398948339,Log2(OR),756251,1000,7318,15,0.00180657593640853,0.00197872335190135,0.015,0.0404809764579437,0.00360663621062756,KYCG.EPIC.TFBSconsensus.20211013,SETDB1,4,0.367345284522205
0.572636327504457,0.0688798936687756,-1.16190753198268,Log2(OR),756251,1000,9213,18,0.00176557135850907,0.00192969006942114,0.018,0.0366694717759619,0.00352491922060119,KYCG.EPIC.TFBSconsensus.20211013,JUNB,3,0.371444345411801
0.236451621372693,0.0692514884234419,-1.15957088786437,Log2(OR),756251,1000,65192,100,0.00151304242570962,0.00178859906541394,0.1,0.0166221215672091,0.00302151317379744,KYCG.EPIC.TFBSconsensus.20211013,HMGN3,1,0.371444345411801
0.269034371894111,0.0696975343890436,-1.15678258517563,Log2(OR),756251,1000,48334,76,0.00154289658532624,0.00179818398548586,0.076,0.0188168070044175,0.0030810394454129,KYCG.EPIC.TFBSconsensus.20211013,TBL1X,1,0.371444345411801
0.608229866802256,0.0698655680404782,-1.15573680557366,Log2(OR),756251,1000,7987,16,0.00178352469066994,0.0019359559737292,0.016,0.0385924667244713,0.00356069878713698,KYCG.EPIC.TFBSconsensus.20211013,MITF,4,0.371444345411801
0.324569002147424,0.0699386454543703,-1.15528278319905,Log2(OR),756251,1000,31745,52,0.00159055455296241,0.00181872849651291,0.052,0.0223400219247814,0.00317605741334555,KYCG.EPIC.TFBSconsensus.20211013,ZNF518A,2,0.371444345411801
0.750278470291639,0.0702935204876964,-1.15308470550834,Log2(OR),756251,1000,4972,11,0.00184532796510653,0.00199256666427254,0.011,0.0462094064843601,0.00368385800401875,KYCG.EPIC.TFBSconsensus.20211013,RELA,51,0.371444345411801
0.53470219080724,0.0709626191309771,-1.14897036367888,Log2(OR),756251,1000,10512,20,0.00174034110685694,0.00189584828006452,0.02,0.0345179491218635,0.00347463516330785,KYCG.EPIC.TFBSconsensus.20211013,PRDM2,2,0.371444345411801
0.369081985530553,0.0711579205769734,-1.14777675163844,Log2(OR),756251,1000,23644,40,0.00162575191025849,0.0018264153025558,0.04,0.0250210104275268,0.00324622626197046,KYCG.EPIC.TFBSconsensus.20211013,ZNF589,2,0.371444345411801
0.597295115300697,0.0734637224744564,-1.13392706933192,Log2(OR),756251,1000,8047,16,0.00177167534049385,0.00190066531854686,0.016,0.037897144246333,0.00353708411628164,KYCG.EPIC.TFBSconsensus.20211013,NFKB2,2,0.379698969262889
0.641573577585105,0.0741225263508086,-1.13004978685021,Log2(OR),756251,1000,6826,14,0.0017921146953405,0.00191368211399084,0.014,0.0402802294751568,0.0035778175313059,KYCG.EPIC.TFBSconsensus.20211013,GTF2B,6,0.379698969262889
0.641146209951396,0.0742565757273335,-1.1292650817327,Log2(OR),756251,1000,6828,14,0.00179165600204761,0.00191238701820465,0.014,0.0402533456969265,0.00357690342360756,KYCG.EPIC.TFBSconsensus.20211013,SOX13,2,0.379698969262889
0.399647354447576,0.0754017759964971,-1.12261842473507,Log2(OR),756251,1000,19078,33,0.00164629583437266,0.00180365597077416,0.033,0.0267529794305987,0.00328717999800777,KYCG.EPIC.TFBSconsensus.20211013,TRRAP,1,0.379698969262889
0.537388884104917,0.0756045634422574,-1.12145198997528,Log2(OR),756251,1000,9965,19,0.00173579389731409,0.00185817912426848,0.019,0.0345533234933775,0.0034655722754218,KYCG.EPIC.TFBSconsensus.20211013,MRE11A,2,0.379698969262889
0.17004526093495,0.0756488367880085,-1.12119774550508,Log2(OR),756251,1000,136103,198,0.0014462583543333,0.00170772661035091,0.198,0.0115755011665752,0.002888339423645,KYCG.EPIC.TFBSconsensus.20211013,RUNX3,1,0.379698969262889
0.634537858738538,0.0763545737547144,-1.11716494293055,Log2(OR),756251,1000,6859,14,0.00178457616316125,0.00189236625898153,0.014,0.0398376511063188,0.00356279424863214,KYCG.EPIC.TFBSconsensus.20211013,ZFP57,1,0.380800199044212
0.235118822919019,0.0773374170760806,-1.11161033663763,Log2(OR),756251,1000,60615,93,0.00151165436754332,0.0017217738349942,0.093,0.0165129869288736,0.00301874543536477,KYCG.EPIC.TFBSconsensus.20211013,ZFP37,2,0.383260744117539
0.405386303173965,0.0908394524822362,-1.04172549207296,Log2(OR),756251,1000,16105,28,0.00163963225390877,0.00168976239382038,0.028,0.0268223065335869,0.00327389652148495,KYCG.EPIC.HMconsensus.20211013,H2AK119,5,0.383990299301682
0.49379285796079,0.0936081129690773,-1.02868650954169,Log2(OR),756251,1000,10266,19,0.00168933937939006,0.00170594778168095,0.019,0.0317437141195414,0.00337298064974259,KYCG.EPIC.HMconsensus.20211013,H2A,18,0.383990299301682
0.310972140260782,0.0971311231179855,-1.01264158952917,Log2(OR),756251,1000,27062,44,0.00157041901634663,0.0016093806508064,0.044,0.0211934423755351,0.00313591333475875,KYCG.EPIC.HMconsensus.20211013,H3K18cr,2,0.383990299301682
0.427913446599338,0.102397413147115,-0.989711014748119,Log2(OR),756251,1000,13012,23,0.00164414897419401,0.00162131704317474,0.023,0.0279060150544013,0.00328290037111048,KYCG.EPIC.HMconsensus.20211013,H4ac,13,0.383990299301682
0.381208844634211,0.0787592212387852,-1.10369858676158,Log2(OR),756251,1000,20497,35,0.00163078930202218,0.00176948564030497,0.035,0.025617994397769,0.00325626831650928,KYCG.EPIC.TFBSconsensus.20211013,ZNF341,3,0.38516549553939
0.683956415214587,0.0788848559807658,-1.10300636301691,Log2(OR),756251,1000,5679,12,0.00179991000449978,0.00189274212451509,0.012,0.0424160824232183,0.00359335229824824,KYCG.EPIC.TFBSconsensus.20211013,JUN,18,0.38516549553939
0.486446154752947,0.0796144709914663,-1.09900798627558,Log2(OR),756251,1000,11957,22,0.00170081175106301,0.0018053660147542,0.022,0.0316267017928478,0.00339584780427568,KYCG.EPIC.TFBSconsensus.20211013,RBCK1,1,0.38516549553939
0.680369769177727,0.0799727309239627,-1.09705807335929,Log2(OR),756251,1000,5693,12,0.0017961383026493,0.0018826377755348,0.012,0.0421932845206541,0.00358583594800538,KYCG.EPIC.TFBSconsensus.20211013,SUMO2,25,0.38516549553939
0.245995580126896,0.0804699291539235,-1.09436638102763,Log2(OR),756251,1000,52984,82,0.00152127935883641,0.00170192885580726,0.082,0.017235213417955,0.00303793716656787,KYCG.EPIC.TFBSconsensus.20211013,KLF17,2,0.38516549553939
0.647371062234267,0.0808543016580547,-1.09229686955277,Log2(OR),756251,1000,6311,13,0.00178130994793094,0.00186194611026143,0.013,0.0404034295043616,0.00355628504992477,KYCG.EPIC.TFBSconsensus.20211013,KDM2B,11,0.38516549553939
0.208688798391989,0.0815850773518247,-1.08838927036896,Log2(OR),756251,1000,76454,115,0.00148696000724085,0.00167829506961135,0.115,0.0146579511120977,0.0029695044800785,KYCG.EPIC.TFBSconsensus.20211013,NFATC3,1,0.38516549553939
0.234352129988947,0.0824130508026763,-1.08400400865745,Log2(OR),756251,1000,58001,89,0.0015107278652906,0.00168253199713895,0.089,0.0164459019879957,0.00301689801867765,KYCG.EPIC.TFBSconsensus.20211013,KDM4C,1,0.38516549553939
0.263081387339963,0.0825707997243281,-1.08317350910421,Log2(OR),756251,1000,44645,70,0.00153592978606692,0.00169292328110293,0.07,0.0183438524105,0.00306714864716836,KYCG.EPIC.TFBSconsensus.20211013,ZMIZ1,1,0.38516549553939
0.276949899721417,0.082728603720223,-1.08234430556166,Log2(OR),756251,1000,39770,63,0.00154764536811851,0.00169730272018467,0.063,0.0192313464773928,0.00309050772626932,KYCG.EPIC.TFBSconsensus.20211013,FOXK1,1,0.38516549553939
0.352848512201721,0.0831327825621416,-1.08022768285479,Log2(OR),756251,1000,23300,39,0.00160751823914925,0.00172462755449729,0.039,0.0238769044648119,0.00320987654320988,KYCG.EPIC.TFBSconsensus.20211013,CHD2,5,0.38516549553939
0.522645676767577,0.110511889811898,-0.956590994359759,Log2(OR),756251,1000,7937,15,0.00168123739071957,0.0016085197472484,0.015,0.0329821109676278,0.00335683115139309,KYCG.EPIC.HMconsensus.20211013,H3K9me3,51,0.390041964041992
0.508855591601242,0.0870411944167186,-1.06027515802927,Log2(OR),756251,1000,10161,19,0.00170525937892658,0.00175850011068884,0.019,0.0327143431685475,0.00340471283935131,KYCG.EPIC.TFBSconsensus.20211013,RARA,3,0.399624035361716
0.657268214279507,0.0872742146192254,-1.05911405071283,Log2(OR),756251,1000,5784,12,0.00177200236266982,0.00181762324979044,0.012,0.0407583178768118,0.0035377358490566,KYCG.EPIC.TFBSconsensus.20211013,PMEL,2,0.399624035361716
0.406670487126405,0.0901465518766327,-1.04505088047337,Log2(OR),756251,1000,16091,28,0.00164097755377132,0.00169514930643128,0.028,0.0269075358333726,0.00327657831607279,KYCG.EPIC.TFBSconsensus.20211013,PTPN11,1,0.406118735597451
0.593016584302386,0.0906575722813007,-1.04259591509149,Log2(OR),756251,1000,7057,14,0.00174064403829417,0.00176679059796321,0.014,0.037226089452036,0.00347523892267593,KYCG.EPIC.TFBSconsensus.20211013,ZNF664,2,0.406118735597451
0.440343952335721,0.090833064733059,-1.04175603234689,Log2(OR),756251,1000,13467,24,0.00166170463200166,0.00170378201222703,0.024,0.0288113033441244,0.00331789590101611,KYCG.EPIC.TFBSconsensus.20211013,ETV7,1,0.406118735597451
0.339278065057347,0.0916218376664615,-1.03800100179373,Log2(OR),756251,1000,23513,39,0.00159352782544741,0.00165799969811581,0.039,0.0229551483352735,0.00318198506914698,KYCG.EPIC.TFBSconsensus.20211013,ZNF644,2,0.406118735597451
0.321814382292812,0.092132191366782,-1.03558859900786,Log2(OR),756251,1000,26251,43,0.00158041752425757,0.00164753494324597,0.043,0.0219044144343579,0.00315584749183516,KYCG.EPIC.TFBSconsensus.20211013,IRF5,1,0.406118735597451
0.199132779582045,0.0926273756085494,-1.03326064054618,Log2(OR),756251,1000,76231,114,0.00147827327307857,0.00159524894225254,0.114,0.0139828719879413,0.00295218241379757,KYCG.EPIC.TFBSconsensus.20211013,ARID2,2,0.406118735597451
0.495792403541703,0.0927146596077366,-1.03285159181674,Log2(OR),756251,1000,10252,19,0.00169144484999555,0.00171292135071282,0.019,0.0318725562291355,0.0033771773906861,KYCG.EPIC.TFBSconsensus.20211013,DPF1,1,0.406118735597451
0.495506589047044,0.0928419587125718,-1.03225570568824,Log2(OR),756251,1000,10254,19,0.00169114374721851,0.00171192450162302,0.019,0.0318541394451783,0.00337657721698952,KYCG.EPIC.TFBSconsensus.20211013,MCM3,1,0.406118735597451
0.214429881512683,0.0939412184056335,-1.02714381137215,Log2(OR),756251,1000,63426,96,0.00149230530079279,0.00159247340833459,0.096,0.0150574764224785,0.00298016328811349,KYCG.EPIC.TFBSconsensus.20211013,ZNF394,2,0.407608642265184
0.36023290456843,0.0942237091315431,-1.02583980368879,Log2(OR),756251,1000,20190,34,0.00160710909434676,0.00164841926204956,0.034,0.0241555191778216,0.00320906087777253,KYCG.EPIC.TFBSconsensus.20211013,REL,2,0.407608642265184
0.66168537686846,0.0967210060369953,-1.01447919483914,Log2(OR),756251,1000,5284,11,0.00175354694723418,0.00175302055636646,0.011,0.0407452353572535,0.00350095480585614,KYCG.EPIC.TFBSconsensus.20211013,XBP1,5,0.416112899598722
0.237756405148515,0.0988227706072222,-1.00514297434297,Log2(OR),756251,1000,48010,74,0.00151217917279712,0.00156929893241232,0.074,0.0166023363084458,0.00301979187920833,KYCG.EPIC.TFBSconsensus.20211013,TTF2,1,0.419250838554016
0.595626573008645,0.0989669762909938,-1.00450969840425,Log2(OR),756251,1000,6539,13,0.00172734520329524,0.00171098407321883,0.013,0.0371685807102582,0.00344873325374718,KYCG.EPIC.TFBSconsensus.20211013,ZNF441,1,0.419250838554016
0.510144171469932,0.100050323317872,-0.999781503580085,Log2(OR),756251,1000,9078,17,0.00168969287347182,0.00166932661075191,0.017,0.0325124028389217,0.00337368525501091,KYCG.EPIC.TFBSconsensus.20211013,TCF4,3,0.419250838554016
0.493469983950369,0.10042481782973,-0.998158947404254,Log2(OR),756251,1000,9725,18,0.00168114317736061,0.00166019646370732,0.018,0.0315891040645979,0.00335664335664336,KYCG.EPIC.TFBSconsensus.20211013,KLF9,5,0.419250838554016
0.565161510328022,0.101392349864102,-0.993994811641171,Log2(OR),756251,1000,7193,14,0.00171170069690671,0.00168274843838285,0.014,0.0354743987110784,0.00341755156841206,KYCG.EPIC.TFBSconsensus.20211013,WWTR1,2,0.419250838554016
0.288713484362069,0.101471440593716,-0.993656173887197,Log2(OR),756251,1000,30616,49,0.00155225393607248,0.00157226968333061,0.049,0.0197956760066742,0.0030996963562753,KYCG.EPIC.TFBSconsensus.20211013,ZNF687,2,0.419250838554016
0.372327818219942,0.101666455218921,-0.992822318625511,Log2(OR),756251,1000,17654,30,0.00161082474226804,0.00160399007283403,0.03,0.0247513320093336,0.00321646831778707,KYCG.EPIC.TFBSconsensus.20211013,CEBPG,2,0.419250838554016
0.378112984622227,0.102256447926085,-0.990309297399563,Log2(OR),756251,1000,16995,29,0.0016141600801514,0.00160249259072959,0.029,0.0250761031295164,0.00322311753264796,KYCG.EPIC.TFBSconsensus.20211013,ZNF175,2,0.419250838554016
0.612618458545475,0.102894995913255,-0.987605745743936,Log2(OR),756251,1000,5964,12,0.00172612197928654,0.00169228499465036,0.012,0.0379852388313826,0.00344629523262493,KYCG.EPIC.TFBSconsensus.20211013,POU5F1,7,0.419250838554016
0.399212763075919,0.103172535220542,-0.986435897569557,Log2(OR),756251,1000,15010,26,0.00162662662662663,0.00160499281127128,0.026,0.0262694203661309,0.00324797001873829,KYCG.EPIC.TFBSconsensus.20211013,HLTF,2,0.419250838554016
0.559491562139642,0.10369469092637,-0.984243478523259,Log2(OR),756251,1000,7221,14,0.00170586085049348,0.00166566051861025,0.014,0.035117870201387,0.00340591168957548,KYCG.EPIC.TFBSconsensus.20211013,RFX5,6,0.419250838554016
0.18236647776007,0.103875686691544,-0.983486092205544,Log2(OR),756251,1000,83888,124,0.00146288518710773,0.00151486001724474,0.124,0.0127832718811207,0.00292149656017341,KYCG.EPIC.TFBSconsensus.20211013,INTS3,1,0.419250838554016
0.329347043473936,0.104490960024208,-0.980921280667054,Log2(OR),756251,1000,22447,37,0.00158052114480991,0.00156908630573829,0.037,0.0222039609089,0.00315605407941314,KYCG.EPIC.TFBSconsensus.20211013,BANF1,1,0.419571393327975
0.63411875052016,0.106395398891288,-0.97307715286175,Log2(OR),756251,1000,5385,11,0.00172576090367116,0.00167882335753798,0.011,0.0390453316675055,0.00344557556773688,KYCG.EPIC.TFBSconsensus.20211013,ZNF488,1,0.423785072691419
0.341086416853069,0.106622808838071,-0.972149880741774,Log2(OR),756251,1000,20452,34,0.00158744980857223,0.00156040268430284,0.034,0.0228674528827584,0.00316986761141152,KYCG.EPIC.TFBSconsensus.20211013,ZNF528,1,0.423785072691419
0.507655598513927,0.108904080887704,-0.962955845920953,Log2(OR),756251,1000,8556,16,0.00167714884696017,0.00161232427693807,0.016,0.0321988850591057,0.00334868145667643,KYCG.EPIC.TFBSconsensus.20211013,ZNF366,2,0.428623751678304
0.437017398176255,0.10893502756575,-0.962832452360497,Log2(OR),756251,1000,11801,21,0.00164319248826291,0.00158404013753332,0.021,0.0283041711499297,0.00328099367236935,KYCG.EPIC.TFBSconsensus.20211013,PRDM14,1,0.428623751678304
0.59440850849746,0.10986466011731,-0.959141983502269,Log2(OR),756251,1000,6039,12,0.00170769887576491,0.00164128239529017,0.012,0.0368544101802577,0.00340957522375337,KYCG.EPIC.TFBSconsensus.20211013,ZNF468,1,0.43012014435927
0.246903288488268,0.120149351271146,-0.920278569763303,Log2(OR),756251,1000,36663,57,0.00151571557730149,0.00144346817877291,0.057,0.0170546644191578,0.00302684332103125,KYCG.EPIC.chromHMM.20211020,7_Enh,,0.433466933351924
0.185640745925613,0.144488977783975,-0.840165281420757,Log2(OR),756251,1000,55758,83,0.00146449051610057,0.00129082828756754,0.083,0.0129904597323773,0.00292469783995208,KYCG.EPIC.chromHMM.20211020,4_Tx,,0.433466933351924
0.384452580994282,0.111908535869356,-0.951136786218957,Log2(OR),756251,1000,15161,26,0.00161140378060118,0.00154530677261107,0.026,0.025295528147917,0.00321762267186436,KYCG.EPIC.TFBSconsensus.20211013,TBL1XR1,3,0.435402607763466
0.21590528029125,0.11232608782659,-0.949519366771904,Log2(OR),756251,1000,52687,80,0.0014923424179678,0.00147663472342642,0.08,0.0151053529786889,0.00298023730139512,KYCG.EPIC.TFBSconsensus.20211013,ID3,2,0.435402607763466
0.185270508826228,0.114904090162398,-0.939664511752586,Log2(OR),756251,1000,72791,108,0.00146573836570172,0.0014493483517033,0.108,0.0130062110508473,0.00292718624222466,KYCG.EPIC.TFBSconsensus.20211013,SCRT2,2,0.443201490626394
0.402476944000003,0.116679527876542,-0.933005336843993,Log2(OR),756251,1000,13239,23,0.00161789532920653,0.00152431997643633,0.023,0.0262431347253693,0.0032305639440972,KYCG.EPIC.TFBSconsensus.20211013,ZKSCAN8,2,0.447843481996726
0.367474234946512,0.117805002530791,-0.92883626705835,Log2(OR),756251,1000,15930,27,0.00159734958291428,0.00150405754856766,0.027,0.0242425509886959,0.00318960425280567,KYCG.EPIC.TFBSconsensus.20211013,CSNK2A1,1,0.447913007094479
0.504355352097806,0.118928959998252,-0.924712378888457,Log2(OR),756251,1000,8037,15,0.00166260252715584,0.00155166433695504,0.015,0.0318258107776683,0.00331968573641695,KYCG.EPIC.TFBSconsensus.20211013,ZNF8,1,0.447913007094479
0.521189765515917,0.120327204715331,-0.91963617214443,Log2(OR),756251,1000,7413,14,0.00166686510298845,0.00155038891579213,0.014,0.0327097214861232,0.00332818257458695,KYCG.EPIC.TFBSconsensus.20211013,JUND,15,0.447913007094479
0.206870258484722,0.121033971086671,-0.917092717412176,Log2(OR),756251,1000,53664,81,0.00148397852811315,0.00142278049825232,0.081,0.014474891877919,0.00296355919800966,KYCG.EPIC.TFBSconsensus.20211013,EOMES,1,0.447913007094479
0.404486431506521,0.121237329506981,-0.916363638397744,Log2(OR),756251,1000,12643,22,0.00161515307246164,0.00149907053245481,0.022,0.0262857385348831,0.00322509711940189,KYCG.EPIC.TFBSconsensus.20211013,POLR2M,2,0.447913007094479
0.53983608058566,0.121919764058101,-0.913925886460216,Log2(OR),756251,1000,6794,13,0.0016707364092019,0.00154881880747247,0.013,0.0336816610021358,0.00333589940980241,KYCG.EPIC.TFBSconsensus.20211013,LANA,2,0.447913007094479
0.448831106574847,0.122620299422416,-0.911437627718291,Log2(OR),756251,1000,10026,18,0.00163517441860465,0.00150878936033796,0.018,0.0287258196820559,0.00326500997641937,KYCG.EPIC.TFBSconsensus.20211013,ZSCAN22,3,0.447913007094479
0.21325884030626,0.122690520293736,-0.911188991822029,Log2(OR),756251,1000,49444,75,0.00148901109809605,0.00141602094169565,0.075,0.0148899884131444,0.00297359448100864,KYCG.EPIC.TFBSconsensus.20211013,TTF1,2,0.447913007094479
0.590959421982277,0.123043864367039,-0.909940037694411,Log2(OR),756251,1000,5547,11,0.00168298653610771,0.00156295573123512,0.011,0.0363842336669775,0.00336031770276463,KYCG.EPIC.TFBSconsensus.20211013,ZNF143,20,0.447913007094479
0.536619359440805,0.123357729924272,-0.908833631271338,Log2(OR),756251,1000,6809,13,0.00166752180605439,0.00153948662009919,0.013,0.0334806437084114,0.00332949161224228,KYCG.EPIC.TFBSconsensus.20211013,MCM7,1,0.447913007094479
0.365987684370685,0.123608250095759,-0.907952541775603,Log2(OR),756251,1000,15352,26,0.00159255175793213,0.00147069504539135,0.026,0.0240774527889867,0.00318003913894325,KYCG.EPIC.TFBSconsensus.20211013,BARX1,1,0.447913007094479
0.534478784889546,0.124321738404673,-0.905452925712736,Log2(OR),756251,1000,6819,13,0.00166538560081988,0.00153327752961089,0.013,0.0333468780480553,0.00332523340580637,KYCG.EPIC.TFBSconsensus.20211013,ZNF788,1,0.447913007094479
0.419894710812965,0.124736464711247,-0.904006568912068,Log2(OR),756251,1000,11368,20,0.00161969549724652,0.00148563385840382,0.02,0.0270908157818108,0.00323415265200517,KYCG.EPIC.TFBSconsensus.20211013,NR1H2,4,0.447913007094479
0.282601113012258,0.125075700648535,-0.902827055608731,Log2(OR),756251,1000,26316,42,0.00153992813668695,0.00142995763012365,0.042,0.0191979730570322,0.00307512080831747,KYCG.EPIC.TFBSconsensus.20211013,HMGN1,1,0.447913007094479
0.235311099324822,0.125518477981266,-0.901292335580658,Log2(OR),756251,1000,38906,60,0.00150579731968077,0.00140903958996775,0.06,0.0162907914154562,0.00300706660652533,KYCG.EPIC.TFBSconsensus.20211013,EP400,1,0.447913007094479
0.555360283381641,0.126039720857196,-0.899492567338038,Log2(OR),756251,1000,6203,12,0.00166875260742595,0.00153212844782301,0.012,0.03442982665817,0.00333194502290712,KYCG.EPIC.TFBSconsensus.20211013,RFX1,9,0.447913007094479
0.613660661309185,0.12720760508398,-0.895486923693304,Log2(OR),756251,1000,4963,10,0.00167982529816899,0.00154906797059011,0.01,0.0374942019322038,0.00335401643468053,KYCG.EPIC.TFBSconsensus.20211013,CHD1,11,0.447913007094479
0.359946567216279,0.127626259317726,-0.894059959600109,Log2(OR),756251,1000,15415,26,0.001586429922509,0.00144629734128562,0.026,0.0236790007697887,0.00316783429789826,KYCG.EPIC.TFBSconsensus.20211013,HNF4G,3,0.447913007094479
0.374611154291006,0.128383392657639,-0.891491151840531,Log2(OR),756251,1000,14082,24,0.00159383716296985,0.00144795237267551,0.024,0.0245001607258071,0.00318260177695266,KYCG.EPIC.TFBSconsensus.20211013,DEK,2,0.447913007094479
0.435740979690212,0.129781917060143,-0.886785814993935,Log2(OR),756251,1000,10116,18,0.00162191385835286,0.00146445825764593,0.018,0.0278863669226119,0.00323857502698813,KYCG.EPIC.TFBSconsensus.20211013,CDK2,1,0.447913007094479
0.500657664789547,0.130041721182993,-0.885917290980513,Log2(OR),756251,1000,7518,14,0.00164628410159925,0.00148870729299706,0.014,0.0314190141846216,0.00328715660953275,KYCG.EPIC.TFBSconsensus.20211013,ZNF623,2,0.447913007094479
0.380638017571928,0.130093774943918,-0.885743484162373,Log2(OR),756251,1000,13437,23,0.00159567087553767,0.00144113372735354,0.023,0.0248158105474039,0.00318625753272841,KYCG.EPIC.TFBSconsensus.20211013,FOXO3,2,0.447913007094479
0.313613778273969,0.130315486377092,-0.885003970715121,Log2(OR),756251,1000,20217,33,0.00155777945619335,0.00141370793143786,0.033,0.0209770646201541,0.00311071310741387,KYCG.EPIC.TFBSconsensus.20211013,HDAC6,1,0.447913007094479
0.409348326775174,0.130906155355893,-0.883039931950022,Log2(OR),756251,1000,11450,20,0.00160901045856798,0.00144807542593547,0.02,0.0264089306822761,0.00321285140562249,KYCG.EPIC.TFBSconsensus.20211013,TFDP1,5,0.447913007094479
0.433570487156728,0.130998823275397,-0.882732605468642,Log2(OR),756251,1000,10131,18,0.00161972464681004,0.00145711051407445,0.018,0.0277471845906914,0.00323421076273471,KYCG.EPIC.TFBSconsensus.20211013,PYGO2,1,0.447913007094479
0.36032757451305,0.132491796948025,-0.8778110096554,Log2(OR),756251,1000,14815,25,0.00158328055731476,0.00142044805077513,0.025,0.0236355260050467,0.00316155548529877,KYCG.EPIC.TFBSconsensus.20211013,IRAK1,1,0.450621957752347
0.492717484761879,0.13395223815613,-0.87305002553665,Log2(OR),756251,1000,7559,14,0.00163838502047981,0.00146487363363535,0.014,0.0309199111662239,0.0032714102114733,KYCG.EPIC.TFBSconsensus.20211013,SPIB,3,0.450621957752347
0.512610468915571,0.134499178178195,-0.871280369295517,Log2(OR),756251,1000,6922,13,0.00164369705398913,0.00146989144188605,0.013,0.0319803967128522,0.003281999495077,KYCG.EPIC.TFBSconsensus.20211013,SRSF3,1,0.450621957752347
0.51071501625521,0.135409815926706,-0.868349852280965,Log2(OR),756251,1000,6931,13,0.00164182874463248,0.00146440133454346,0.013,0.0318619629790931,0.00327827512293532,KYCG.EPIC.TFBSconsensus.20211013,ZNF783,1,0.450621957752347
0.488667089161054,0.13598047315669,-0.86652345199128,Log2(OR),756251,1000,7580,14,0.00163436843334112,0.00145271993065377,0.014,0.0306653204351279,0.00326340326340326,KYCG.EPIC.TFBSconsensus.20211013,MAFB,1,0.450621957752347
0.273533098919886,0.136021863455942,-0.86639127975385,Log2(OR),756251,1000,25841,41,0.00152985074626866,0.00136807884048169,0.041,0.0185519666605436,0.00305502775604486,KYCG.EPIC.TFBSconsensus.20211013,ZNF467,1,0.450621957752347
0.264985610788792,0.137771264596386,-0.860841355204826,Log2(OR),756251,1000,27266,43,0.00152358005881728,0.00135573441574984,0.043,0.0180234222374913,0.00304252458784405,KYCG.EPIC.TFBSconsensus.20211013,ETV4,2,0.450621957752347
0.359731620741025,0.138287779371134,-0.859216197231131,Log2(OR),756251,1000,14225,24,0.00157884349713835,0.00139014775656958,0.024,0.0235247290814364,0.00315270935960591,KYCG.EPIC.TFBSconsensus.20211013,CTBP1,3,0.450621957752347
0.325036026451216,0.138289318070187,-0.859211364954603,Log2(OR),756251,1000,17616,29,0.00156023026846721,0.00137655837546211,0.029,0.0215468488280273,0.00311559948431457,KYCG.EPIC.TFBSconsensus.20211013,ZNF101,2,0.450621957752347
0.528124722077569,0.138350392578044,-0.859019604183047,Log2(OR),756251,1000,6320,12,0.00164203612479475,0.0014561584944095,0.012,0.0327389582425344,0.00327868852459016,KYCG.EPIC.TFBSconsensus.20211013,PHIP,6,0.450621957752347
0.358282790306085,0.139281010531936,-0.856108090922519,Log2(OR),756251,1000,14239,24,0.00157739073282944,0.00138452122220685,0.024,0.0234297598127908,0.00314981297985432,KYCG.EPIC.TFBSconsensus.20211013,ZNF770,1,0.450621957752347
0.194473830860829,0.140445237044114,-0.85249298455449,Log2(OR),756251,1000,52070,78,0.00147192028985507,0.00131453595694883,0.078,0.0135888667395909,0.00293951384963256,KYCG.EPIC.TFBSconsensus.20211013,ZNF414,2,0.450621957752347
0.195328103575424,0.142468371714388,-0.846281539266068,Log2(OR),756251,1000,50694,76,0.00147235460498276,0.00130469387817526,0.076,0.0136380708135337,0.00294037992803807,KYCG.EPIC.TFBSconsensus.20211013,C11orf30,2,0.450621957752347
0.280827116257508,0.142665073284977,-0.845682336178964,Log2(OR),756251,1000,23190,37,0.00153190079907258,0.00133716838452355,0.037,0.0189230052406635,0.00305911533691608,KYCG.EPIC.TFBSconsensus.20211013,SMARCB1,5,0.450621957752347
0.12840322036755,0.14275499855844,-0.845408676018425,Log2(OR),756251,1000,135772,193,0.00141310157491269,0.00127680029962878,0.193,0.0087425843519342,0.00282221507326061,KYCG.EPIC.TFBSconsensus.20211013,HCFC1R1,1,0.450621957752347
0.255808118709147,0.143524614708146,-0.843073610322394,Log2(OR),756251,1000,28076,44,0.00151556902728024,0.00132309899429359,0.044,0.0174214141548372,0.00302655110744256,KYCG.EPIC.TFBSconsensus.20211013,NKX3-1,1,0.450621957752347
0.265275994227431,0.143551442455533,-0.842992439201393,Log2(OR),756251,1000,25984,41,0.00152173106187136,0.00132666837534747,0.041,0.0179901387801347,0.00303883782982508,KYCG.EPIC.TFBSconsensus.20211013,XCL1,1,0.450621957752347
0.471623747717185,0.144764800706607,-0.839337023202562,Log2(OR),756251,1000,7669,14,0.00161756210283073,0.00140160961320317,0.014,0.0295941125089425,0.00322989964240397,KYCG.EPIC.TFBSconsensus.20211013,LDB1,1,0.450621957752347
0.342721310975634,0.144812866998558,-0.839192848234121,Log2(OR),756251,1000,14993,25,0.00156563126252505,0.00135072129446174,0.025,0.0224779267162412,0.00312636778590633,KYCG.EPIC.TFBSconsensus.20211013,CBX1,4,0.450621957752347
0.270432071560639,0.145203906970846,-0.838021698008846,Log2(OR),756251,1000,24623,39,0.00152439024390244,0.00132049882948155,0.039,0.0182828573327405,0.0030441400304414,KYCG.EPIC.TFBSconsensus.20211013,L3MBTL4,1,0.450621957752347
0.490855141879087,0.145228613574115,-0.837947808614699,Log2(OR),756251,1000,7026,13,0.00162236365905404,0.00140691456675791,0.013,0.0306211254543718,0.00323947171692001,KYCG.EPIC.TFBSconsensus.20211013,ZNF76,4,0.450621957752347
0.214725185625847,0.145847247079379,-0.836101763933529,Log2(OR),756251,1000,40098,61,0.00148646343543631,0.00129552498942004,0.061,0.0148712647947209,0.00296851428293348,KYCG.EPIC.TFBSconsensus.20211013,PRAME,1,0.450621957752347
0.365701484087578,0.145864178351818,-0.836051350013751,Log2(OR),756251,1000,12981,22,0.00157604412923562,0.00135455037009205,0.022,0.0237598572559907,0.003147128245476,KYCG.EPIC.TFBSconsensus.20211013,ZIC2,1,0.450621957752347
0.488780153358179,0.146283940232751,-0.834803350232445,Log2(OR),756251,1000,7036,13,0.00162034151813536,0.00140091206050883,0.013,0.0304914882477547,0.00323544051767048,KYCG.EPIC.TFBSconsensus.20211013,HDAC1,11,0.450621957752347
0.432376074486345,0.147784056617345,-0.830372416391761,Log2(OR),756251,1000,9008,16,0.00160128102481986,0.00137135837025801,0.016,0.0274160458899349,0.00319744204636291,KYCG.EPIC.TFBSconsensus.20211013,HHEX,1,0.450621957752347
0.216160033792685,0.148316683054935,-0.828809995625725,Log2(OR),756251,1000,38736,59,0.00148700758625904,0.00128400352292643,0.059,0.0149479022714665,0.00296959935574794,KYCG.EPIC.TFBSconsensus.20211013,CDK6,1,0.450621957752347
0.337910648949938,0.148317957146587,-0.828806264901807,Log2(OR),756251,1000,15042,25,0.00156084160579384,0.00133167803548647,0.025,0.0221616736439172,0.00311681835182646,KYCG.EPIC.TFBSconsensus.20211013,MBD1_isoform1,2,0.450621957752347
0.464406483632765,0.148607435273133,-0.827959460983847,Log2(OR),756251,1000,7707,14,0.00161049119981594,0.00137998062702249,0.014,0.0291405247617707,0.00321580337659355,KYCG.EPIC.TFBSconsensus.20211013,TSC22D4,1,0.450621957752347
0.281077570996736,0.149635242232771,-0.824966108980267,Log2(OR),756251,1000,21925,35,0.00152905198776758,0.00130304035303957,0.035,0.0188701249345953,0.00305343511450382,KYCG.EPIC.TFBSconsensus.20211013,HLF,2,0.450621957752347
0.179644507975864,0.149761980274979,-0.824598425972357,Log2(OR),756251,1000,57335,85,0.00145922746781116,0.00126266362629784,0.085,0.0125758328989456,0.00291420245135853,KYCG.EPIC.TFBSconsensus.20211013,HEY1,2,0.450621957752347
0.190713072129686,0.149950617215747,-0.824051742289639,Log2(OR),756251,1000,50170,75,0.00146785399745572,0.00126610119187091,0.075,0.0133087875326932,0.00293140512018761,KYCG.EPIC.TFBSconsensus.20211013,E2F5,2,0.450621957752347
0.170925385643928,0.150207319250782,-0.823308904663544,Log2(OR),756251,1000,63825,94,0.00145216356923267,0.00125708318393233,0.094,0.0119837499363729,0.0029001156961049,KYCG.EPIC.TFBSconsensus.20211013,INTS11,4,0.450621957752347
0.191850763716008,0.151743623676267,-0.818889549085606,Log2(OR),756251,1000,48784,73,0.00146848785982982,0.00125792483802364,0.073,0.013376544337826,0.00293266913064438,KYCG.EPIC.TFBSconsensus.20211013,KDM6A,1,0.453493348620293
0.524496217536056,0.15247390470243,-0.8168044777171,Log2(OR),756251,1000,5806,11,0.00161883738042678,0.00138518435716444,0.011,0.0322871185190754,0.00323244196297385,KYCG.EPIC.TFBSconsensus.20211013,ELF1,17,0.453943221984801
0.362168121163147,0.154588294341147,-0.810823394606017,Log2(OR),756251,1000,12418,21,0.00156751511532433,0.00131122515753801,0.021,0.0234466918985026,0.00313012371441347,KYCG.EPIC.TFBSconsensus.20211013,MECP2,4,0.454058575562063
0.519487186762657,0.154885474300479,-0.809989309980961,Log2(OR),756251,1000,5826,11,0.00161408657373441,0.00137181674515467,0.011,0.03197838078388,0.00322297099326106,KYCG.EPIC.TFBSconsensus.20211013,BMI1,3,0.454058575562063
0.548574636058194,0.15501300069371,-0.809631876715085,Log2(OR),756251,1000,5190,10,0.00161812297734628,0.00138274186674643,0.01,0.0335129737024613,0.00323101777059774,KYCG.EPIC.TFBSconsensus.20211013,ETS1,22,0.454058575562063
0.582136370142259,0.155504510585258,-0.808257009248868,Log2(OR),756251,1000,4563,9,0.00162045372704357,0.0013937655358298,0.009,0.0352646364139411,0.00323566420995866,KYCG.EPIC.TFBSconsensus.20211013,NR3C1,29,0.454058575562063
0.547453322081751,0.15552840669854,-0.808190277082714,Log2(OR),756251,1000,5194,10,0.00161707632600259,0.0013798826258334,0.01,0.0334443919533856,0.00322893122376493,KYCG.EPIC.TFBSconsensus.20211013,NEUROG2,10,0.454058575562063
0.269462785067989,0.156450245953876,-0.805623749767216,Log2(OR),756251,1000,22732,36,0.00151924375422012,0.00126610503636502,0.036,0.0181222185575516,0.0030338783077701,KYCG.EPIC.TFBSconsensus.20211013,NKRF,2,0.454058575562063
0.31269487743154,0.157337938702229,-0.803166543858713,Log2(OR),756251,1000,16532,27,0.00154241645244216,0.00127893326763965,0.027,0.0206202154486017,0.00308008213552361,KYCG.EPIC.TFBSconsensus.20211013,IRAK4,1,0.454058575562063
0.575458559700465,0.158418016615745,-0.800195428353538,Log2(OR),756251,1000,4584,9,0.00161434977578475,0.0013775709400222,0.009,0.034859687447649,0.00322349570200573,KYCG.EPIC.TFBSconsensus.20211013,PR,19,0.454058575562063
0.446516557947541,0.158451064109039,-0.800104839874552,Log2(OR),756251,1000,7802,14,0.00159308147473828,0.00132640335544672,0.014,0.0280162681635834,0.00318109520563508,KYCG.EPIC.TFBSconsensus.20211013,OVOL3,2,0.454058575562063
0.356263989227011,0.158697715881861,-0.799429323951153,Log2(OR),756251,1000,12468,21,0.00156168662155128,0.00128974423607836,0.021,0.0230636877239117,0.00311850311850312,KYCG.EPIC.TFBSconsensus.20211013,DRAP1,1,0.454058575562063
0.57292264241379,0.159534847991915,-0.797144437136301,Log2(OR),756251,1000,4592,9,0.0016120365394949,0.0013714228887074,0.009,0.0347059089519755,0.00321888412017167,KYCG.EPIC.TFBSconsensus.20211013,FOXA1,106,0.454058575562063
0.412057092493515,0.159829708384032,-0.796342492931423,Log2(OR),756251,1000,9134,16,0.00158134018580747,0.00130648077099817,0.016,0.026125518469635,0.00315768699427669,KYCG.EPIC.TFBSconsensus.20211013,KRAB,2,0.454058575562063
0.282042848493962,0.160521663783961,-0.794466347515019,Log2(OR),756251,1000,20022,32,0.00152453549309195,0.00125217756633889,0.032,0.0188197513222064,0.00304442964513367,KYCG.EPIC.TFBSconsensus.20211013,TET2,7,0.454058575562063
0.381990563712374,0.16244115906027,-0.789303920365922,Log2(OR),756251,1000,10494,18,0.00156849076333217,0.0012827245343051,0.018,0.0244403614422835,0.00313206890551592,KYCG.EPIC.TFBSconsensus.20211013,HEXIM1,5,0.454058575562063
0.228564994230277,0.163045072205046,-0.787692322564845,Log2(OR),756251,1000,30553,47,0.00149177934361709,0.00121960545374451,0.047,0.0156208001830325,0.00297911450575223,KYCG.EPIC.TFBSconsensus.20211013,ZFP64,2,0.454058575562063
0.305473825194085,0.163173492972571,-0.787350389642979,Log2(OR),756251,1000,16613,27,0.0015353121801433,0.00124929223994784,0.027,0.0201429219420552,0.00306591722023505,KYCG.EPIC.TFBSconsensus.20211013,NFAT5,1,0.454058575562063
0.530181975635616,0.163625914597427,-0.786147912917854,Log2(OR),756251,1000,5256,10,0.0016010246557797,0.00133586781430256,0.01,0.0323880762927828,0.00319693094629156,KYCG.EPIC.TFBSconsensus.20211013,AGO2,1,0.454058575562063
0.563137344544306,0.163898313249604,-0.785425515924064,Log2(OR),756251,1000,4623,9,0.00160313501959387,0.00134770916811994,0.009,0.0341125371438129,0.00320113818246488,KYCG.EPIC.TFBSconsensus.20211013,FOXH1,2,0.454058575562063
0.241175214024933,0.164087775941992,-0.784923771406877,Log2(OR),756251,1000,27054,42,0.00149935741824932,0.00121983928212056,0.042,0.0163753098745028,0.00299422542239966,KYCG.EPIC.TFBSconsensus.20211013,MBD1_isoform2,2,0.454058575562063
0.391581638280906,0.164163375097317,-0.784723727650926,Log2(OR),756251,1000,9844,17,0.00157014870231828,0.00127871616443692,0.017,0.0249436025189329,0.00313537440059019,KYCG.EPIC.TFBSconsensus.20211013,SIN3A,15,0.454058575562063
0.560622712989705,0.165033522758753,-0.782427829904837,Log2(OR),756251,1000,4631,9,0.0016008537886873,0.00134161765679224,0.009,0.033960054815058,0.00319659030367608,KYCG.EPIC.TFBSconsensus.20211013,GATA1,16,0.454058575562063
0.434585736082657,0.165270362752475,-0.781805019671551,Log2(OR),756251,1000,7866,14,0.00158156348847718,0.00129070029729104,0.014,0.0272665655403308,0.00315813219039026,KYCG.EPIC.TFBSconsensus.20211013,BRD3,6,0.454058575562063
0.353506284622315,0.167338236748095,-0.776404811510261,Log2(OR),756251,1000,11894,20,0.00155351871990057,0.00124950899332164,0.02,0.0227995463605222,0.00310221808593144,KYCG.EPIC.TFBSconsensus.20211013,NOTCH1,5,0.456584555168111
0.229709308635855,0.167356024691249,-0.776358648749478,Log2(OR),756251,1000,29222,45,0.00149120190873844,0.00120061821352419,0.045,0.0156595120743266,0.00297796307325789,KYCG.EPIC.TFBSconsensus.20211013,FOXP2,2,0.456584555168111
0.519971199111735,0.168554221605862,-0.77326036567537,Log2(OR),756251,1000,5293,10,0.00159159637116027,0.00130986843013363,0.01,0.0317636151258747,0.0031781344350866,KYCG.EPIC.TFBSconsensus.20211013,E2F4,7,0.457740101839706
0.304610240225268,0.16894877322053,-0.772244957398932,Log2(OR),756251,1000,16004,26,0.00153139356814701,0.00122308852580806,0.026,0.0200306730167776,0.00305810397553517,KYCG.EPIC.TFBSconsensus.20211013,ZNF654,2,0.457740101839706
0.34008878334872,0.170347723024446,-0.76866366711241,Log2(OR),756251,1000,12606,21,0.00154582259845418,0.00123092077860574,0.021,0.0220145128879135,0.00308687343818903,KYCG.EPIC.TFBSconsensus.20211013,ZBTB16,1,0.45817341536805
0.486850174951833,0.171280050851922,-0.76629321677442,Log2(OR),756251,1000,5958,11,0.0015834173024327,0.00128481521429835,0.011,0.0299669131593214,0.0031618281115263,KYCG.EPIC.TFBSconsensus.20211013,STAT3,21,0.45817341536805
0.315054177953944,0.171316182106873,-0.766201612704101,Log2(OR),756251,1000,14663,24,0.00153462497602148,0.00121679248237471,0.024,0.0205969326882065,0.00306454702164336,KYCG.EPIC.TFBSconsensus.20211013,GMEB2,2,0.45817341536805
0.3080197961326,0.17144931124245,-0.765864255222143,Log2(OR),756251,1000,15350,25,0.00153139356814701,0.00121343188305366,0.025,0.0201970822890414,0.00305810397553517,KYCG.EPIC.TFBSconsensus.20211013,KLF12,1,0.45817341536805
0.179178377381,0.172062864486398,-0.764312851281404,Log2(OR),756251,1000,47827,71,0.00145623102797604,0.00115977563420687,0.071,0.0124772993798956,0.00290822700555021,KYCG.EPIC.TFBSconsensus.20211013,FOXO1,1,0.458249057458671
0.543450831183725,0.172938144470725,-0.762109205071558,Log2(OR),756251,1000,4686,9,0.00158534437202748,0.00130004637673287,0.009,0.0329188155072455,0.00316567006683081,KYCG.EPIC.TFBSconsensus.20211013,NRF1,24,0.459018871595179
0.368967564504851,0.137711677622515,-0.861029231043096,Log2(OR),756251,1000,13544,23,0.00158391295365333,0.00139671319712231,0.023,0.0240532081294595,0.00316281628162816,KYCG.EPIC.HMconsensus.20211013,H3F3A,2,0.459038925408384
0.168737332731802,0.174026270726656,-0.759385186370164,Log2(OR),756251,1000,53625,79,0.00144831885014483,0.00114703561044646,0.079,0.0117873121957026,0.00289244851258581,KYCG.EPIC.TFBSconsensus.20211013,KLF6,1,0.460085739329517
0.157149548284261,0.176125366800042,-0.75417808941662,Log2(OR),756251,1000,61619,90,0.00143933214988245,0.00113330688769538,0.09,0.0110064130232372,0.00287452690078091,KYCG.EPIC.TFBSconsensus.20211013,CCNT2,1,0.460085739329517
0.295780730937383,0.176311616062686,-0.753719073828089,Log2(OR),756251,1000,16100,26,0.00152278317910273,0.00118751549458991,0.026,0.0194487930466456,0.00304093567251462,KYCG.EPIC.TFBSconsensus.20211013,ADNP,2,0.460085739329517
0.476859086524063,0.176537200095752,-0.753163765664209,Log2(OR),756251,1000,5999,11,0.00157412707498569,0.00125821418302642,0.011,0.0293512020162832,0.00314330618659809,KYCG.EPIC.TFBSconsensus.20211013,ZNF391,2,0.460085739329517
0.503291252214242,0.176832105584891,-0.752438881786118,Log2(OR),756251,1000,5354,10,0.00157629255989912,0.00126743106488534,0.01,0.0307435672483454,0.00314762354422411,KYCG.EPIC.TFBSconsensus.20211013,TEAD1,4,0.460085739329517
0.184993406527348,0.176865654582611,-0.752356494243602,Log2(OR),756251,1000,42913,64,0.00145955437980342,0.00114117501089654,0.064,0.0128317345805982,0.00291485437114294,KYCG.EPIC.TFBSconsensus.20211013,ESCO2,1,0.460085739329517
0.449981437683839,0.178587736516352,-0.748148367094381,Log2(OR),756251,1000,6668,12,0.00156739811912226,0.00123886773144606,0.012,0.0278887473862455,0.00312989045383412,KYCG.EPIC.TFBSconsensus.20211013,PRKDC,2,0.462507961271987
0.219149782109758,0.179064677023533,-0.746990076276789,Log2(OR),756251,1000,29428,45,0.00148109139979594,0.00114532422905957,0.045,0.0149375041313566,0.00295780202445116,KYCG.EPIC.TFBSconsensus.20211013,E2F8,1,0.462507961271987
0.447577944651638,0.179943752062907,-0.744863228153664,Log2(OR),756251,1000,6679,12,0.00156514934133299,0.00123219923535708,0.012,0.0277395954770006,0.00312540695403047,KYCG.EPIC.TFBSconsensus.20211013,AHR,2,0.462507961271987
0.159250958669505,0.181008745071522,-0.742300442564188,Log2(OR),756251,1000,57398,84,0.00144047741537195,0.00111318381419533,0.084,0.0111391453805114,0.00287681084968663,KYCG.EPIC.TFBSconsensus.20211013,PKNOX1,2,0.462507961271987
0.15938096840998,0.182231711234586,-0.739376046595457,Log2(OR),756251,1000,56704,83,0.00144044705923188,0.00110804626731279,0.083,0.0111451898260069,0.00287675031193678,KYCG.EPIC.TFBSconsensus.20211013,POLR2AphosphoS5,4,0.462507961271987
0.226827076796077,0.182464071240535,-0.738822639142436,Log2(OR),756251,1000,26660,41,0.00148448531807813,0.00113397463301228,0.041,0.0153754069986056,0.0029645697758496,KYCG.EPIC.TFBSconsensus.20211013,EMSY,1,0.462507961271987
0.521577847820707,0.183394447790956,-0.736613816595389,Log2(OR),756251,1000,4757,9,0.00156576200417537,0.00124715910642627,0.009,0.0315925958549432,0.00312662845231892,KYCG.EPIC.TFBSconsensus.20211013,FOXG1,1,0.462507961271987
0.520660809127756,0.183842368317159,-0.73555439389704,Log2(OR),756251,1000,4760,9,0.00156494522691706,0.00124494332170004,0.009,0.0315369951733135,0.003125,KYCG.EPIC.TFBSconsensus.20211013,EWSR1,4,0.462507961271987
0.275362539813907,0.184248504244614,-0.734596029118556,Log2(OR),756251,1000,17586,28,0.0015087832740597,0.00114583978362021,0.028,0.0182007853121933,0.00301302055310449,KYCG.EPIC.TFBSconsensus.20211013,ZBTB2,2,0.462507961271987
0.286455722487387,0.184320366061836,-0.73442667574344,Log2(OR),756251,1000,16202,26,0.00151374010246856,0.00114995781792608,0.026,0.018834335009031,0.00302290431345192,KYCG.EPIC.TFBSconsensus.20211013,RUVBL1,1,0.462507961271987
0.196829063967138,0.184969038227451,-0.732900961609447,Log2(OR),756251,1000,35214,53,0.0014656674317635,0.00111149182508597,0.053,0.0135342301487718,0.002927044789308,KYCG.EPIC.TFBSconsensus.20211013,ZNF35,1,0.462507961271987
0.486530465642109,0.185435641402685,-0.731806789194375,Log2(OR),756251,1000,5416,10,0.00156103652825476,0.00122482961698351,0.01,0.0297186377153154,0.00311720698254364,KYCG.EPIC.TFBSconsensus.20211013,FOXA2,12,0.462507961271987
0.236412974429743,0.185475734149941,-0.731712901219439,Log2(OR),756251,1000,23891,37,0.00148869397280116,0.00112519723230734,0.037,0.0159224978843355,0.00297296211482062,KYCG.EPIC.TFBSconsensus.20211013,SND1,1,0.462507961271987
0.153031483216559,0.186680367912028,-0.728901351872986,Log2(OR),756251,1000,59703,87,0.00143526461660288,0.00108682024762611,0.087,0.0107102028031425,0.00286641516893729,KYCG.EPIC.TFBSconsensus.20211013,PROX1,1,0.463362867702438
0.414979776124919,0.187524369826057,-0.726942285305607,Log2(OR),756251,1000,7401,13,0.00154983309489747,0.00118785929745252,0.013,0.0258816556880177,0.003094869658374,KYCG.EPIC.TFBSconsensus.20211013,GLI4,2,0.463362867702438
0.513041120677182,0.187593906847603,-0.726781271849484,Log2(OR),756251,1000,4785,9,0.00155817174515235,0.00122653705505815,0.009,0.0310750143111243,0.00311149524632671,KYCG.EPIC.TFBSconsensus.20211013,RUNX1,36,0.463362867702438
0.367723797771386,0.188486551739618,-0.724719630676364,Log2(OR),756251,1000,9415,16,0.00153860948168093,0.00116514087755329,0.016,0.0233104178930152,0.00307249159865579,KYCG.EPIC.TFBSconsensus.20211013,MORC2,2,0.464103679283399
0.140271526524103,0.189575427031265,-0.722217957063077,Log2(OR),756251,1000,70667,102,0.00142527771955565,0.00106969599303145,0.102,0.00983173956092709,0.00284649838837959,KYCG.EPIC.TFBSconsensus.20211013,E2F3,1,0.464936615492661
0.508185290811189,0.190012409907601,-0.721218033897753,Log2(OR),756251,1000,4801,9,0.00155386740331492,0.00121481157787189,0.009,0.0307806115510267,0.00310291329081193,KYCG.EPIC.TFBSconsensus.20211013,ZBTB40,8,0.464936615492661
0.208102946957528,0.191880691919252,-0.716968724143127,Log2(OR),756251,1000,29645,45,0.00147058823529412,0.00108749423926297,0.045,0.0141823881776093,0.00293685756240822,KYCG.EPIC.TFBSconsensus.20211013,TET3,1,0.468045426083408
0.503043591267337,0.192596864682101,-0.715350787109438,Log2(OR),756251,1000,4818,9,0.0015493200206576,0.00120239946084971,0.009,0.0304688817195109,0.00309384668270884,KYCG.EPIC.TFBSconsensus.20211013,MED1,50,0.468333369708338
0.159756540791678,0.193761996378734,-0.712731399532353,Log2(OR),756251,1000,51183,75,0.00143931833883473,0.00106037218508326,0.075,0.0111403325234105,0.00287449935802848,KYCG.EPIC.TFBSconsensus.20211013,KAT7,1,0.469031708629557
0.468365705490379,0.195084623407554,-0.709776960397496,Log2(OR),756251,1000,5484,10,0.00154464009885697,0.00117870507462365,0.01,0.0286079262046959,0.00308451573103023,KYCG.EPIC.TFBSconsensus.20211013,HDGF,6,0.469031708629557
0.468100251312648,0.195228140569205,-0.70945758209412,Log2(OR),756251,1000,5485,10,0.00154440154440154,0.00117803136656246,0.01,0.0285916951706646,0.0030840400925212,KYCG.EPIC.TFBSconsensus.20211013,EGR2,5,0.469031708629557
0.192213676203585,0.19564757161302,-0.708525538213648,Log2(OR),756251,1000,33980,51,0.00146010478399038,0.00106583945702479,0.051,0.0131890434368733,0.00291595197255575,KYCG.EPIC.TFBSconsensus.20211013,PDX1,1,0.469031708629557
0.441586889894506,0.195998908866421,-0.707746346371133,Log2(OR),756251,1000,6146,11,0.001541695865452,0.0011644182261917,0.011,0.0271777267170106,0.00307864539602575,KYCG.EPIC.TFBSconsensus.20211013,EPC1,2,0.469031708629557
0.236338461323366,0.196566958295701,-0.706489482617015,Log2(OR),756251,1000,21945,34,0.00148400331718389,0.00107995384438335,0.034,0.0158284640353723,0.00296360862933101,KYCG.EPIC.TFBSconsensus.20211013,CLOCK,1,0.469031708629557
0.493113995555391,0.197656628831546,-0.704088616096185,Log2(OR),756251,1000,4851,9,0.0015405682985279,0.00117843981283395,0.009,0.0298668865839711,0.00307639719706033,KYCG.EPIC.TFBSconsensus.20211013,TAL1,13,0.469031708629557
0.277298677279453,0.197676199039277,-0.704045618233953,Log2(OR),756251,1000,15673,25,0.00150168188370975,0.00109203238963968,0.025,0.0181787143115268,0.00299886043303545,KYCG.EPIC.TFBSconsensus.20211013,KLF10,2,0.469031708629557
0.154475923153807,0.198845038417545,-0.701485241061027,Log2(OR),756251,1000,52738,77,0.00143493412347888,0.00103774800222372,0.077,0.0107793442603805,0.00286575607577506,KYCG.EPIC.TFBSconsensus.20211013,BRD1,1,0.470222625170592
0.157159627511831,0.199379197390341,-0.700320156605515,Log2(OR),756251,1000,50580,74,0.00143672581835126,0.00103670169154585,0.074,0.010953878777745,0.00286932919736332,KYCG.EPIC.TFBSconsensus.20211013,KLF8,2,0.470222625170592
0.227980499093418,0.201671678803072,-0.695355086433471,Log2(OR),756251,1000,22721,35,0.00147766613189226,0.00105634639162072,0.035,0.015297050811284,0.0029509717128283,KYCG.EPIC.TFBSconsensus.20211013,PRDM11,1,0.474043608863957
0.348114843586583,0.20221017287428,-0.694196999526267,Log2(OR),756251,1000,9542,16,0.00152004560136804,0.00110271225989759,0.016,0.0220655723195586,0.0030354771390628,KYCG.EPIC.TFBSconsensus.20211013,ELF2,1,0.474043608863957
0.429780342200399,0.202828431313638,-0.692871168188895,Log2(OR),756251,1000,6196,11,0.00153096729297147,0.00113306072447602,0.011,0.0264502811158485,0.00305725403001668,KYCG.EPIC.TFBSconsensus.20211013,RBL2,4,0.474073617070383
0.155093087398081,0.204226797685401,-0.689887272418961,Log2(OR),756251,1000,49958,73,0.00143460744816744,0.00101666981109215,0.073,0.0108045009574482,0.00286510459594176,KYCG.EPIC.TFBSconsensus.20211013,RING1,1,0.47437652149945
0.479681453190328,0.204645545852898,-0.688997703413333,Log2(OR),756251,1000,4896,9,0.00152879225411925,0.00114604931265011,0.009,0.0290525507434152,0.00305291723202171,KYCG.EPIC.TFBSconsensus.20211013,REST,28,0.47437652149945
0.172642990231838,0.205972229695901,-0.68619132964456,Log2(OR),756251,1000,39178,58,0.0014456630109671,0.00101699811925949,0.058,0.0119195278556075,0.0028871521728309,KYCG.EPIC.TFBSconsensus.20211013,CREM,2,0.47437652149945
0.136070881659375,0.206363526833584,-0.685367058472331,Log2(OR),756251,1000,65249,94,0.00142090544932356,0.00100054364970325,0.094,0.00953004538578894,0.00283777868345183,KYCG.EPIC.TFBSconsensus.20211013,LEO1,1,0.47437652149945
0.134970009652311,0.20711537750388,-0.683787655248733,Log2(OR),756251,1000,65995,95,0.00142002989536622,0.000997157697254806,0.095,0.0094537500564269,0.00283603253974177,KYCG.EPIC.TFBSconsensus.20211013,POLR2H,2,0.47437652149945
0.421805835023115,0.207530818042764,-0.682917402026078,Log2(OR),756251,1000,6230,11,0.00152375675301288,0.00111189137262571,0.011,0.0259589635003208,0.00304287690179806,KYCG.EPIC.TFBSconsensus.20211013,BACH1,3,0.47437652149945
0.259537909380734,0.208779078253541,-0.680313024129007,Log2(OR),756251,1000,16500,26,0.00148792491701957,0.00104160653888462,0.026,0.0170610685539876,0.00297142857142857,KYCG.EPIC.TFBSconsensus.20211013,ZSCAN29,2,0.47437652149945
0.471385305717423,0.209044856974965,-0.679760512709925,Log2(OR),756251,1000,4924,9,0.00152155536770921,0.00112605656712038,0.009,0.0285496217923071,0.00303848750844024,KYCG.EPIC.TFBSconsensus.20211013,LARP7,3,0.47437652149945
0.25855343507663,0.209711219790914,-0.67837833365992,Log2(OR),756251,1000,16511,26,0.00148698884758364,0.00103764548263041,0.026,0.0169962269054649,0.00296956198960653,KYCG.EPIC.TFBSconsensus.20211013,KLF13,2,0.47437652149945
0.269911875593961,0.209803093322946,-0.67818811288611,Log2(OR),756251,1000,15119,24,0.00149114631873253,0.00104192007194174,0.024,0.0176403101832801,0.00297785222408338,KYCG.EPIC.TFBSconsensus.20211013,ZNF597,1,0.47437652149945
0.362660144467966,0.210757998717598,-0.676215933984381,Log2(OR),756251,1000,8263,14,0.00151367715428695,0.00107589606731074,0.014,0.022748099758138,0.00302277879736586,KYCG.EPIC.TFBSconsensus.20211013,ZNF641,1,0.47437652149945
0.178707557953785,0.211013244699483,-0.675690284420911,Log2(OR),756251,1000,34961,52,0.00144810493191122,0.000999993975381502,0.052,0.0122723035367625,0.00289202191262757,KYCG.EPIC.TFBSconsensus.20211013,GABP,2,0.47437652149945
0.12949996767699,0.211256768699141,-0.675189367293804,Log2(OR),756251,1000,69739,100,0.00141564857939665,0.000978858817629243,0.1,0.00907277054040967,0.00282729470306337,KYCG.EPIC.TFBSconsensus.20211013,PITX3,1,0.47437652149945
0.438930043941126,0.211439854410355,-0.674813148915322,Log2(OR),756251,1000,5596,10,0.00151837230488916,0.00110405691183746,0.01,0.0268082006709487,0.00303214069132808,KYCG.EPIC.TFBSconsensus.20211013,RBPJ,8,0.47437652149945
0.314652233973029,0.171636078739877,-0.765391416075318,Log2(OR),756251,1000,14667,24,0.00153423256408617,0.00121523422152701,0.024,0.0205705997763999,0.00306376460075318,KYCG.EPIC.HMconsensus.20211013,H2BK15ac,2,0.476638011641305
0.369143233357514,0.179014924262489,-0.747110760893517,Log2(OR),756251,1000,9996,17,0.00154841060205848,0.00120504751177244,0.017,0.0235119476788972,0.00309203346671517,KYCG.EPIC.HMconsensus.20211013,H3K14ac,9,0.476638011641305
0.247112674762711,0.181719260734705,-0.740599038638675,Log2(OR),756251,1000,22431,35,0.00149598221918277,0.00114519237076997,0.035,0.016584092062188,0.00298749519866843,KYCG.EPIC.HMconsensus.20211013,H4,3,0.476638011641305
0.348573955773671,0.18545547243308,-0.731760346954279,Log2(OR),756251,1000,10736,18,0.00153609831029186,0.00116996264885565,0.018,0.0222987650034234,0.00306748466257669,KYCG.EPIC.HMconsensus.20211013,H3ac,27,0.476638011641305
0.274401502360475,0.189979029350269,-0.721294335574011,Log2(OR),756251,1000,16966,27,0.00150510061876359,0.00112183038030775,0.027,0.0180896777078552,0.00300567739062674,KYCG.EPIC.HMconsensus.20211013,H3K79me1,2,0.476638011641305
0.255679246700469,0.198012113895281,-0.703308239854912,Log2(OR),756251,1000,18461,29,0.00149238369699465,0.00108199373042541,0.029,0.0169393565210201,0.00298031961358615,KYCG.EPIC.HMconsensus.20211013,H3.3,3,0.476638011641305
0.320988218612134,0.198599171517211,-0.702022567553902,Log2(OR),756251,1000,11550,19,0.00151623972548081,0.00110594077781413,0.019,0.020617257724945,0.00302788844621514,KYCG.EPIC.HMconsensus.20211013,H4K8ac,20,0.476638011641305
0.412014453373417,0.213403187920916,-0.670799097160276,Log2(OR),756251,1000,6272,11,0.00151494284533811,0.00108591017451453,0.011,0.0253557304700054,0.00302530253025303,KYCG.EPIC.TFBSconsensus.20211013,ZNF263,3,0.477413417548793
0.166587045365569,0.214608398281765,-0.668353286768662,Log2(OR),756251,1000,39334,58,0.00144006356142616,0.000981286408905991,0.058,0.011500147114945,0.00287598552090048,KYCG.EPIC.TFBSconsensus.20211013,SS18,2,0.47874181155163
0.318873731145309,0.215541187066728,-0.666469729648576,Log2(OR),756251,1000,10345,17,0.00150070621468927,0.00104025530065628,0.017,0.020305503698915,0.00299691494050242,KYCG.EPIC.TFBSconsensus.20211013,TCF7L1,4,0.479456674639908
0.201920064925452,0.0960422850863938,-1.01753751553915,Log2(OR),756251,1000,71360,107,0.00148090736716815,0.00157333846278737,0.107,0.0141831374364774,0.00295743504698729,KYCG.EPIC.CGI.20210713,N_Shore,,0.480211425431969
0.386219383059761,0.216990110071049,-0.663560059881654,Log2(OR),756251,1000,6966,12,0.00150867488056324,0.00106222897081309,0.012,0.0239325145632927,0.00301280441877981,KYCG.EPIC.TFBSconsensus.20211013,HMG20A,1,0.481312340469211
0.240354701161916,0.217771573777093,-0.661998810335287,Log2(OR),756251,1000,18007,28,0.00147531482164498,0.000999822052723083,0.028,0.0158823203767788,0.00294628294838744,KYCG.EPIC.TFBSconsensus.20211013,EHF,1,0.481681192845943
0.230563766536976,0.218884027276905,-0.65978592924339,Log2(OR),756251,1000,19427,30,0.00147080453007795,0.000991648579783873,0.03,0.0153085975401575,0.00293728888236158,KYCG.EPIC.TFBSconsensus.20211013,MXI1,7,0.482778009458639
0.422628871253486,0.220879629484603,-0.655844334877157,Log2(OR),756251,1000,5659,10,0.00150398556173861,0.00106276610666672,0.01,0.0258116191969406,0.00300345397206788,KYCG.EPIC.TFBSconsensus.20211013,RARG,2,0.485811095186641
0.310541335346899,0.222029159142585,-0.653589985805556,Log2(OR),756251,1000,10404,17,0.00149293053482041,0.00101297109743209,0.017,0.0197741497409278,0.00298141003156787,KYCG.EPIC.TFBSconsensus.20211013,MAFF,2,0.486971517111047
0.197335916422115,0.222916247513426,-0.651858276300967,Log2(OR),756251,1000,25857,39,0.00145424714743829,0.00096295232066553,0.039,0.0133296985419722,0.0029042707673977,KYCG.EPIC.TFBSconsensus.20211013,TAF1,13,0.487551457550315
0.438669872812786,0.211588378065911,-0.674508190514258,Log2(OR),756251,1000,5597,10,0.0015181417944436,0.00110339763360355,0.01,0.0267922944606149,0.00303168106715174,KYCG.EPIC.HMconsensus.20211013,H2BK120ub,2,0.488280872459795
0.2606420057144,0.223969649556122,-0.649810829537933,Log2(OR),756251,1000,14578,23,0.00147862423657988,0.000985364196978359,0.023,0.0169796109490223,0.00295288226986776,KYCG.EPIC.TFBSconsensus.20211013,ESRRA,2,0.488490906970594
0.233301931379072,0.224960197337911,-0.647894315691527,Log2(OR),756251,1000,18093,28,0.0014686598478888,0.00097042274795012,0.028,0.0154153870771305,0.00293301209867491,KYCG.EPIC.TFBSconsensus.20211013,KMT2B,1,0.489288429209957
0.325995143521673,0.22735773738285,-0.643290261403905,Log2(OR),756251,1000,9080,15,0.0014903129657228,0.00100007543242281,0.015,0.0205571157453959,0.00297619047619048,KYCG.EPIC.TFBSconsensus.20211013,MKL2,4,0.491939886837654
0.214967187845977,0.227435809751253,-0.643141154630807,Log2(OR),756251,1000,20947,32,0.00146018708647045,0.000953780195375858,0.032,0.0143349441913812,0.00291611609787215,KYCG.EPIC.TFBSconsensus.20211013,CTNNB1,1,0.491939886837654
0.147751431828671,0.290662651150774,-0.536610769540904,Log2(OR),756251,1000,26040,38,0.00140730316272869,0.000711831563680082,0.038,0.00995807166064178,0.00281065088757396,KYCG.EPIC.CGI.20210713,N_Shelf,,0.495594465052739
0.0647470619381661,0.297356679031643,-0.526722302215955,Log2(OR),756251,1000,145164,199,0.00136334052683863,0.000651173042570523,0.199,0.00437456150603155,0.00272296872006787,KYCG.EPIC.CGI.20210713,Island,,0.495594465052739
0.27902217203772,0.232913989525241,-0.632804425629534,Log2(OR),756251,1000,11885,19,0.00147676045390953,0.000960887825482992,0.019,0.0179178145917744,0.00294916569654637,KYCG.EPIC.TFBSconsensus.20211013,KLF4,3,0.501179671070504
0.361716656858837,0.233086902864427,-0.632482128768182,Log2(OR),756251,1000,7084,12,0.00148662041625372,0.000994488183841188,0.012,0.022412542560533,0.00296882731321128,KYCG.EPIC.TFBSconsensus.20211013,KMT2A,8,0.501179671070504
0.400665359324646,0.234027308035456,-0.630733462943948,Log2(OR),756251,1000,5745,10,0.00148478099480327,0.00100718454668538,0.01,0.0244689695586817,0.00296515937731653,KYCG.EPIC.TFBSconsensus.20211013,ZNF282,2,0.501179671070504
0.198949801217573,0.234509803438598,-0.62983899733997,Log2(OR),756251,1000,23168,35,0.00145029627481043,0.00092161754959242,0.035,0.0133450582653605,0.00289639192320424,KYCG.EPIC.TFBSconsensus.20211013,NR2F1,4,0.501179671070504
0.142244184530079,0.23490796843279,-0.629102251048301,Log2(OR),756251,1000,46208,67,0.00142126811056193,0.000896123449088691,0.067,0.00987605004022063,0.00283850194882223,KYCG.EPIC.TFBSconsensus.20211013,MAPK1,2,0.501179671070504
0.293458656987225,0.235711438296334,-0.627619342089813,Log2(OR),756251,1000,10526,17,0.00147710487444609,0.000957059627168399,0.017,0.0186849101221129,0.00294985250737463,KYCG.EPIC.TFBSconsensus.20211013,SREBF2,1,0.501527326592471
0.355756803728755,0.237113445017215,-0.625043819572063,Log2(OR),756251,1000,7113,12,0.00148129860511048,0.000978022141307365,0.012,0.0220428661713281,0.00295821521015654,KYCG.EPIC.TFBSconsensus.20211013,CDK9,18,0.502314679957244
0.354526741076836,0.237949875655468,-0.623514517812726,Log2(OR),756251,1000,7119,12,0.00148020229431356,0.000974624197091162,0.012,0.0219665695976692,0.00295602906761917,KYCG.EPIC.TFBSconsensus.20211013,NR5A2,1,0.502314679957244
0.187681050833507,0.238006061640023,-0.623411982005297,Log2(OR),756251,1000,25354,38,0.00144398844809242,0.000904428150126027,0.038,0.0126551666073191,0.00288381270395386,KYCG.EPIC.TFBSconsensus.20211013,SP4,3,0.502314679957244
0.352683574377627,0.239206653994534,-0.621226743776788,Log2(OR),756251,1000,7128,12,0.00147856086742238,0.000969532925975949,0.012,0.0218522452223875,0.00295275590551181,KYCG.EPIC.TFBSconsensus.20211013,CUX1,3,0.502371815704028
0.416584951056633,0.239688327403847,-0.620353115184256,Log2(OR),756251,1000,5113,9,0.00147444298820446,0.000994214230555743,0.009,0.0252278626818123,0.0029445444135449,KYCG.EPIC.TFBSconsensus.20211013,DNMT3A,3,0.502371815704028
0.200549699726546,0.239957929850966,-0.619864893434784,Log2(OR),756251,1000,21815,33,0.00144851198314459,0.000903039656504328,0.033,0.0133996897799311,0.00289283366206443,KYCG.EPIC.TFBSconsensus.20211013,FOXJ2,2,0.502371815704028
0.102020886437257,0.241396194726915,-0.617269580229259,Log2(OR),756251,1000,90277,127,0.00139330773450357,0.000855810947363013,0.127,0.00712411807148738,0.00278273825826879,KYCG.EPIC.TFBSconsensus.20211013,CBX8,1,0.503850451490594
0.149642443940018,0.24195117466215,-0.616272265069921,Log2(OR),756251,1000,39084,57,0.00142403877382767,0.000874218331946649,0.057,0.0103186923366609,0.00284402754216146,KYCG.EPIC.TFBSconsensus.20211013,ERCC3,1,0.503850451490594
0.344112546631679,0.245104974193323,-0.610647875027843,Log2(OR),756251,1000,7170,12,0.00147094876195146,0.000945862685089116,0.012,0.0213206330202407,0.002937576499388,KYCG.EPIC.TFBSconsensus.20211013,NKX2-1,4,0.509064177170747
0.158537206687921,0.24642456094334,-0.60831600855885,Log2(OR),756251,1000,33375,49,0.00142748936666084,0.000862408241468374,0.049,0.0108490138095612,0.00285090909090909,KYCG.EPIC.TFBSconsensus.20211013,HBP1,2,0.510450876239775
0.431621412793116,0.248154063919573,-0.60527860814188,Log2(OR),756251,1000,4497,8,0.00145746037529605,0.000971915975720356,0.008,0.0258930949917506,0.00291067855193742,KYCG.EPIC.TFBSconsensus.20211013,FOSL2,17,0.512677129416955
0.151002329466201,0.250561284148756,-0.601086033818792,Log2(OR),756251,1000,35606,52,0.00142255293538327,0.000844820246966026,0.052,0.0103650288338,0.00284106430639786,KYCG.EPIC.TFBSconsensus.20211013,ETV5,1,0.51493443646629
0.1686152147568,0.250604591148227,-0.6010109768691,Log2(OR),756251,1000,28395,42,0.00143085885599428,0.000852361248286142,0.042,0.0114379820048725,0.00285762884844361,KYCG.EPIC.TFBSconsensus.20211013,HES1,1,0.51493443646629
0.185115704602023,0.251219610127871,-0.599946462713844,Log2(OR),756251,1000,23384,35,0.00143743069530576,0.000857446953320016,0.035,0.0124152701030078,0.00287073490813648,KYCG.EPIC.TFBSconsensus.20211013,E2F6,6,0.51493443646629
0.23705678703789,0.252158599291013,-0.598326216634517,Log2(OR),756251,1000,14167,22,0.00145262462859029,0.000876753665498127,0.022,0.0153895513370297,0.00290103514208479,KYCG.EPIC.TFBSconsensus.20211013,ZNF75A,1,0.515509616827318
0.347022580887637,0.255111796711592,-0.593269458566633,Log2(OR),756251,1000,6558,11,0.00145753279448788,0.000913749856346343,0.011,0.0213523670979296,0.00291082296903943,KYCG.EPIC.TFBSconsensus.20211013,MAX,33,0.520188897982231
0.226765142099363,0.256719420420622,-0.590541276390933,Log2(OR),756251,1000,14917,23,0.00144708695105071,0.000857023727500418,0.023,0.0147693650794569,0.00288999183263178,KYCG.EPIC.TFBSconsensus.20211013,MNT,3,0.522107288803498
0.385332534594058,0.258382454638872,-0.587736980275355,Log2(OR),756251,1000,5224,9,0.00144810941271118,0.00091918422155806,0.009,0.0233337575890109,0.00289203084832905,KYCG.EPIC.TFBSconsensus.20211013,PRDM6,1,0.524128139850354
0.200842811882381,0.259875818100309,-0.585234130480521,Log2(OR),756251,1000,18494,28,0.00143840542484332,0.000835186756432777,0.028,0.0132670731733171,0.00287267877295578,KYCG.EPIC.TFBSconsensus.20211013,E2F2,1,0.525698384800503
0.357948304662418,0.260990408360584,-0.583375453093192,Log2(OR),756251,1000,5916,10,0.00144801621778164,0.000899242932254013,0.01,0.0218579827848504,0.00289184499710816,KYCG.EPIC.TFBSconsensus.20211013,TBP,7,0.525698384800503
0.162343269105083,0.261953133400574,-0.581776402291661,Log2(OR),756251,1000,27832,41,0.00142405612865131,0.000811219240527215,0.041,0.0109954756735333,0.00284406215316315,KYCG.EPIC.TFBSconsensus.20211013,MED12,2,0.525698384800503
0.122499397184084,0.262178363331358,-0.581403151980508,Log2(OR),756251,1000,49615,71,0.00140471668249446,0.000792655750680272,0.071,0.00851945426354184,0.00280549244295169,KYCG.EPIC.TFBSconsensus.20211013,GLIS1,3,0.525698384800503
0.245797164378419,0.2625134973908,-0.580848362004135,Log2(OR),756251,1000,12157,19,0.0014461866341909,0.000846188273512742,0.019,0.0157814194037718,0.00288819639735502,KYCG.EPIC.TFBSconsensus.20211013,TERF1,1,0.525698384800503
0.316097550648461,0.264998227506878,-0.576757030918123,Log2(OR),756251,1000,7309,12,0.00144630589369652,0.000868550194302579,0.012,0.0195831952097667,0.0028884342279456,KYCG.EPIC.TFBSconsensus.20211013,PGBD3,1,0.529320439127259
0.146181031588578,0.266941470357121,-0.573583951696942,Log2(OR),756251,1000,32959,48,0.00141546990652001,0.000787396022412333,0.048,0.00999021439244596,0.00282693836685415,KYCG.EPIC.TFBSconsensus.20211013,WT1,2,0.531462706820329
0.18017822414948,0.26800256394623,-0.571861051111611,Log2(OR),756251,1000,21443,32,0.00142787024229173,0.000799220180906188,0.032,0.012011021535888,0.0028516686717462,KYCG.EPIC.TFBSconsensus.20211013,TLX1,1,0.531462706820329
0.159931524879673,0.268106984922133,-0.571691871307599,Log2(OR),756251,1000,27194,40,0.00142075726362151,0.000789761741180143,0.04,0.01081531952362,0.00283748315244378,KYCG.EPIC.TFBSconsensus.20211013,NFYC,1,0.531462706820329
0.192536732112679,0.269280993036877,-0.569794299802443,Log2(OR),756251,1000,18598,28,0.00143076136944303,0.000800597638240322,0.028,0.0127175107848334,0.00285743443208491,KYCG.EPIC.TFBSconsensus.20211013,LMNA,1,0.532441963504734
0.363489627918838,0.271962138582117,-0.565491552397321,Log2(OR),756251,1000,5303,9,0.00142993326978074,0.000866807004491282,0.009,0.0220100576849658,0.002855782960495,KYCG.EPIC.TFBSconsensus.20211013,YAP1,7,0.536388802291682
0.361295762835453,0.27334905787173,-0.56328241861462,Log2(OR),756251,1000,5311,9,0.00142811805775944,0.000861549035862212,0.009,0.0218771133297757,0.00285216289019173,KYCG.EPIC.TFBSconsensus.20211013,NFKB1,3,0.537739447750811
0.277796597625875,0.274020484869187,-0.562216969540535,Log2(OR),756251,1000,8757,14,0.00143692907728626,0.00082327678632874,0.014,0.0174195429997592,0.00286973454955417,KYCG.EPIC.TFBSconsensus.20211013,BHLHE40,6,0.537739447750811
0.217382268799065,0.277390585920578,-0.556908282095185,Log2(OR),756251,1000,13703,21,0.00143032284429914,0.00078577129565571,0.021,0.0140613077734724,0.0028565598857376,KYCG.EPIC.TFBSconsensus.20211013,KLF16,2,0.539602367203872
0.332080558316231,0.27819200096246,-0.555655361719271,Log2(OR),756251,1000,6022,10,0.00142612664004564,0.000833972188409623,0.01,0.0202771027016342,0.00284819139846198,KYCG.EPIC.TFBSconsensus.20211013,PPARG,8,0.539602367203872
0.132838511638314,0.27861200694332,-0.555000171340395,Log2(OR),756251,1000,36035,52,0.00140605142903496,0.000743127720421808,0.052,0.00911550674473927,0.00280815444849467,KYCG.EPIC.TFBSconsensus.20211013,STAT4,1,0.539602367203872
0.330871583034735,0.279011696685529,-0.554377589918149,Log2(OR),756251,1000,6027,10,0.00142511044605957,0.000830923271333166,0.01,0.0202032217895194,0.00284616479294151,KYCG.EPIC.TFBSconsensus.20211013,PRDM1,3,0.539602367203872
0.152015645228393,0.279041449430192,-0.554331280877762,Log2(OR),756251,1000,27338,40,0.00141352745777087,0.000750637858272609,0.04,0.0102789956312295,0.00282306443644576,KYCG.EPIC.TFBSconsensus.20211013,AGO1,1,0.539602367203872
0.187719563671175,0.279104672691658,-0.554232892614861,Log2(OR),756251,1000,17990,27,0.00142382534409112,0.000766869458981993,0.027,0.0123667248820631,0.0028436018957346,KYCG.EPIC.TFBSconsensus.20211013,LHX2,1,0.539602367203872
0.347658127644629,0.282063433944574,-0.54965321113426,Log2(OR),756251,1000,5361,9,0.0014168765743073,0.000828874853382137,0.009,0.0210507209925959,0.00282974375098255,KYCG.EPIC.TFBSconsensus.20211013,NFATC1,3,0.543210042830485
0.266653488039876,0.283068387107322,-0.548108629651,Log2(OR),756251,1000,8824,14,0.00142711518858308,0.000790161957092445,0.014,0.0167200980558333,0.00285016286644951,KYCG.EPIC.TFBSconsensus.20211013,BATF,2,0.543210042830485
0.173699100687893,0.283422180300164,-0.54756616536226,Log2(OR),756251,1000,20186,30,0.00141803743618832,0.000746752771156682,0.03,0.0115270776764171,0.00283205890682526,KYCG.EPIC.TFBSconsensus.20211013,AUTS2,1,0.543210042830485
0.15275873806149,0.283745731184762,-0.547070663496963,Log2(OR),756251,1000,25953,38,0.00141185212706669,0.000735976005359436,0.038,0.0102961625958089,0.0028197232219048,KYCG.EPIC.TFBSconsensus.20211013,ELK3,1,0.543210042830485
0.136167639139616,0.286723236806001,-0.542537109259004,Log2(OR),756251,1000,31790,46,0.00140483752748595,0.000718732746690576,0.046,0.00928228616269666,0.00280573345532175,KYCG.EPIC.TFBSconsensus.20211013,GTF2E2,1,0.547571449802679
0.316680457447556,0.288736732926182,-0.539497961902647,Log2(OR),756251,1000,6086,10,0.00141322781232335,0.000795145060340757,0.01,0.0193360264153644,0.00282246683601468,KYCG.EPIC.TFBSconsensus.20211013,MYH11,3,0.54855286700455
0.298916185886957,0.288954494284053,-0.539170546300262,Log2(OR),756251,1000,6778,11,0.00141624822968971,0.000786612501521159,0.011,0.0183899228968105,0.00282849061455387,KYCG.EPIC.TFBSconsensus.20211013,RNF2,7,0.54855286700455
0.27046197079933,0.289338868547738,-0.538593221167325,Log2(OR),756251,1000,8171,13,0.00141952391351824,0.000772715471269073,0.013,0.0168601848047885,0.00283502344346309,KYCG.EPIC.TFBSconsensus.20211013,DDX21,3,0.54855286700455
0.256416305278892,0.291524955015369,-0.535324262992139,Log2(OR),756251,1000,8886,14,0.00141815235008104,0.000759749355147539,0.014,0.0160775655457719,0.00283228808415942,KYCG.EPIC.TFBSconsensus.20211013,ZNF423,2,0.549994798417545
0.294405531706802,0.292251895502216,-0.534242663387737,Log2(OR),756251,1000,6799,11,0.00141242937853107,0.000774702948625047,0.011,0.0181121886039803,0.00282087447108604,KYCG.EPIC.TFBSconsensus.20211013,BRD2,8,0.549994798417545
0.35632612821337,0.292474467223739,-0.533912041471862,Log2(OR),756251,1000,4736,8,0.00139664804469274,0.000801452303148809,0.008,0.0213732552264287,0.00278940027894003,KYCG.EPIC.TFBSconsensus.20211013,MAFK,7,0.549994798417545
0.265999348238649,0.292909107203213,-0.533267124915833,Log2(OR),756251,1000,8196,13,0.00141565937057606,0.000759931095953667,0.013,0.0165817343389283,0.00282731622444541,KYCG.EPIC.TFBSconsensus.20211013,KAT5,2,0.549994798417545
0.35142139747007,0.295510989104758,-0.529426364465233,Log2(OR),756251,1000,4752,8,0.00139275766016713,0.00079036790303419,0.008,0.0210788695581865,0.00278164116828929,KYCG.EPIC.TFBSconsensus.20211013,ATF3,14,0.550552897650779
0.250996271498237,0.296057233899682,-0.528624322846353,Log2(OR),756251,1000,8919,14,0.00141342756183746,0.000743651279035924,0.014,0.0157373981673306,0.00282286520818631,KYCG.EPIC.TFBSconsensus.20211013,BRCA1,4,0.550552897650779
0.224235324135546,0.296218989421437,-0.528387104030213,Log2(OR),756251,1000,11035,17,0.00141454484939258,0.000730803653681242,0.017,0.014272686760451,0.00282509347735771,KYCG.EPIC.TFBSconsensus.20211013,ZNF264,1,0.550552897650779
0.223305466810498,0.297084557893376,-0.527119921727096,Log2(OR),756251,1000,11042,17,0.00141372141372141,0.000727767453592312,0.017,0.0142134370946023,0.00282345125394453,KYCG.EPIC.TFBSconsensus.20211013,TCOF1,1,0.550552897650779
0.286491729680029,0.298086972535508,-0.525657003771369,Log2(OR),756251,1000,6836,11,0.00140575079872204,0.000753812408863827,0.011,0.0176249279635892,0.00280755487493619,KYCG.EPIC.TFBSconsensus.20211013,DNMT1,2,0.550552897650779
0.346838118158671,0.298364503052055,-0.525252846901856,Log2(OR),756251,1000,4767,8,0.00138913005730161,0.000780011965211043,0.008,0.0208037818174307,0.00277440610369343,KYCG.EPIC.TFBSconsensus.20211013,POU2F2,4,0.550552897650779
0.346838118158671,0.298364503052055,-0.525252846901856,Log2(OR),756251,1000,4767,8,0.00138913005730161,0.000780011965211043,0.008,0.0208037818174307,0.00277440610369343,KYCG.EPIC.TFBSconsensus.20211013,RAD21,61,0.550552897650779
0.214322023823756,0.298831393999465,-0.524573779264508,Log2(OR),756251,1000,11765,18,0.00141209696399153,0.000718321375939696,0.018,0.013701307517213,0.00282021151586369,KYCG.EPIC.TFBSconsensus.20211013,SETX,1,0.550552897650779
0.28414717451519,0.299827780062489,-0.523128130764225,Log2(OR),756251,1000,6847,11,0.0014037774374681,0.000747624402935016,0.011,0.0174805751890683,0.00280361921753536,KYCG.EPIC.TFBSconsensus.20211013,MYNN,3,0.551091905607814
0.130490932996687,0.304900212897355,-0.515842272387279,Log2(OR),756251,1000,29125,42,0.00139613735332247,0.000659501709287672,0.042,0.00884738703720789,0.00278838174273859,KYCG.EPIC.TFBSconsensus.20211013,POLR2B,2,0.55910273231529
0.333476178979324,0.306770851497534,-0.513185908201448,Log2(OR),756251,1000,4811,8,0.00137859727727038,0.000749831399838203,0.008,0.0200018234118879,0.00275339872655309,KYCG.EPIC.TFBSconsensus.20211013,NANOG,8,0.559924520617864
0.082180086113176,0.306889646709715,-0.513017762766238,Log2(OR),756251,1000,74008,103,0.00137507509512049,0.000629262475951442,0.103,0.00574896618593201,0.00274637372013652,KYCG.EPIC.TFBSconsensus.20211013,CNOT3,2,0.559924520617864
0.178632015246156,0.307673373880609,-0.511910086063457,Log2(OR),756251,1000,15412,23,0.00140338031606565,0.000674864889491833,0.023,0.0116306214842856,0.00280282719961004,KYCG.EPIC.TFBSconsensus.20211013,MAFG,2,0.559924520617864
0.288703692400531,0.30845485345862,-0.510808391853091,Log2(OR),756251,1000,6204,10,0.00139004726160689,0.000724664608202532,0.01,0.0176265752693972,0.00277623542476402,KYCG.EPIC.TFBSconsensus.20211013,SOX2,5,0.559924520617864
0.127810404309257,0.308923873444339,-0.51014852839486,Log2(OR),756251,1000,29177,42,0.00139372822299652,0.000645946154968372,0.042,0.00866533639221268,0.00278357689631176,KYCG.EPIC.TFBSconsensus.20211013,ZNF750,1,0.559924520617864
0.146977117441377,0.310165194846804,-0.508406938095739,Log2(OR),756251,1000,21927,32,0.00139768508407949,0.000651818114645766,0.032,0.00979457347603274,0.00279146857417019,KYCG.EPIC.TFBSconsensus.20211013,ARNT,2,0.560876091374244
0.167743986416101,0.31088815116775,-0.507395829840128,Log2(OR),756251,1000,16880,25,0.00140016802016242,0.000659986883209412,0.025,0.0109878463511925,0.00279642058165548,KYCG.EPIC.TFBSconsensus.20211013,SRC,2,0.560888069963935
0.267839207874342,0.312086764155124,-0.505724649714306,Log2(OR),756251,1000,6924,11,0.00139011752811829,0.000704595589562342,0.011,0.0164765526627093,0.002776375567895,KYCG.EPIC.TFBSconsensus.20211013,TEAD4,9,0.561756175479223
0.157419514169925,0.314911534418551,-0.501811431956064,Log2(OR),756251,1000,18362,27,0.00139643134212568,0.000642963090799274,0.027,0.0103680255999075,0.00278896808180973,KYCG.EPIC.TFBSconsensus.20211013,ZNF197,2,0.564994202839764
0.196588166965188,0.316154768543155,-0.500100263364093,Log2(OR),756251,1000,11908,18,0.00139643134212568,0.000658794508061829,0.018,0.0125664496446056,0.00278896808180973,KYCG.EPIC.TFBSconsensus.20211013,T,6,0.564994202839764
0.248975865218423,0.316325918041211,-0.499865222876763,Log2(OR),756251,1000,7653,12,0.00138872815646337,0.000683624185444589,0.012,0.0154215502358039,0.00277360453022073,KYCG.EPIC.TFBSconsensus.20211013,ZNF585B,1,0.564994202839764
0.317541672775427,0.316962787016068,-0.498991723089041,Log2(OR),756251,1000,4864,8,0.00136612021857924,0.00071386048451401,0.008,0.0190455101355804,0.00272851296043656,KYCG.EPIC.TFBSconsensus.20211013,TP63,14,0.564994202839764
0.125377463696766,0.317493549488501,-0.498265093836596,Log2(OR),756251,1000,27828,40,0.00138946783381965,0.000619017367928207,0.04,0.00847493522323628,0.00277507978354378,KYCG.EPIC.TFBSconsensus.20211013,DDX5,1,0.564994202839764
0.243074781927449,0.321072064865659,-0.493397478931974,Log2(OR),756251,1000,7684,12,0.00138376383763838,0.000667384637105218,0.012,0.0150557520378449,0.00276370336250576,KYCG.EPIC.TFBSconsensus.20211013,GATA6,3,0.570066727414537
0.140532172328515,0.32195052485059,-0.492210862575182,Log2(OR),756251,1000,21332,31,0.00139007219407202,0.000613716357035936,0.031,0.00934425292892471,0.00277628515135232,KYCG.EPIC.TFBSconsensus.20211013,ZNF534,1,0.570333169588263
0.25275220488804,0.323656900232113,-0.489915129567461,Log2(OR),756251,1000,6996,11,0.00137758296806512,0.000664807640389569,0.011,0.0155477770186179,0.00275137568784392,KYCG.EPIC.TFBSconsensus.20211013,UBTF,3,0.570803891637312
0.216803035232408,0.325495715111024,-0.487454724195287,Log2(OR),756251,1000,9130,14,0.00138394622380388,0.000642149605260749,0.014,0.0135916966921534,0.00276406712734452,KYCG.EPIC.TFBSconsensus.20211013,POU3F2,1,0.570803891637312
0.216803035232408,0.325495715111024,-0.487454724195287,Log2(OR),756251,1000,9130,14,0.00138394622380388,0.000642149605260749,0.014,0.0135916966921534,0.00276406712734452,KYCG.EPIC.TFBSconsensus.20211013,THAP11,1,0.570803891637312
0.0915486364969649,0.325772028956081,-0.487086207294289,Log2(OR),756251,1000,47754,67,0.00137613736726436,0.000576622724690745,0.067,0.00634927347418413,0.00274849243139025,KYCG.EPIC.TFBSconsensus.20211013,ICE1,2,0.570803891637312
0.303851168735349,0.325861225494098,-0.486967313532366,Log2(OR),756251,1000,4910,8,0.00135547272111149,0.000682972086544772,0.008,0.0182239116153529,0.0027072758037225,KYCG.EPIC.TFBSconsensus.20211013,GATA2,13,0.570803891637312
0.301483246728599,0.327413348889483,-0.484903618049126,Log2(OR),756251,1000,4918,8,0.00135363790186125,0.00067763112716534,0.008,0.0180818110257348,0.00270361608651571,KYCG.EPIC.TFBSconsensus.20211013,EMX1,3,0.571645073442178
0.300891865116967,0.327801581067098,-0.484388956052096,Log2(OR),756251,1000,4920,8,0.0013531799729364,0.000676297307075284,0.008,0.0180463219958114,0.0027027027027027,KYCG.EPIC.TFBSconsensus.20211013,FAIRE,23,0.571645073442178
0.114935931666124,0.328596094857369,-0.483337602166853,Log2(OR),756251,1000,29428,42,0.00138221549397749,0.000580846440725,0.042,0.00779113011025379,0.00276061522282109,KYCG.EPIC.TFBSconsensus.20211013,NR1H3,4,0.571757205051822
0.145131048920788,0.330042443246237,-0.481430206539214,Log2(OR),756251,1000,18515,27,0.00138546798029557,0.000592731591141985,0.027,0.00955770663136724,0.00276710222905457,KYCG.EPIC.TFBSconsensus.20211013,PAX6,1,0.573000516766748
0.1942623014594,0.331385135999997,-0.479666975391495,Log2(OR),756251,1000,10599,16,0.00138133471466805,0.000614382911244347,0.016,0.0123051634726123,0.0027588585222864,KYCG.EPIC.TFBSconsensus.20211013,DCP1A,2,0.574058764353977
0.22833065786059,0.333085104672938,-0.477444788212428,Log2(OR),756251,1000,7762,12,0.00137142857142857,0.000626820960324058,0.012,0.0141418451345015,0.00273910066194933,KYCG.EPIC.TFBSconsensus.20211013,HCFC1,7,0.575729882911501
0.235962390706374,0.336782262887718,-0.472650789300754,Log2(OR),756251,1000,7077,11,0.00136374907017109,0.000620549478717481,0.011,0.0145142619549514,0.0027237835830135,KYCG.EPIC.TFBSconsensus.20211013,SP140,2,0.580838131808553
0.175290814279567,0.337594989089208,-0.471604008216575,Log2(OR),756251,1000,12082,18,0.00137783221065524,0.000587337302264226,0.018,0.0112038129844154,0.0027518728023238,KYCG.EPIC.TFBSconsensus.20211013,FOXP1,4,0.580960168037032
0.117569898783702,0.339173433545698,-0.469578172088529,Log2(OR),756251,1000,25168,36,0.00137762130720955,0.000551808698860524,0.036,0.00789377333221908,0.00275145215530419,KYCG.EPIC.TFBSconsensus.20211013,SCML2,1,0.582396487864652
0.105127659831358,0.341838394517005,-0.466179159899621,Log2(OR),756251,1000,30328,43,0.00137446060412338,0.000537264971010123,0.043,0.00713527369450051,0.00274514811031665,KYCG.EPIC.TFBSconsensus.20211013,SIX1,2,0.584389166008406
0.197703741144687,0.34254286478679,-0.465285074461919,Log2(OR),756251,1000,9250,14,0.00136772176631497,0.000585492348801511,0.014,0.0123934061991662,0.00273170731707317,KYCG.EPIC.TFBSconsensus.20211013,ATF1,9,0.584389166008406
0.170437604141856,0.342572959384238,-0.46524692056982,Log2(OR),756251,1000,12122,18,0.00137362637362637,0.000571058125890972,0.018,0.0108933379417984,0.00274348422496571,KYCG.EPIC.TFBSconsensus.20211013,FUS,2,0.584389166008406
0.114485183794903,0.343677031655135,-0.463849491309814,Log2(OR),756251,1000,25220,36,0.00137488542621448,0.000537323805737972,0.036,0.0076863921237893,0.00274599542334096,KYCG.EPIC.TFBSconsensus.20211013,TRIM25,3,0.584998077795588
0.10257193413662,0.347999296871453,-0.458421633539501,Log2(OR),756251,1000,29671,42,0.00137124946945705,0.000518338090076025,0.042,0.00695186183864571,0.00273874343842718,KYCG.EPIC.TFBSconsensus.20211013,STAT5A,2,0.591070389263227
0.1582982969021,0.349870736320509,-0.456092380998117,Log2(OR),756251,1000,12903,19,0.00136848170556036,0.000544601007774027,0.019,0.0101586425883446,0.00273322304538589,KYCG.EPIC.TFBSconsensus.20211013,KDM4B,2,0.592457801876271
0.0790664705878118,0.350329453727603,-0.45552334811299,Log2(OR),756251,1000,48142,67,0.00136525725929699,0.000497984716542795,0.067,0.0054820817643475,0.00272679174636767,KYCG.EPIC.TFBSconsensus.20211013,KLF11,4,0.592457801876271
0.0963892939543783,0.353945751751276,-0.451063295941576,Log2(OR),756251,1000,31216,44,0.00136764888723113,0.00049802582170663,0.044,0.00655017457205864,0.00273156195679166,KYCG.EPIC.TFBSconsensus.20211013,ZBTB26,1,0.597283456080278
0.249293696323909,0.273405162027606,-0.563193289991529,Log2(OR),756251,1000,10848,17,0.00143690305130589,0.000812653464258982,0.017,0.0158695702342482,0.00286968264686023,KYCG.EPIC.HMconsensus.20211013,H3K23me2,2,0.600850104726058
0.253386655371003,0.285507620055418,-0.544382296161191,Log2(OR),756251,1000,9542,15,0.00142490738102023,0.000776706773903831,0.015,0.0159737619310205,0.00284575981787137,KYCG.EPIC.HMconsensus.20211013,H3K27ac,1718,0.600850104726058
0.167775176710201,0.294488029223499,-0.530932354350028,Log2(OR),756251,1000,19589,29,0.00141050583657588,0.00070950049568313,0.029,0.0111070464917249,0.00281703822429453,KYCG.EPIC.HMconsensus.20211013,H4K20me3,2,0.600850104726058
0.236156868815177,0.300425052363029,-0.522263854459597,Log2(OR),756251,1000,9655,15,0.00140977443609023,0.000723776697539129,0.015,0.0148865137285885,0.00281557954012201,KYCG.EPIC.HMconsensus.20211013,H3K4me3,1853,0.600850104726058
0.222132332049633,0.358094419117584,-0.446002447391684,Log2(OR),756251,1000,6494,10,0.00133618385889898,0.000557206956509925,0.01,0.0135597883027914,0.00266880170803309,KYCG.EPIC.TFBSconsensus.20211013,ASCL1,3,0.602984796062512
0.147967466484997,0.360979534549642,-0.442517419379952,Log2(OR),756251,1000,12994,19,0.00135957066189624,0.000509029721407799,0.019,0.00949511578259821,0.00271544947834786,KYCG.EPIC.TFBSconsensus.20211013,SMARCC2,2,0.606538574146716
0.145480589806894,0.363675509091424,-0.439285944544906,Log2(OR),756251,1000,13016,19,0.00135743373580053,0.000500467801353414,0.019,0.00933540023982293,0.00271118721461187,KYCG.EPIC.TFBSconsensus.20211013,ZNF584,2,0.609140037059604
0.0733700111364883,0.364083700311487,-0.438798763590727,Log2(OR),756251,1000,46873,65,0.00135960508701473,0.000455638005631266,0.065,0.00508062593558933,0.00271551814175005,KYCG.EPIC.TFBSconsensus.20211013,THAP1,1,0.609140037059604
0.20939537891664,0.367991818840879,-0.434161836412779,Log2(OR),756251,1000,6551,10,0.00132608407373027,0.000525202725335585,0.01,0.0127818471255168,0.00264865580717786,KYCG.EPIC.TFBSconsensus.20211013,TBX5,2,0.613137884282975
0.0882953638476155,0.36911387623739,-0.432839627900927,Log2(OR),756251,1000,30669,43,0.00135964080187188,0.000451215925210429,0.043,0.00599142960042531,0.00271558937762481,KYCG.EPIC.TFBSconsensus.20211013,ZBTB14,1,0.613137884282975
0.185328854276926,0.369307205827234,-0.432612218424097,Log2(OR),756251,1000,7994,12,0.00133600534402138,0.00050860121614989,0.012,0.0114768703971604,0.00266844563042028,KYCG.EPIC.TFBSconsensus.20211013,LEF1,3,0.613137884282975
0.238957425505154,0.369714296106252,-0.432133755810401,Log2(OR),756251,1000,5134,8,0.00130590923930787,0.00053674979127968,0.008,0.0143300162532825,0.0026084121291164,KYCG.EPIC.TFBSconsensus.20211013,USF2,11,0.613137884282975
0.103096063620858,0.370388530352295,-0.431342470375179,Log2(OR),756251,1000,22583,32,0.00135875334380706,0.000457122243059445,0.032,0.00686731358418657,0.00271381927659755,KYCG.EPIC.TFBSconsensus.20211013,MAF,3,0.613137884282975
0.233300981093288,0.373659157912898,-0.427524369269452,Log2(OR),756251,1000,5154,8,0.00130165961601041,0.000524017766844024,0.008,0.0139906485322459,0.00259993500162496,KYCG.EPIC.TFBSconsensus.20211013,GREB1,2,0.616923478858029
0.232454398045725,0.374251152563939,-0.426836853506252,Log2(OR),756251,1000,5157,8,0.00130102455683851,0.00052211237030399,0.008,0.0139398569870854,0.00259866818255644,KYCG.EPIC.TFBSconsensus.20211013,CBX2,1,0.616923478858029
0.153794912290454,0.31933964742067,-0.495747158544524,Log2(OR),756251,1000,18407,27,0.00139318885448916,0.000628145717197945,0.027,0.0101289977098711,0.00278250115937548,KYCG.EPIC.HMconsensus.20211013,H2BK12ac,3,0.618076736943233
0.193683051786622,0.380361583327756,-0.419803353436236,Log2(OR),756251,1000,6622,10,0.00131371518654756,0.00048573565678445,0.01,0.0118222452547105,0.00262398320650748,KYCG.EPIC.TFBSconsensus.20211013,ZNF711,2,0.625678822995027
0.111930756855092,0.382248470198534,-0.417654244007635,Log2(OR),756251,1000,16827,24,0.00134808740099983,0.000431590572237987,0.024,0.0073070667508337,0.00269254501598699,KYCG.EPIC.TFBSconsensus.20211013,KLF7,2,0.627464469948538
0.179352149985979,0.352345195870218,-0.45303164561209,Log2(OR),756251,1000,10037,15,0.00136091453456723,0.00054943735275509,0.015,0.0113030201959774,0.00271812992661049,KYCG.EPIC.HMconsensus.20211013,H3R26Cit,2,0.63096693208742
0.147793190231332,0.388909773254448,-0.41015114294885,Log2(OR),756251,1000,9571,14,0.00132613431846168,0.00043754406002298,0.014,0.00926282727482364,0.00264875603064989,KYCG.EPIC.HMconsensus.20211013,H3K56ac,9,0.63096693208742
0.0697966571531202,0.399979609142299,-0.397962148328803,Log2(OR),756251,1000,31048,43,0.00134354007186377,0.000356664010674669,0.043,0.00473494760876991,0.00268347478781827,KYCG.EPIC.HMconsensus.20211013,H3K36ac,4,0.63096693208742
0.158875072525432,0.400075648726813,-0.397857881876232,Log2(OR),756251,1000,7461,11,0.00130177514792899,0.00041758232095366,0.011,0.00977029917440797,0.00260016546507505,KYCG.EPIC.HMconsensus.20211013,H2BK20ac,2,0.63096693208742
0.128445762116737,0.401973155109385,-0.39580294934625,Log2(OR),756251,1000,10392,15,0.00131844950338402,0.000393374441478481,0.015,0.00809303101580894,0.00263342696629214,KYCG.EPIC.HMconsensus.20211013,H3,21,0.63096693208742
0.130767616896395,0.40525648936278,-0.392270022076285,Log2(OR),756251,1000,9683,14,0.00131221295341644,0.000387106075389648,0.014,0.00819519386070788,0.00262098661424693,KYCG.EPIC.HMconsensus.20211013,H2BK5ac,12,0.63096693208742
0.104796124956564,0.41282548424527,-0.384233500999356,Log2(OR),756251,1000,12676,18,0.00131790891785034,0.000351007963265853,0.018,0.00669556610483801,0.0026323486399532,KYCG.EPIC.HMconsensus.20211013,H4K16ac,6,0.63096693208742
0.0795529757410211,0.418195794937182,-0.378620338435515,Log2(OR),756251,1000,18635,26,0.00132592177061553,0.000318909386810108,0.026,0.00522211425174812,0.00264833206009677,KYCG.EPIC.HMconsensus.20211013,H4K91ac,4,0.63096693208742
0.106928751811739,0.428525081061803,-0.368023754258938,Log2(OR),756251,1000,9842,14,0.00129294421869228,0.000316504606283583,0.014,0.00670055632055022,0.00258254934513927,KYCG.EPIC.HMconsensus.20211013,H3K9ac,228,0.63096693208742
0.104254032237117,0.431160736926403,-0.365360794464589,Log2(OR),756251,1000,9860,14,0.00129079845104186,0.000308584456097099,0.014,0.00653287583800299,0.00257826887661142,KYCG.EPIC.HMconsensus.20211013,H4K5ac,10,0.63096693208742
0.055794969322547,0.386001654120687,-0.413410834255842,Log2(OR),756251,1000,59117,81,0.00134919048570857,0.000383458177916242,0.081,0.00388863735775491,0.0026947452467688,KYCG.EPIC.TFBSconsensus.20211013,ASXL1,1,0.632299780703971
0.164829875654052,0.387141692415135,-0.41213005572623,Log2(OR),756251,1000,8107,12,0.00131940626717977,0.000452285225778826,0.012,0.0102067279852027,0.00263533545624245,KYCG.EPIC.TFBSconsensus.20211013,AEBP2,1,0.632590518354359
0.131514683960022,0.388485342309462,-0.410625362639664,Log2(OR),756251,1000,11755,17,0.00133458941749097,0.000428355620784407,0.017,0.0083671329268451,0.0026656213249706,KYCG.EPIC.TFBSconsensus.20211013,WDHD1,2,0.632590518354359
0.0701442172355123,0.389195860864023,-0.40983178714334,Log2(OR),756251,1000,36106,50,0.0013493091537133,0.000385100159847726,0.05,0.00479857593881317,0.00269498194362098,KYCG.EPIC.TFBSconsensus.20211013,FXR2,1,0.632590518354359
0.0909549467804588,0.390193386222139,-0.408720096170543,Log2(OR),756251,1000,22055,31,0.00134642112578179,0.00039712623065852,0.031,0.00604484941847305,0.00268922142702234,KYCG.EPIC.TFBSconsensus.20211013,TARDBP,4,0.632590518354359
0.128272157183067,0.39190339230729,-0.406820977261983,Log2(OR),756251,1000,11781,17,0.00133187088686932,0.000417788021625079,0.017,0.00816070484469034,0.00266019873249355,KYCG.EPIC.TFBSconsensus.20211013,ZSCAN20,2,0.632590518354359
0.130927055665281,0.394174525334548,-0.404311446682989,Log2(OR),756251,1000,11067,16,0.001327690648079,0.000413918347936551,0.016,0.00829086606808493,0.00265186044584404,KYCG.EPIC.TFBSconsensus.20211013,KLF15,7,0.632590518354359
0.135510808711641,0.394935611605845,-0.403473703876514,Log2(OR),756251,1000,10342,15,0.00132426944468968,0.000415025717672285,0.015,0.00853844757190037,0.00264503614882737,KYCG.EPIC.TFBSconsensus.20211013,MEF2D,2,0.632590518354359
0.115956453618265,0.396280331872311,-0.401997481971369,Log2(OR),756251,1000,13280,19,0.0013323048874553,0.000398845892326901,0.019,0.00743959562033303,0.00266106442577031,KYCG.EPIC.TFBSconsensus.20211013,SETD1A,2,0.632590518354359
0.186138915028294,0.396325059031224,-0.40194846701752,Log2(OR),756251,1000,5990,9,0.00128921357971637,0.000443060191962823,0.009,0.0112666283716421,0.00257510729613734,KYCG.EPIC.TFBSconsensus.20211013,SMAD1,3,0.632590518354359
0.173570324166852,0.396438531892824,-0.40182414082863,Log2(OR),756251,1000,6714,10,0.00129802699896158,0.000435235292156033,0.01,0.0105940077523485,0.00259268861809697,KYCG.EPIC.TFBSconsensus.20211013,CHRM2,3,0.632590518354359
0.0898447938895404,0.396670222472856,-0.40157040023448,Log2(OR),756251,1000,20645,29,0.00134159881569208,0.000379803926078627,0.029,0.0059437228075474,0.00267960267960268,KYCG.EPIC.TFBSconsensus.20211013,ARRB1,2,0.632590518354359
0.185409680993915,0.396881130645143,-0.40133954874085,Log2(OR),756251,1000,5993,9,0.00128865979381443,0.000441322192703221,0.009,0.0112224698403396,0.00257400257400257,KYCG.EPIC.TFBSconsensus.20211013,RBP2,2,0.632590518354359
0.0956142176157678,0.396897276253722,-0.40132188147086,Log2(OR),756251,1000,18434,26,0.0013396537510305,0.000383313907992715,0.026,0.00627725275327506,0.00267572295976124,KYCG.EPIC.TFBSconsensus.20211013,HDAC8,2,0.632590518354359
0.14458725112759,0.398322160548466,-0.39976553105944,Log2(OR),756251,1000,8906,13,0.00131406044678055,0.000412683997901111,0.013,0.009009259711938,0.0026246719160105,KYCG.EPIC.TFBSconsensus.20211013,OSR2,3,0.632590518354359
0.0989029696618286,0.398610326988955,-0.399451454014306,Log2(OR),756251,1000,16976,24,0.00133689839572193,0.000381338476642816,0.024,0.00645595852229564,0.00267022696929239,KYCG.EPIC.TFBSconsensus.20211013,PBX1,1,0.632590518354359
0.182496367046036,0.39910563993238,-0.398912134971667,Log2(OR),756251,1000,6005,9,0.00128644939965695,0.000434379094862762,0.009,0.0110460564894528,0.00256959314775161,KYCG.EPIC.TFBSconsensus.20211013,CBFB,7,0.632590518354359
0.17934679666413,0.401515864341706,-0.396297290584681,Log2(OR),756251,1000,6018,9,0.00128406334712512,0.000426873416710806,0.009,0.010855339408723,0.00256483328583642,KYCG.EPIC.TFBSconsensus.20211013,KMT2D,8,0.635125094504154
0.136238663249609,0.406073173699291,-0.391395700239566,Log2(OR),756251,1000,8957,13,0.00130732099758648,0.000388838634722466,0.013,0.00848879217952647,0.00261122828161093,KYCG.EPIC.TFBSconsensus.20211013,ASCL2,1,0.640749059846015
0.172586001272751,0.406707896224099,-0.390717395696558,Log2(OR),756251,1000,6046,9,0.00127895409975842,0.000410763520125209,0.009,0.0104459596189497,0.00255464093102469,KYCG.EPIC.TFBSconsensus.20211013,NCAPG,2,0.640749059846015
0.087522388988209,0.407584225509967,-0.389782632581571,Log2(OR),756251,1000,18535,26,0.00133271823261059,0.000350864972650519,0.026,0.00574562850919613,0.00266188891732787,KYCG.EPIC.TFBSconsensus.20211013,NEUROD1,8,0.640840258181333
0.0615325637492918,0.409952890270023,-0.387266047356556,Log2(OR),756251,1000,33401,46,0.00133896084994906,0.000324701877931794,0.046,0.00418992151250763,0.00267434086218424,KYCG.EPIC.TFBSconsensus.20211013,MEF2C,1,0.643272771706268
0.0968252843346057,0.410893855381114,-0.386270353247812,Log2(OR),756251,1000,14872,21,0.00132483754968141,0.000349749668558252,0.021,0.00625835919669404,0.00264616935483871,KYCG.EPIC.TFBSconsensus.20211013,FOXD2,1,0.643459777526825
0.178995441404674,0.412411578324497,-0.384669150537278,Log2(OR),756251,1000,5350,8,0.00126143172500788,0.000401873266114186,0.008,0.0107328613156548,0.00251968503937008,KYCG.EPIC.TFBSconsensus.20211013,RB1,4,0.643679369058033
0.104448412237021,0.413210238619705,-0.38382892596909,Log2(OR),756251,1000,12679,18,0.00131761950076861,0.00034984287001637,0.018,0.00667333755684352,0.00263177132831347,KYCG.EPIC.TFBSconsensus.20211013,ZNF384,2,0.643679369058033
0.0455330288496962,0.41428547548634,-0.382700292448047,Log2(OR),756251,1000,54351,74,0.0013387123034897,0.000300236305251988,0.074,0.00316507064353355,0.00267384509764955,KYCG.EPIC.TFBSconsensus.20211013,ZNF766,2,0.643679369058033
0.110401394008655,0.415420703925725,-0.381511862695892,Log2(OR),756251,1000,11223,16,0.00131072335545179,0.000348996509331234,0.016,0.00699040758541103,0.00261801521721345,KYCG.EPIC.TFBSconsensus.20211013,ZNF382,4,0.643679369058033
0.173294763087444,0.416564511388121,-0.380317731903429,Log2(OR),756251,1000,5371,8,0.00125726858400126,0.000389059829391021,0.008,0.0103909169130691,0.00251137968921676,KYCG.EPIC.TFBSconsensus.20211013,FOXM1,19,0.643679369058033
0.11385736512749,0.416638604188301,-0.38024049240744,Log2(OR),756251,1000,10496,15,0.00130650640188137,0.000348674213808454,0.015,0.00717338927913058,0.00260960334029228,KYCG.EPIC.TFBSconsensus.20211013,FOXP3,1,0.643679369058033
0.0892894250644545,0.416788556976274,-0.38008421319769,Log2(OR),756251,1000,15661,22,0.00132219484344011,0.000329942082231588,0.022,0.00579094893419696,0.0026408979052878,KYCG.EPIC.TFBSconsensus.20211013,ZNF479,1,0.643679369058033
0.088918679229548,0.4203705959584,-0.376367669569628,Log2(OR),756251,1000,14952,21,0.00131818467139539,0.000321181393782492,0.021,0.00574701520934862,0.00263289869608827,KYCG.EPIC.TFBSconsensus.20211013,NFIC,5,0.646845651031818
0.0972804227959325,0.421166498451356,-0.375546181922365,Log2(OR),756251,1000,12741,18,0.00131166654521606,0.000325825853772562,0.018,0.00621512133784585,0.00261989665963176,KYCG.EPIC.TFBSconsensus.20211013,ZNF697,1,0.646845651031818
0.123265758692313,0.424263473157969,-0.372364357082768,Log2(OR),756251,1000,8341,12,0.00128631150176868,0.00033816119919977,0.012,0.00763187903594575,0.00256931806016486,KYCG.EPIC.TFBSconsensus.20211013,IRF9,1,0.646845651031818
0.0496635323562691,0.424593197160806,-0.372026968387616,Log2(OR),756251,1000,38063,52,0.00133295737099792,0.000277754443353096,0.052,0.00340318010618002,0.0026623659217162,KYCG.EPIC.TFBSconsensus.20211013,HMBOX1,1,0.646845651031818
0.149402839417445,0.424691412660534,-0.371926520435855,Log2(OR),756251,1000,6143,9,0.00126156433978133,0.000355537439985873,0.009,0.00904226788844587,0.00251994960100798,KYCG.EPIC.TFBSconsensus.20211013,SNAI2,9,0.646845651031818
0.0396510758201562,0.424841159154611,-0.371773414883711,Log2(OR),756251,1000,57512,78,0.00133483930588356,0.000267842684874458,0.078,0.00275978855748615,0.00266611977030353,KYCG.EPIC.TFBSconsensus.20211013,HOXA6,1,0.646845651031818
0.161422006795244,0.425260323223986,-0.371345135058613,Log2(OR),756251,1000,5415,8,0.00124863430622756,0.000362377953505365,0.008,0.00967877652898386,0.00249415432579891,KYCG.EPIC.TFBSconsensus.20211013,ZNF707,1,0.646845651031818
0.0815847427205208,0.426281598635097,-0.370303414206544,Log2(OR),756251,1000,15743,22,0.00131571078284792,0.000301464894915033,0.022,0.00529097445150151,0.00262796392522248,KYCG.EPIC.TFBSconsensus.20211013,COPS2,1,0.646845651031818
0.146560128577185,0.42691463098525,-0.369658961037528,Log2(OR),756251,1000,6155,9,0.00125944584382872,0.000348767196325034,0.009,0.00887015800473123,0.00251572327044025,KYCG.EPIC.TFBSconsensus.20211013,DPF2,3,0.646845651031818
0.14632348454484,0.427099874308365,-0.3694705563821,Log2(OR),756251,1000,6156,9,0.0012592696236183,0.000348203615717137,0.009,0.00885583066412243,0.00251537171604248,KYCG.EPIC.TFBSconsensus.20211013,RAD51,3,0.646845651031818
0.075629309670462,0.430979689455436,-0.365543196115999,Log2(OR),756251,1000,16526,23,0.00131406044678055,0.000285588987241639,0.023,0.00492060083875923,0.0026246719160105,KYCG.EPIC.TFBSconsensus.20211013,GFI1B,1,0.650621999257172
0.151512106854455,0.432564437357273,-0.363949188305066,Log2(OR),756251,1000,5452,8,0.00124146492861577,0.000340111700754963,0.008,0.00908439585502974,0.00247985120892746,KYCG.EPIC.TFBSconsensus.20211013,HINFP,2,0.650621999257172
0.113838115898684,0.432839312751587,-0.363673301192348,Log2(OR),756251,1000,8395,12,0.0012789086646062,0.000312285328272043,0.012,0.00704794566704869,0.00255455029270889,KYCG.EPIC.TFBSconsensus.20211013,BCL11A,3,0.650621999257172
0.0863635445021056,0.433369382736451,-0.363141774553599,Log2(OR),756251,1000,12836,18,0.00130264871906209,0.000289251326147262,0.018,0.00551732376918812,0.002601908065915,KYCG.EPIC.TFBSconsensus.20211013,NCOR1,2,0.650621999257172
0.149911399229489,0.433747999504782,-0.362762515212108,Log2(OR),756251,1000,5458,8,0.00124031007751938,0.000336515480787845,0.008,0.00898839005114938,0.00247754722824404,KYCG.EPIC.TFBSconsensus.20211013,MXD3,1,0.650621999257172
0.148578812018509,0.43473409127413,-0.361776301673206,Log2(OR),756251,1000,5463,8,0.00123934934159566,0.000333521706318096,0.008,0.0089084658006291,0.00247563051214606,KYCG.EPIC.TFBSconsensus.20211013,E2F1,36,0.650745855875808
0.0477534899379855,0.435492756678063,-0.36101906398791,Log2(OR),756251,1000,32973,45,0.00132633812780005,0.000249361401877999,0.045,0.00324699190059063,0.0026491625702764,KYCG.EPIC.TFBSconsensus.20211013,DLX1,1,0.650745855875808
0.109840859981327,0.436490694381457,-0.360025010656837,Log2(OR),756251,1000,8418,12,0.00127578141611737,0.000301315084406618,0.012,0.00680037306118075,0.00254831174346995,KYCG.EPIC.TFBSconsensus.20211013,SIRT6,1,0.650994692763202
0.144322666650461,0.437888231830578,-0.358636726239065,Log2(OR),756251,1000,5479,8,0.00123628496368413,0.00032396034631079,0.008,0.00865319888750693,0.00246951690075629,KYCG.EPIC.TFBSconsensus.20211013,EHMT2,6,0.651786404472156
0.0787720637858966,0.438686379510634,-0.35784584951391,Log2(OR),756251,1000,13620,19,0.00130128073419629,0.000270911293799917,0.019,0.00505280394188756,0.00259917920656635,KYCG.EPIC.TFBSconsensus.20211013,HOXA1,1,0.651786404472156
0.105854403424606,0.440140863167768,-0.356408309182022,Log2(OR),756251,1000,8441,12,0.00127266942411709,0.000290375010866334,0.012,0.00655347596121558,0.00254210359072132,KYCG.EPIC.TFBSconsensus.20211013,NELFE,15,0.651859311704981
0.105508263456336,0.440458201881112,-0.356095298497511,Log2(OR),756251,1000,8443,12,0.0012723995334535,0.000289425119799673,0.012,0.0065320384508103,0.00254156518055703,KYCG.EPIC.TFBSconsensus.20211013,SIX2,4,0.651859311704981
0.154265605922505,0.44123299515152,-0.355332018724048,Log2(OR),756251,1000,4761,7,0.00121654501216545,0.000324095362367772,0.007,0.00915172322856406,0.00243013365735115,KYCG.EPIC.TFBSconsensus.20211013,PRMT1,2,0.651859311704981
0.135583253725906,0.444386465424069,-0.352239176736466,Log2(OR),756251,1000,5512,8,0.001230012300123,0.000304329453291638,0.008,0.00812905686294663,0.00245700245700246,KYCG.EPIC.TFBSconsensus.20211013,KAT8,2,0.655017003496469
0.123548608466972,0.445043481302838,-0.351597555833949,Log2(OR),756251,1000,6253,9,0.00124240750966317,0.000293973759191066,0.009,0.00747702610218171,0.00248173169722873,KYCG.EPIC.TFBSconsensus.20211013,ZBTB6,2,0.655017003496469
0.0825049040318259,0.448690307948624,-0.348053311456209,Log2(OR),756251,1000,10723,15,0.00128117526477622,0.000252633788924887,0.015,0.00519734752665957,0.00255907190992067,KYCG.EPIC.TFBSconsensus.20211013,MTA3,2,0.656577388757941
0.109627180372704,0.449100055725052,-0.347656891049329,Log2(OR),756251,1000,7015,10,0.00124921923797626,0.000274804123602874,0.01,0.00669000231295258,0.00249532127261385,KYCG.EPIC.TFBSconsensus.20211013,ZNF83,3,0.656577388757941
0.0990850133891656,0.451939059076814,-0.344920122912031,Log2(OR),756251,1000,7773,11,0.00125542113672677,0.000260359236706138,0.011,0.00609227093455056,0.00250769406132452,KYCG.EPIC.TFBSconsensus.20211013,TCF12,10,0.656577388757941
0.0871138322172477,0.45263186316795,-0.344254877003164,Log2(OR),756251,1000,9263,13,0.00126829268292683,0.000248582802933225,0.013,0.00542689518526318,0.00253337230829192,KYCG.EPIC.TFBSconsensus.20211013,SMARCC1,7,0.656577388757941
0.0586121713652543,0.45491653202033,-0.342068280284261,Log2(OR),756251,1000,15990,22,0.0012965582272513,0.000216566963503525,0.022,0.00380054109566785,0.0025897586815774,KYCG.EPIC.TFBSconsensus.20211013,ARNTL,1,0.656577388757941
0.0384238239462308,0.454945299584941,-0.342040817664908,Log2(OR),756251,1000,30963,42,0.00131574825350083,0.000194141716585059,0.042,0.002601911966712,0.00262803866971185,KYCG.EPIC.TFBSconsensus.20211013,TET1,1,0.656577388757941
0.101955662268503,0.45554959142144,-0.341464338540912,Log2(OR),756251,1000,7052,10,0.00124347177319075,0.000255566457305942,0.01,0.00622171276807904,0.00248385494287134,KYCG.EPIC.TFBSconsensus.20211013,ELK4,4,0.656577388757941
0.120609700631338,0.455583793199503,-0.341431733779102,Log2(OR),756251,1000,5569,8,0.00121932632220698,0.000270701108936057,0.008,0.00723106856718125,0.00243568275232151,KYCG.EPIC.TFBSconsensus.20211013,C17orf49,2,0.656577388757941
0.0616764488372172,0.455969420295525,-0.341064282428186,Log2(OR),756251,1000,14505,20,0.00129157248950597,0.000217507166706695,0.02,0.00397109437995602,0.00257981296356014,KYCG.EPIC.TFBSconsensus.20211013,LYL1,1,0.656577388757941
0.132441180003411,0.45644049431164,-0.340615832974339,Log2(OR),756251,1000,4833,7,0.00120151047030553,0.000278212790784675,0.007,0.00785669477846951,0.00240013715069433,KYCG.EPIC.TFBSconsensus.20211013,ZNF778,1,0.656577388757941
0.0828566399996107,0.456731472414746,-0.340339061033423,Log2(OR),756251,1000,9290,13,0.00126496059161234,0.000236431787277338,0.013,0.00516160168429214,0.00252672497570457,KYCG.EPIC.TFBSconsensus.20211013,ZSCAN23,2,0.656577388757941
0.0570438775149894,0.45688700523976,-0.340191193953317,Log2(OR),756251,1000,16007,22,0.00129526052399176,0.000210771637464649,0.022,0.00369880907520392,0.00258716998882813,KYCG.EPIC.TFBSconsensus.20211013,ZBTB42,1,0.656577388757941
0.0442935169126719,0.457052537185057,-0.340033875864165,Log2(OR),756251,1000,23492,32,0.00130825838103025,0.000196366163484211,0.032,0.00294864546766105,0.00261309815449943,KYCG.EPIC.TFBSconsensus.20211013,ERCC6,1,0.656577388757941
0.0673702790488584,0.457843236605154,-0.339283196955534,Log2(OR),756251,1000,12280,17,0.00128176129080902,0.000219381958336115,0.017,0.00428476474596473,0.00256024096385542,KYCG.EPIC.TFBSconsensus.20211013,ZSCAN5A,2,0.656577388757941
0.0170397881870082,0.460875798927955,-0.336416096535919,Log2(OR),756251,1000,110805,148,0.00132548787805512,0.000152412335267897,0.148,0.00117795120534825,0.00264746657126247,KYCG.EPIC.TFBSconsensus.20211013,CDCA2,1,0.659143052291717
0.0323460821218297,0.461315954860614,-0.336001524823557,Log2(OR),756251,1000,34793,47,0.00131483242880322,0.000172434995021069,0.047,0.0022041584889112,0.0026262118291286,KYCG.EPIC.TFBSconsensus.20211013,ZNF574,1,0.659143052291717
0.123442997691532,0.462752280429303,-0.334651432379656,Log2(OR),756251,1000,4863,7,0.00119535519125683,0.000259299946364085,0.007,0.00732278434535605,0.00238785604639263,KYCG.EPIC.TFBSconsensus.20211013,MYC,90,0.659681065829413
0.056364857631274,0.464789636087634,-0.33274356443901,Log2(OR),756251,1000,13829,19,0.0012829169480081,0.000193839142259497,0.019,0.00361502240834444,0.00256254636185852,KYCG.EPIC.TFBSconsensus.20211013,BRD9,1,0.659681065829413
0.0703503169865075,0.464934138013503,-0.332608564364186,Log2(OR),756251,1000,10091,14,0.00126388011194367,0.00020821056332718,0.014,0.00440773888417079,0.00252456947074204,KYCG.EPIC.TFBSconsensus.20211013,MTA2,5,0.659681065829413
0.120157496124589,0.465062513841426,-0.332488665192679,Log2(OR),756251,1000,4874,7,0.00119311402761207,0.000252394903941163,0.007,0.0071278420507952,0.00238338440585632,KYCG.EPIC.TFBSconsensus.20211013,GATA3,23,0.659681065829413
0.0573585767734672,0.468933221244219,-0.328888998884161,Log2(OR),756251,1000,12364,17,0.00127369446317525,0.000186776436725748,0.017,0.00364782598852575,0.00254414845854535,KYCG.EPIC.TFBSconsensus.20211013,STAT5,1,0.661236921390606
0.0658589301607584,0.469451997698005,-0.328408808511112,Log2(OR),756251,1000,10122,14,0.00126035289881167,0.000194915764462705,0.014,0.00412625634355113,0.00251753281783852,KYCG.EPIC.TFBSconsensus.20211013,USF1,12,0.661236921390606
0.0590305892355221,0.469991682307456,-0.327909827936492,Log2(OR),756251,1000,11623,16,0.00126913619417784,0.000186577165749809,0.016,0.0037367707716347,0.00253505505822705,KYCG.EPIC.TFBSconsensus.20211013,EGR1,7,0.661236921390606
0.100106840423916,0.471033179419595,-0.326948500235593,Log2(OR),756251,1000,5648,8,0.00120481927710843,0.000224665584146159,0.008,0.00600156866911972,0.00240673886883273,KYCG.EPIC.TFBSconsensus.20211013,ZNF324,3,0.661236921390606
0.040476578241785,0.471222644132666,-0.326773848132725,Log2(OR),756251,1000,19133,26,0.00129308201123987,0.000162248836279613,0.026,0.00265615028264321,0.00258282421894402,KYCG.EPIC.TFBSconsensus.20211013,BCLAF1,2,0.661236921390606
0.0246325734738564,0.471746489955456,-0.326291322532713,Log2(OR),756251,1000,39439,53,0.00131233595800525,0.000139004453650223,0.053,0.00168880070780508,0.00262123197903014,KYCG.EPIC.TFBSconsensus.20211013,CSDE1,2,0.661236921390606
0.0810121194149004,0.473268762152455,-0.324892159957377,Log2(OR),756251,1000,7154,10,0.0012278978388998,0.000203054931230774,0.01,0.00494336490939618,0.00245278390973755,KYCG.EPIC.TFBSconsensus.20211013,GLI2,5,0.661236921390606
0.107976192617113,0.473652547891143,-0.324540122177882,Log2(OR),756251,1000,4915,7,0.00118483412322275,0.000226796398235719,0.007,0.00640509481148466,0.00236686390532544,KYCG.EPIC.TFBSconsensus.20211013,ZBTB48,15,0.661236921390606
0.0959890891062844,0.474150645606581,-0.324083653766165,Log2(OR),756251,1000,5664,8,0.00120192307692308,0.000215421234101735,0.008,0.00575465119782548,0.00240096038415366,KYCG.EPIC.TFBSconsensus.20211013,NCOR2,2,0.661236921390606
0.0643935927245985,0.474604278188404,-0.32366835127409,Log2(OR),756251,1000,9408,13,0.00125060125060125,0.000183738996256406,0.013,0.00401114756817078,0.00249807840122982,KYCG.EPIC.TFBSconsensus.20211013,NR0B1,1,0.661236921390606
0.0519346825963423,0.480489122530448,-0.318316439584354,Log2(OR),756251,1000,10949,15,0.0012569130216189,0.000159015557180237,0.015,0.00327113681184765,0.00251067034898318,KYCG.EPIC.TFBSconsensus.20211013,ZNF217,1,0.66764575383928
0.051533084729451,0.480909585140937,-0.317936566797408,Log2(OR),756251,1000,10952,15,0.00125659713495853,0.000157785827761283,0.015,0.00324583591500338,0.00251004016064257,KYCG.EPIC.TFBSconsensus.20211013,HOXC9,2,0.66764575383928
0.0964825543239884,0.481790663960765,-0.31714161992424,Log2(OR),756251,1000,4954,7,0.00117706406591559,0.00020264641743672,0.007,0.00572317690853619,0.00235136042996305,KYCG.EPIC.TFBSconsensus.20211013,ELL2,7,0.667685114834122
0.0903309006028895,0.48615838917805,-0.313222215636063,Log2(OR),756251,1000,4975,7,0.00117292225201072,0.000189722035782433,0.007,0.00535821057443253,0.00234309623430962,KYCG.EPIC.TFBSconsensus.20211013,SMC3,23,0.672547736265748
0.0338686382794029,0.49128137393394,-0.3086697010617,Log2(OR),756251,1000,14042,19,0.00126472741795913,0.000116470945777241,0.019,0.00217190968087966,0.00252625980587688,KYCG.EPIC.TFBSconsensus.20211013,CREB3,2,0.678436183051632
-0.0138651646343698,0.54592709921358,-0.26286534726426,Log2(OR),756251,1000,25952,34,0.00126309532654729,-6.32939844683972e-05,0.034,-0.000926105436318214,0.00252300385871178,KYCG.EPIC.CGI.20210713,S_Shelf,,0.682408874016976
0.056485455304122,0.478907370161569,-0.319748479315984,Log2(OR),756251,1000,10187,14,0.00125302067484113,0.000167170965876946,0.014,0.00353883935315436,0.00250290515777241,KYCG.EPIC.HMconsensus.20211013,H2AZac,8,0.684153385945099
0.0101403410875739,0.498087862002739,-0.302694041542987,Log2(OR),756251,1000,44325,59,0.00130340653028763,6.01835278114193e-05,0.059,0.000698480831349713,0.00260341974627689,KYCG.EPIC.TFBSconsensus.20211013,NPAT,1,0.686624640753777
-0.072702316882161,0.687316990075711,-0.162842920451585,Log2(OR),756251,1000,67304,85,0.00124598718831997,-0.000510776629705458,0.085,-0.00505311216958593,0.00248887327242914,KYCG.EPIC.CGI.20210713,S_Shore,,0.687316990075711
0.00768102039241667,0.50214497294434,-0.299170880742963,Log2(OR),756251,1000,47407,63,0.00130316068178057,4.70070843569563e-05,0.063,0.000530489214261243,0.00260292932840292,KYCG.EPIC.TFBSconsensus.20211013,ETS2,1,0.691000903014794
0.055685968497596,0.504871079727065,-0.296819506061645,Log2(OR),756251,1000,5823,8,0.00117388114453412,0.000124959016348076,0.008,0.00333813791637505,0.0023450095266012,KYCG.EPIC.TFBSconsensus.20211013,ELK1,8,0.693533430572442
0.0345599827257105,0.506545810648703,-0.295381272095848,Log2(OR),756251,1000,8863,12,0.00121815044157954,9.47875620975666e-05,0.012,0.00213907518929268,0.00243333671296766,KYCG.EPIC.TFBSconsensus.20211013,RPE,4,0.694418664141418
0.0216088318771198,0.507289241237409,-0.29474434824986,Log2(OR),756251,1000,13414,18,0.00125034731869964,7.23649592675066e-05,0.018,0.00137997449104987,0.0024975718051894,KYCG.EPIC.TFBSconsensus.20211013,KDM5B,11,0.694418664141418
0.0041969265254213,0.508648234933827,-0.293582458213965,Log2(OR),756251,1000,51286,68,0.00130223294649355,2.66132775066809e-05,0.068,0.000290657678527984,0.00260107868263015,KYCG.EPIC.TFBSconsensus.20211013,ELF3,3,0.695063818417429
0.0250516954554008,0.510817408281377,-0.291734310720065,Log2(OR),756251,1000,10408,14,0.0012287168685273,7.41387601419079e-05,0.014,0.00156928780588239,0.00245441795231417,KYCG.EPIC.TFBSconsensus.20211013,EED,3,0.696811900146896
0.0292175056817472,0.514438826999402,-0.28866626069963,Log2(OR),756251,1000,8154,11,0.0012031062014656,7.67616770790046e-05,0.011,0.00179604076074003,0.00240332095258903,KYCG.EPIC.TFBSconsensus.20211013,ZFX,12,0.699897610030111
0.0197132817576301,0.516257800723987,-0.287133373038619,Log2(OR),756251,1000,10446,14,0.00122463261021694,5.83399558671053e-05,0.014,0.00123485034925608,0.00244626943910536,KYCG.EPIC.TFBSconsensus.20211013,TBX21,3,0.699897610030111
0.0351693613964085,0.516296845179624,-0.28710052869143,Log2(OR),756251,1000,6644,9,0.00117878192534381,8.36626298373438e-05,0.009,0.00212793389823118,0.00235478806907378,KYCG.EPIC.TFBSconsensus.20211013,TAFII,2,0.699897610030111
0.0173954551577391,0.51681889327154,-0.286661618283882,Log2(OR),756251,1000,11210,15,0.001230012300123,5.32603414881464e-05,0.015,0.00109548677480764,0.00245700245700246,KYCG.EPIC.TFBSconsensus.20211013,CD74,1,0.699897610030111
0.0336346140408366,0.517548807416902,-0.286048687818245,Log2(OR),756251,1000,6651,9,0.00117770217220623,8.00115838127689e-05,0.009,0.00203506535042952,0.00235263364266109,KYCG.EPIC.TFBSconsensus.20211013,HIF1A,4,0.699897610030111
0.00286686998016876,0.518773161994959,-0.285022499625318,Log2(OR),756251,1000,27173,36,0.00127945409958418,1.34524832310434e-05,0.036,0.000192226757850911,0.00255563837716963,KYCG.EPIC.TFBSconsensus.20211013,KDM6B,2,0.700343768693195
0.00100892548527962,0.52090695042006,-0.28323984777187,Log2(OR),756251,1000,29474,39,0.00128141941843273,4.91992029397864e-06,0.039,6.79843466320218e-05,0.00255955896830085,KYCG.EPIC.TFBSconsensus.20211013,NFRKB,2,0.702014014077292
0.0306486655136287,0.524093704516498,-0.280591057069333,Log2(OR),756251,1000,5924,8,0.00115673799884326,6.87732664137102e-05,0.008,0.00183715395416506,0.00231080300404391,KYCG.EPIC.TFBSconsensus.20211013,STAT1,13,0.705095138550547
0.008031322249022,0.525361487895893,-0.279541766737097,Log2(OR),756251,1000,12034,16,0.00122906744507605,2.53833393021435e-05,0.016,0.000508271272688265,0.00245511738529999,KYCG.EPIC.TFBSconsensus.20211013,KDM3A,1,0.70558841341764
0.0106741953788566,0.529083609707664,-0.276475692113329,Log2(OR),756251,1000,9009,12,0.00120036010803241,2.92757686131277e-05,0.012,0.000660616972552708,0.00239784194225197,KYCG.EPIC.TFBSconsensus.20211013,NBN,4,0.708297763414418
0.024027352952339,0.529187984160197,-0.276390025543052,Log2(OR),756251,1000,5951,8,0.0011522396658505,5.39153197075227e-05,0.008,0.00144023499934054,0.00230182707524097,KYCG.EPIC.TFBSconsensus.20211013,GRHL2,12,0.708297763414418
-0.000532210357991607,0.530668250837896,-0.275176894843522,Log2(OR),756251,1000,15887,21,0.00124510850231234,-1.92216016837617e-06,0.021,-3.43774187125945e-05,0.0024871202700302,KYCG.EPIC.TFBSconsensus.20211013,CBX6,1,0.709066963150294
0.0314296155548869,0.50949535157927,-0.292859773959188,Log2(OR),756251,1000,8882,12,0.00121580547112462,8.62016804263085e-05,0.012,0.00194530031794971,0.00242865816636308,KYCG.EPIC.HMconsensus.20211013,H4K20me1,2,0.710923746389679
0.00919578564700689,0.534853249111157,-0.271765361612147,Log2(OR),756251,1000,7515,10,0.00117577895355673,2.30467943196299e-05,0.01,0.000561009307107563,0.00234879624192601,KYCG.EPIC.TFBSconsensus.20211013,ZNF695,1,0.712634842364602
0.00629259675256474,0.535158732197172,-0.271517383786677,Log2(OR),756251,1000,8283,11,0.00118636755823986,1.6532124243803e-05,0.011,0.000386785204408824,0.00236992351610471,KYCG.EPIC.TFBSconsensus.20211013,LMTK3,1,0.712634842364602
-0.0105722320317855,0.540451584162526,-0.267243205823258,Log2(OR),756251,1000,40360,53,0.00128307550778318,-5.96605989767174e-05,0.053,-0.000724372522406425,0.00256286266924565,KYCG.EPIC.TFBSconsensus.20211013,VEZF1,1,0.715041807948054
0.0123517584827606,0.542019378641624,-0.265985185995424,Log2(OR),756251,1000,5249,7,0.00112143543735982,2.5939194223353e-05,0.007,0.00073256768104768,0.00224035845735318,KYCG.EPIC.TFBSconsensus.20211013,ERG,29,0.715041807948054
-0.00707033890696568,0.545848948417388,-0.262927522029267,Log2(OR),756251,1000,9119,12,0.00118729593351143,-1.93917179207471e-05,0.012,-0.000437548581013747,0.00237177586718055,KYCG.EPIC.TFBSconsensus.20211013,KAT2B,1,0.715041807948054
0.00654332177646557,0.546200340053428,-0.262648033813127,Log2(OR),756251,1000,5270,7,0.00111767523551014,1.37412474661656e-05,0.007,0.000388071993037809,0.00223285486443381,KYCG.EPIC.TFBSconsensus.20211013,CDC5L,2,0.715041807948054
-0.0141273424496438,0.546377982809185,-0.262506809577499,Log2(OR),756251,1000,28246,37,0.00126673285631141,-6.71713314765256e-05,0.037,-0.000948684074632222,0.00253026054845107,KYCG.EPIC.TFBSconsensus.20211013,TRIM22,2,0.715041807948054
0.0016878180181091,0.546391827923414,-0.262495804777307,Log2(OR),756251,1000,6043,8,0.00113717128642502,3.78731384977792e-06,0.008,0.000101165107288637,0.00227175919352549,KYCG.EPIC.TFBSconsensus.20211013,ZNF639,5,0.715041807948054
-0.00901475414469014,0.546552355684034,-0.262368229513763,Log2(OR),756251,1000,9892,13,0.00119496277231363,-2.57212305082689e-05,0.013,-0.000561374431992778,0.00238707308116048,KYCG.EPIC.TFBSconsensus.20211013,MLLT1,7,0.715041807948054
-0.00634944100750209,0.546593538863866,-0.262335506292012,Log2(OR),756251,1000,8355,11,0.00117722602739726,-1.66815621618224e-05,0.011,-0.000390262660248664,0.00235168359166221,KYCG.EPIC.TFBSconsensus.20211013,SIX5,5,0.715041807948054
-0.0101344333221776,0.546711263333168,-0.262241978691113,Log2(OR),756251,1000,10661,14,0.00120202627285996,-2.99923119829729e-05,0.014,-0.000634743088175904,0.00240116628076494,KYCG.EPIC.TFBSconsensus.20211013,RUNX2,3,0.715041807948054
-0.00096057179188178,0.548432031167693,-0.260877188176589,Log2(OR),756251,1000,6054,8,0.00113539596934431,-2.1554403482425e-06,0.008,-5.75747805304783e-05,0.0022682166146867,KYCG.EPIC.TFBSconsensus.20211013,RXRA,6,0.715041807948054
-0.014077260876651,0.548970059175085,-0.260451341323375,Log2(OR),756251,1000,12980,17,0.00121750340184774,-4.58383470010478e-05,0.017,-0.000894925756681042,0.00243204577968526,KYCG.EPIC.TFBSconsensus.20211013,ZBTB1,1,0.715041807948054
0.00213327228364909,0.549375031560964,-0.260131082632434,Log2(OR),756251,1000,5286,7,0.00111482720178372,4.47996591060964e-06,0.007,0.000126519232934719,0.0022271714922049,KYCG.EPIC.TFBSconsensus.20211013,ZMYM3,5,0.715041807948054
-0.0155113625196467,0.549587857589386,-0.25996287099978,Log2(OR),756251,1000,15285,20,0.00122963418383031,-5.47001070472774e-05,0.02,-0.000998219495380703,0.00245624808105619,KYCG.EPIC.TFBSconsensus.20211013,XRN2,8,0.715041807948054
-0.00384427875933194,0.550653454341984,-0.25912163202926,Log2(OR),756251,1000,6066,8,0.00113346557098328,-8.62624394471168e-06,0.008,-0.000230416951652379,0.00226436456269459,KYCG.EPIC.TFBSconsensus.20211013,MEF2A,3,0.715041807948054
-0.00763492591568789,0.55127221629609,-0.258633895083503,Log2(OR),756251,1000,6842,9,0.00114898506319418,-1.8162267083585e-05,0.009,-0.000461901478989724,0.00229533282325937,KYCG.EPIC.TFBSconsensus.20211013,CDK8,13,0.715041807948054
-0.0166260897950583,0.551739776846648,-0.258265705108258,Log2(OR),756251,1000,37464,49,0.0012755434075231,-9.0404269833892e-05,0.049,-0.00113456774088294,0.00254783693843594,KYCG.EPIC.TFBSconsensus.20211013,ERCC2,1,0.715041807948054
-0.00912561789366335,0.552490796690387,-0.257674951995558,Log2(OR),756251,1000,6849,9,0.00114795918367347,-2.17084101077638e-05,0.009,-0.000552083886156352,0.00229328576888776,KYCG.EPIC.TFBSconsensus.20211013,SMAD3,6,0.715041807948054
-0.0197775280749561,0.557129034144323,-0.254044208189096,Log2(OR),756251,1000,9965,13,0.00118699780861943,-5.64305942346872e-05,0.013,-0.00123154888051047,0.00237118103055176,KYCG.EPIC.TFBSconsensus.20211013,EZH1,3,0.719236745059312
-0.00399625037687387,0.557569226374205,-0.253701204036092,Log2(OR),756251,1000,4550,6,0.00108225108225108,-7.77369656902703e-06,0.006,-0.000234130162770407,0.00216216216216216,KYCG.EPIC.TFBSconsensus.20211013,TP73,3,0.719236745059312
-0.0172388700659111,0.559154901579111,-0.252467863702225,Log2(OR),756251,1000,69569,91,0.00129118306421862,-0.000124888358532986,0.091,-0.00120123915447201,0.00257903612067622,KYCG.EPIC.TFBSconsensus.20211013,NCAPH2,2,0.720095868316519
-0.0169891832138146,0.56077674799925,-0.251210002218595,Log2(OR),756251,1000,6121,8,0.00112470125123014,-3.81227569118319e-05,0.008,-0.00101826011680239,0.00224687543884286,KYCG.EPIC.TFBSconsensus.20211013,CDX2,3,0.720998675999035
-0.0353455853102698,0.572386634237457,-0.242310515975662,Log2(OR),756251,1000,10846,14,0.00118323191345504,-0.000104606921342757,0.014,-0.00221352742452208,0.00236366706061118,KYCG.EPIC.TFBSconsensus.20211013,ATOH1,1,0.733999455950927
-0.0307942512526585,0.573065719284185,-0.241795570203919,Log2(OR),756251,1000,5407,7,0.00109375,-6.46714605807619e-05,0.007,-0.00182621308982378,0.00218511003589824,KYCG.EPIC.TFBSconsensus.20211013,GABPA,29,0.733999455950927
-0.0365985448629133,0.573700724191529,-0.241314601900396,Log2(OR),756251,1000,9305,12,0.00116584086272224,-0.000100382204821757,0.012,-0.00226465342192761,0.00232896652110626,KYCG.EPIC.TFBSconsensus.20211013,SPIN1,1,0.733999455950927
-0.0364179339276514,0.5753417203654,-0.240074132375471,Log2(OR),756251,1000,16278,21,0.00121689749087327,-0.000131534547242947,0.021,-0.00235178599908115,0.00243083690241926,KYCG.EPIC.TFBSconsensus.20211013,CDK7,6,0.734898151788105
-0.00305615400737583,0.542056467290373,-0.265955469632755,Log2(OR),756251,1000,9094,12,0.00119024003173973,-8.38204829522928e-06,0.012,-0.000189133196865754,0.00237765008916188,KYCG.EPIC.HMconsensus.20211013,H3K36me3,71,0.739167909941418
-0.039027916869044,0.580861478519447,-0.235927424042216,Log2(OR),756251,1000,4661,6,0.00106100795755968,-7.59224396874765e-05,0.006,-0.00228641446493483,0.00211976682564918,KYCG.EPIC.TFBSconsensus.20211013,SUMO1,11,0.740175871734483
-0.0449056807284001,0.581509853672457,-0.235442921762158,Log2(OR),756251,1000,9358,12,0.0011598685482312,-0.000123169066613241,0.012,-0.00277859680030945,0.00231704962347944,KYCG.EPIC.TFBSconsensus.20211013,MECOM,1,0.740175871734483
-0.041209208076395,0.582309498069529,-0.234846126042509,Log2(OR),756251,1000,4668,6,0.00105969622041681,-8.01661434194533e-05,0.006,-0.00241419459647163,0.00211714890613973,KYCG.EPIC.TFBSconsensus.20211013,ZKSCAN5,1,0.740175871734483
-0.0473654238349682,0.584123179858022,-0.233495559237647,Log2(OR),756251,1000,6250,8,0.00110466721900028,-0.000106290888929703,0.008,-0.00283868008235111,0.00220689655172414,KYCG.EPIC.TFBSconsensus.20211013,KLF1,6,0.741277876545918
-0.0503919909862059,0.586443376295159,-0.23177391457952,Log2(OR),756251,1000,6263,8,0.0011026878015162,-0.000113083508399552,0.008,-0.00302004488549668,0.00220294644086466,KYCG.EPIC.TFBSconsensus.20211013,MYCN,7,0.743018064140954
-0.0316056809671992,0.588340891844283,-0.230370965508268,Log2(OR),756251,1000,55566,72,0.00127447162530534,-0.000205790130572483,0.072,-0.00219098373608573,0.00254569882968568,KYCG.EPIC.TFBSconsensus.20211013,LMO1,1,0.744217961735175
-0.0542846452772287,0.589919870635954,-0.229206974974766,Log2(OR),756251,1000,5495,7,0.00107891491985203,-0.000114009718704457,0.007,-0.00321912708098171,0.00215550423402617,KYCG.EPIC.TFBSconsensus.20211013,SNAPC1,1,0.745011707593472
-0.0585154213579879,0.592948383891275,-0.226983110289784,Log2(OR),756251,1000,5511,7,0.00107626076260763,-0.000122896680773456,0.007,-0.00346998577317548,0.00215020734142221,KYCG.EPIC.TFBSconsensus.20211013,SUPT5H,10,0.747630570993347
-0.0635236397976988,0.596530019545594,-0.224367696176452,Log2(OR),756251,1000,5530,7,0.00107312586233328,-0.000133417084675987,0.007,-0.00376693622709079,0.00214395099540582,KYCG.EPIC.TFBSconsensus.20211013,STAT2,3,0.749748073369165
-0.0635891079221025,0.596542847648774,-0.224358356974165,Log2(OR),756251,1000,6320,8,0.00109409190371991,-0.000142703967976404,0.008,-0.00381084108696028,0.00218579234972678,KYCG.EPIC.TFBSconsensus.20211013,DNMT3B,3,0.749748073369165
-0.065197960634169,0.598793388709558,-0.222723003357054,Log2(OR),756251,1000,7908,10,0.00112384805574286,-0.000163420353792436,0.01,-0.00397664010185772,0.00224517287831163,KYCG.EPIC.TFBSconsensus.20211013,SP1,16,0.751370550255744
-0.0583260002958098,0.606403213628071,-0.217238505830422,Log2(OR),756251,1000,19665,25,0.00121124031007752,-0.000229392933049258,0.025,-0.00381366330325306,0.00241954996370675,KYCG.EPIC.TFBSconsensus.20211013,SMAD5,2,0.759701946033248
-0.0796222901644234,0.607727044569951,-0.216291436606195,Log2(OR),756251,1000,4793,6,0.00103680663556247,-0.000154909831133934,0.006,-0.00466427763073196,0.00207146556188503,KYCG.EPIC.TFBSconsensus.20211013,BRD4,154,0.760144210700114
-0.0756777263212882,0.608940204044536,-0.215425351584686,Log2(OR),756251,1000,8761,11,0.00112820512820513,-0.000198852864378826,0.011,-0.00465035402282255,0.00225386743161561,KYCG.EPIC.TFBSconsensus.20211013,NFE2L1,1,0.760446857682411
-0.0715033008418509,0.612941586897903,-0.212580911609932,Log2(OR),756251,1000,13497,17,0.00117403314917127,-0.000232857544869331,0.017,-0.00454418638132059,0.00234531282334276,KYCG.EPIC.TFBSconsensus.20211013,SPDEF,1,0.764224940352004
-0.0932074495462047,0.616666396247021,-0.209949716762788,Log2(OR),756251,1000,4838,6,0.00102880658436214,-0.000181350127857884,0.006,-0.0054599689018271,0.00205549845837616,KYCG.EPIC.TFBSconsensus.20211013,SMC1A,22,0.764792159876163
-0.0781026195079026,0.617054708020061,-0.209676329746427,Log2(OR),756251,1000,11964,15,0.00115839060931346,-0.000239167517953456,0.015,-0.00491628200092353,0.00231410058623882,KYCG.EPIC.TFBSconsensus.20211013,CHD7,2,0.764792159876163
-0.0944089295681064,0.617455437313689,-0.209394380622348,Log2(OR),756251,1000,4842,6,0.00102810143934202,-0.000183688723463312,0.006,-0.00553033848218365,0.00205409106470387,KYCG.EPIC.TFBSconsensus.20211013,RUNX1T1,4,0.764792159876163
-0.0968089303319999,0.619030768244894,-0.208287764312861,Log2(OR),756251,1000,4850,6,0.00102669404517454,-0.000188360257293305,0.006,-0.00567090341280252,0.00205128205128205,KYCG.EPIC.TFBSconsensus.20211013,KLF5,5,0.764792159876163
-0.0639313256809652,0.61950724507187,-0.207953610230073,Log2(OR),756251,1000,23682,30,0.00121693980204446,-0.000274734104881421,0.03,-0.00423286854160987,0.00243092131917997,KYCG.EPIC.TFBSconsensus.20211013,ZC3H8,2,0.764792159876163
-0.0978525654139885,0.620957279878651,-0.20693827703945,Log2(OR),756251,1000,5662,7,0.00105184072126221,-0.000205543058825074,0.007,-0.00580221892979804,0.0021014710297208,KYCG.EPIC.TFBSconsensus.20211013,ZFP42,1,0.764792159876163
-0.101597140260101,0.622170379700568,-0.20609066863523,Log2(OR),756251,1000,4866,6,0.00102389078498294,-0.000197680792850843,0.006,-0.00595133903027001,0.00204568700988749,KYCG.EPIC.TFBSconsensus.20211013,HES2,3,0.764792159876163
-0.103687059245771,0.623539305791395,-0.205136164879469,Log2(OR),756251,1000,4873,6,0.00102266916652463,-0.000201749125055829,0.006,-0.00607373977250914,0.0020432487655372,KYCG.EPIC.TFBSconsensus.20211013,EP300,68,0.764792159876163
-0.080418141555008,0.624360251550898,-0.204564753081733,Log2(OR),756251,1000,14377,18,0.00117195129891269,-0.000269353360309777,0.018,-0.00513255164700832,0.00234115887364245,KYCG.EPIC.TFBSconsensus.20211013,ASH2L,2,0.764792159876163
-0.0807253714813718,0.624705359721514,-0.204324767965468,Log2(OR),756251,1000,14380,18,0.001171722431975,-0.000270382702015173,0.018,-0.00515215052150175,0.0023407022106632,KYCG.EPIC.TFBSconsensus.20211013,GATAD1,2,0.764792159876163
-0.106667483221366,0.625489977496094,-0.203779644808313,Log2(OR),756251,1000,4883,6,0.00102092904543134,-0.000207551150695183,0.006,-0.00624829331331422,0.00203977562468129,KYCG.EPIC.TFBSconsensus.20211013,SMARCA4,17,0.764792159876163
-0.100516351898844,0.62659040883844,-0.203016257108989,Log2(OR),756251,1000,7292,9,0.00108656283955089,-0.000239170028966172,0.009,-0.00607953172560916,0.00217076700434153,KYCG.EPIC.TFBSconsensus.20211013,PML,5,0.764792159876163
-0.0940947003301835,0.627289720347705,-0.202531829365021,Log2(OR),756251,1000,9678,12,0.00112507031689481,-0.000258127375794948,0.012,-0.00582112694278714,0.00224761191234314,KYCG.EPIC.TFBSconsensus.20211013,ZBTB17,4,0.764792159876163
-0.0779859316141363,0.627835922444273,-0.202153839204625,Log2(OR),756251,1000,17539,22,0.00118809742398877,-0.000288183749107727,0.022,-0.00505179813235035,0.0023733750471978,KYCG.EPIC.TFBSconsensus.20211013,DIDO1,2,0.764792159876163
-0.0639761722046717,0.629193546549107,-0.201215740455117,Log2(OR),756251,1000,30775,39,0.00122888832871187,-0.000312007079609779,0.039,-0.00430718509356709,0.00245476003147128,KYCG.EPIC.TFBSconsensus.20211013,WRNIP1,1,0.764792159876163
-0.0945424506576333,0.629770494256326,-0.200817690606175,Log2(OR),756251,1000,10487,13,0.00113299633955029,-0.000269809783504769,0.013,-0.00588532765937011,0.00226342822320884,KYCG.EPIC.TFBSconsensus.20211013,TERC,3,0.764792159876163
-0.109201371226974,0.631146177742199,-0.199870043553707,Log2(OR),756251,1000,6521,8,0.00106482097697325,-0.000245108476918789,0.008,-0.00654361453742181,0.00212737667863316,KYCG.EPIC.TFBSconsensus.20211013,TERF2,1,0.764792159876163
-0.0987268757686664,0.633763100481685,-0.198073050288821,Log2(OR),756251,1000,10517,13,0.00113004172461752,-0.000281756549155723,0.013,-0.00614570082616517,0.00225753234349223,KYCG.EPIC.TFBSconsensus.20211013,CHD5,1,0.764792159876163
-0.11675130862846,0.634289310040955,-0.197712607898369,Log2(OR),756251,1000,5736,7,0.0010402734433051,-0.000245262444965634,0.007,-0.00692255299862088,0.00207838479809976,KYCG.EPIC.TFBSconsensus.20211013,STAT5B,5,0.764792159876163
-0.111277951907419,0.635169679821211,-0.197110241375389,Log2(OR),756251,1000,7346,9,0.00107952500899604,-0.000264789602588211,0.009,-0.00673021988377565,0.00215672178289001,KYCG.EPIC.TFBSconsensus.20211013,MBD3,3,0.764792159876163
-0.105566276435365,0.635366452961567,-0.196975719440088,Log2(OR),756251,1000,8942,11,0.00110764273487061,-0.000277422402549538,0.011,-0.00648630264297612,0.00221283443975055,KYCG.EPIC.TFBSconsensus.20211013,TEAD2,1,0.764792159876163
-0.122068472322001,0.635538971163669,-0.196857813414606,Log2(OR),756251,1000,4935,6,0.00101197503794906,-0.000237536320981612,0.006,-0.00715024791627095,0.00202190395956192,KYCG.EPIC.TFBSconsensus.20211013,BIRA,2,0.764792159876163
-0.123246469737282,0.636305349288102,-0.19633442572411,Log2(OR),756251,1000,4939,6,0.0010112927692567,-0.000239830122445076,0.006,-0.00721923490597543,0.00202054217881798,KYCG.EPIC.TFBSconsensus.20211013,FLI1,12,0.764792159876163
-0.0673647763412204,0.636838426870062,-0.195970739123843,Log2(OR),756251,1000,32423,41,0.00122820681804565,-0.000336504371698149,0.041,-0.00454850302139565,0.0024534003530503,KYCG.EPIC.TFBSconsensus.20211013,CEBPD,2,0.764792159876163
-0.0970016909755616,0.64075048645761,-0.19331105542733,Log2(OR),756251,1000,13733,17,0.00115520521880946,-0.00031592609248152,0.017,-0.00616376913884464,0.00230774451910677,KYCG.EPIC.TFBSconsensus.20211013,MYOG,1,0.766016036640104
-0.0800073186067858,0.64104036125433,-0.193114625522983,Log2(OR),756251,1000,23142,29,0.00120267075851201,-0.000338231226646674,0.029,-0.00528431010231723,0.00240245215806478,KYCG.EPIC.TFBSconsensus.20211013,SMAD2,1,0.766016036640104
-0.0691267297923602,0.641920861214254,-0.192518510336878,Log2(OR),756251,1000,34041,43,0.00122864163666495,-0.000353260562961685,0.043,-0.00468008662477282,0.00245426785765246,KYCG.EPIC.TFBSconsensus.20211013,BPTF,1,0.766016036640104
-0.132051321537016,0.642022720547498,-0.192449602408088,Log2(OR),756251,1000,4969,6,0.00100620493040416,-0.000256976326442535,0.006,-0.00773486337343743,0.0020103869994974,KYCG.EPIC.TFBSconsensus.20211013,E2F7,4,0.766016036640104
-0.130138598747741,0.643671917399311,-0.191335438182765,Log2(OR),756251,1000,5789,7,0.00103214391035093,-0.000273405069632528,0.007,-0.00771610678969337,0.0020621593754603,KYCG.EPIC.TFBSconsensus.20211013,NIPBL,13,0.766016036640104
-0.13468246909128,0.643727397329742,-0.191298006707726,Log2(OR),756251,1000,4978,6,0.00100468854655057,-0.000262100594548868,0.006,-0.0078889449850954,0.00200736032117765,KYCG.EPIC.TFBSconsensus.20211013,FOSL1,7,0.766016036640104
-0.14341891771541,0.649374275684302,-0.187504919512971,Log2(OR),756251,1000,5008,6,0.000999666777740753,-0.000279116850313588,0.006,-0.00840054588762584,0.00199733688415446,KYCG.EPIC.TFBSconsensus.20211013,MEIS1,1,0.771247395122076
-0.119130526981564,0.650150568053428,-0.186986053661376,Log2(OR),756251,1000,9845,12,0.00110772639158128,-0.000326845779406713,0.012,-0.0073692311959247,0.00221300138312586,KYCG.EPIC.TFBSconsensus.20211013,TAF7,4,0.771247395122076
-0.131393131605513,0.651078580045584,-0.186366592352423,Log2(OR),756251,1000,7448,9,0.00106647707074298,-0.000312687492901473,0.009,-0.0079463508728721,0.00213068181818182,KYCG.EPIC.TFBSconsensus.20211013,ZNF24,7,0.771247395122076
-0.138037551253253,0.65629335645708,-0.182901992007946,Log2(OR),756251,1000,7482,9,0.00106219756874779,-0.000328512452059748,0.009,-0.00834802954814873,0.00212214100448008,KYCG.EPIC.TFBSconsensus.20211013,MKL1,1,0.776250299253616
-0.0906454128420402,0.659154255144535,-0.181012940005808,Log2(OR),756251,1000,24912,31,0.00119778988447123,-0.000395805223185701,0.031,-0.0060130179818505,0.00239271380055573,KYCG.EPIC.TFBSconsensus.20211013,PBX3,3,0.778458192727257
-0.156304752150188,0.661839407755962,-0.179247377306985,Log2(OR),756251,1000,5894,7,0.00101640772469871,-0.000328429693190675,0.007,-0.0092670110524743,0.00203075137800986,KYCG.EPIC.TFBSconsensus.20211013,CEBPZ,1,0.780079198678972
-0.163889556928896,0.662519370525564,-0.178801419444918,Log2(OR),756251,1000,5079,6,0.00098797958175531,-0.0003189989050081,0.006,-0.00959922738782415,0.00197400888303997,KYCG.EPIC.TFBSconsensus.20211013,BACH2,2,0.780079198678972
-0.113577216065661,0.663658433624128,-0.178055382317249,Log2(OR),756251,1000,15520,19,0.00115144536694746,-0.000390697563129116,0.019,-0.00727669386039398,0.00230024213075061,KYCG.EPIC.TFBSconsensus.20211013,MEN1,2,0.780247077368907
-0.147931145592575,0.668035183136361,-0.175200664111876,Log2(OR),756251,1000,8369,10,0.00106849022331446,-0.000370936874214158,0.01,-0.00902041793147701,0.0021346995410396,KYCG.EPIC.TFBSconsensus.20211013,CREB1,25,0.784215214986164
-0.138850698351194,0.671445258455914,-0.172989388683459,Log2(OR),756251,1000,10809,13,0.00110206849779586,-0.000396348033914458,0.013,-0.00864188872576932,0.00220171055974257,KYCG.EPIC.TFBSconsensus.20211013,SMARCA5,2,0.78644553974376
-0.148580976124473,0.672570597864044,-0.172262122249613,Log2(OR),756251,1000,9209,11,0.00107864287115121,-0.000390555012025412,0.011,-0.00912783366814174,0.00215496130864923,KYCG.EPIC.TFBSconsensus.20211013,YBX3,1,0.78644553974376
-0.180401968245201,0.673025750223259,-0.171968319184745,Log2(OR),756251,1000,5137,6,0.000978633175664655,-0.000351181375117016,0.006,-0.0105660617515352,0.00195535277823041,KYCG.EPIC.TFBSconsensus.20211013,BRD7,1,0.78644553974376
-0.162786236043935,0.675518623481552,-0.170362673342498,Log2(OR),756251,1000,7610,9,0.00104638995465644,-0.000387472902540749,0.009,-0.00984403268018141,0.00209059233449477,KYCG.EPIC.TFBSconsensus.20211013,IRF3,2,0.78644553974376
-0.169181207260032,0.675563907948025,-0.170333560696224,Log2(OR),756251,1000,6795,8,0.00102735328110954,-0.000379872761341431,0.008,-0.0101362158666098,0.00205259781911482,KYCG.EPIC.TFBSconsensus.20211013,NFYA,6,0.78644553974376
-0.185770917902113,0.676421648606637,-0.169782501429189,Log2(OR),756251,1000,5156,6,0.000975609756097561,-0.000361647899179778,0.006,-0.0108804109981705,0.00194931773879142,KYCG.EPIC.TFBSconsensus.20211013,PRMT5,1,0.78644553974376
-0.171110394630765,0.676965892448652,-0.169433211808932,Log2(OR),756251,1000,6804,8,0.00102616726526424,-0.000384209826605831,0.008,-0.0102517489978321,0.00205023065094823,KYCG.EPIC.TFBSconsensus.20211013,SRF,11,0.78644553974376
-0.135184305758293,0.681279105205818,-0.166674930645175,Log2(OR),756251,1000,14094,17,0.00112754526762619,-0.000440368542701082,0.017,-0.0085881066871103,0.00225255068239035,KYCG.EPIC.TFBSconsensus.20211013,ZNF519,1,0.78929102120035
-0.186131943062465,0.682226645683974,-0.166071322384604,Log2(OR),756251,1000,6016,7,0.000998715936652875,-0.000391187629397015,0.007,-0.0110346828526169,0.00199543899657925,KYCG.EPIC.TFBSconsensus.20211013,PAX5,7,0.78929102120035
-0.187341516832061,0.683045329781894,-0.165550473740299,Log2(OR),756251,1000,6021,7,0.000998003992015968,-0.000393733500792063,0.007,-0.0111063615563034,0.00199401794616152,KYCG.EPIC.TFBSconsensus.20211013,PCGF2,2,0.78929102120035
-0.198129128817392,0.684198292683817,-0.164818013867592,Log2(OR),756251,1000,5200,6,0.00096867936712948,-0.000385744647578111,0.006,-0.0116039526723228,0.00193548387096774,KYCG.EPIC.TFBSconsensus.20211013,HNF4A,7,0.78929102120035
-0.20092331145706,0.685948587814529,-0.1637084336594,Log2(OR),756251,1000,5210,6,0.000967117988394584,-0.000391193900536238,0.006,-0.0117675400182893,0.00193236714975845,KYCG.EPIC.TFBSconsensus.20211013,YY1,40,0.78929102120035
-0.170446529397682,0.686250809356312,-0.163517130339633,Log2(OR),756251,1000,8499,10,0.00105385182843292,-0.000427459313064965,0.01,-0.0103925679072651,0.00210548478787241,KYCG.EPIC.TFBSconsensus.20211013,IRF1,8,0.78929102120035
-0.140188699488448,0.68647150119724,-0.163377487749424,Log2(OR),756251,1000,14142,17,0.00112396694214876,-0.000456684078082101,0.017,-0.00890576951004529,0.00224541011755382,KYCG.EPIC.TFBSconsensus.20211013,ETV1,4,0.78929102120035
-0.194578077148918,0.687929266100111,-0.162456214266894,Log2(OR),756251,1000,6051,7,0.000993753549119818,-0.000408966285073725,0.007,-0.0115351877405854,0.00198553396681322,KYCG.EPIC.TFBSconsensus.20211013,CREBBP,6,0.789807353894996
-0.160117825941216,0.69089504978492,-0.160587918994779,Log2(OR),756251,1000,10967,13,0.00108750209135018,-0.000457116922652167,0.013,-0.00996459460898613,0.00217264143060082,KYCG.EPIC.TFBSconsensus.20211013,ETV6,2,0.79205098679589
-0.169117838140042,0.694504140394406,-0.158325160804575,Log2(OR),756251,1000,10187,12,0.0010738255033557,-0.000464133858001402,0.012,-0.0104592682649299,0.00214534727809064,KYCG.EPIC.TFBSconsensus.20211013,BCAT1,1,0.794967921104221
-0.16518760824489,0.695470020378533,-0.157721586397736,Log2(OR),756251,1000,11005,13,0.00108405603735824,-0.000471607051842444,0.013,-0.0102798707630377,0.00216576426488963,KYCG.EPIC.TFBSconsensus.20211013,FEZF1,3,0.794967921104221
-0.0690130196283705,0.606406409900123,-0.217236216727025,Log2(OR),756251,1000,11098,14,0.00115855676928169,-0.000204264593580997,0.014,-0.00432130142108522,0.0023144321375434,KYCG.EPIC.HMconsensus.20211013,H2BK120ac,5,0.795740995169633
-0.0646306818140448,0.610068096296719,-0.214621685980523,Log2(OR),756251,1000,16592,21,0.00119515110124637,-0.000233449656573388,0.021,-0.00417287499798413,0.00238744884038199,KYCG.EPIC.HMconsensus.20211013,H2Bub,2,0.795740995169633
-0.219507919906056,0.697510998029569,-0.156448940246626,Log2(OR),756251,1000,5277,6,0.000956785201722213,-0.000427447717564577,0.006,-0.0128555421497276,0.00191174127768042,KYCG.EPIC.TFBSconsensus.20211013,RXRG,3,0.796138646438998
-0.20072854427312,0.710187663846953,-0.148626875782259,Log2(OR),756251,1000,8677,10,0.00103444708803145,-0.000503522206297006,0.01,-0.0122376969408869,0.00206675622610313,KYCG.EPIC.TFBSconsensus.20211013,TLE3,1,0.808827300242368
-0.2288249307211,0.710693719753192,-0.148317522307094,Log2(OR),756251,1000,6195,7,0.00097384529771842,-0.00048109268105476,0.007,-0.0135643960353966,0.0019457956914524,KYCG.EPIC.TFBSconsensus.20211013,RCOR1,7,0.808827300242368
-0.21403543737142,0.714160576953156,-0.146204127377986,Log2(OR),756251,1000,7882,9,0.00101431308463879,-0.000509666345411531,0.009,-0.012941202106439,0.00202657059220896,KYCG.EPIC.TFBSconsensus.20211013,ZNF273,1,0.811593224607142
-0.194237238171636,0.72621068568875,-0.138937365032715,Log2(OR),756251,1000,12087,14,0.00107090950814656,-0.000575311653903457,0.014,-0.0121551111459292,0.00213952777565523,KYCG.EPIC.TFBSconsensus.20211013,GTF3C2,1,0.823189767809842
-0.269097998024575,0.727619766736504,-0.138095511274329,Log2(OR),756251,1000,5460,6,0.00092965602726991,-0.000524278496525474,0.006,-0.0157582979233922,0.00185758513931889,KYCG.EPIC.TFBSconsensus.20211013,KDM1A,10,0.823189767809842
-0.243419767440718,0.727987152121486,-0.137876285263858,Log2(OR),756251,1000,7150,8,0.00098255956767379,-0.000546916042835664,0.008,-0.0145812451142693,0.00196319018404908,KYCG.EPIC.TFBSconsensus.20211013,ARNT2,1,0.823189767809842
-0.270695793647806,0.72857025426848,-0.137528563907675,Log2(OR),756251,1000,5466,6,0.000928792569659443,-0.000527400867557507,0.006,-0.015851814887636,0.0018558614290133,KYCG.EPIC.TFBSconsensus.20211013,NR2C2,9,0.823189767809842
-0.281567636955631,0.735002802812154,-0.133711004802157,Log2(OR),756251,1000,5507,6,0.000922934933087217,-0.000548650776194618,0.006,-0.0164881132434257,0.00184416781927155,KYCG.EPIC.TFBSconsensus.20211013,TRIM24,6,0.828308157887826
-0.300078658420048,0.735216053297623,-0.133585018783998,Log2(OR),756251,1000,4649,5,0.000885896527285613,-0.000534161679587109,0.005,-0.0173221711559377,0.00177022481855196,KYCG.EPIC.TFBSconsensus.20211013,ESR1,127,0.828308157887826
-0.270081759576974,0.737261421143188,-0.132378490934803,Log2(OR),756251,1000,6373,7,0.000950312245452077,-0.000568075841606976,0.007,-0.0160085088314531,0.0018988200189882,KYCG.EPIC.TFBSconsensus.20211013,ZNF92,1,0.829419098786086
-0.190538965168287,0.745467688186247,-0.127571176015857,Log2(OR),756251,1000,16351,19,0.00109623817216709,-0.000655767571297247,0.019,-0.0122012662952187,0.00219007549997118,KYCG.EPIC.TFBSconsensus.20211013,NFYB,4,0.837447919440217
-0.296581588644953,0.753770955902385,-0.12276060068097,Log2(OR),756251,1000,6490,7,0.000935453695042095,-0.000624007749928681,0.007,-0.0175781267333192,0.00186915887850467,KYCG.EPIC.TFBSconsensus.20211013,BCL3,28,0.845562547953536
-0.344410638496019,0.758692834726187,-0.119934017495934,Log2(OR),756251,1000,4793,5,0.000863856254319281,-0.000613436116310373,0.005,-0.019879827612446,0.00172622130157086,KYCG.EPIC.TFBSconsensus.20211013,CIITA,1,0.847858355209738
-0.18191609859359,0.759154994374449,-0.119669546463525,Log2(OR),756251,1000,21372,25,0.00111871839620531,-0.000715926573513852,0.025,-0.0118818234947475,0.00223493652780261,KYCG.EPIC.TFBSconsensus.20211013,MAZ,9,0.847858355209738
-0.290579127447416,0.759372821210533,-0.1195449507958,Log2(OR),756251,1000,7385,8,0.000954995821893279,-0.000653214328022965,0.008,-0.0174039249241281,0.00190816935002982,KYCG.EPIC.TFBSconsensus.20211013,EBF1,4,0.847858355209738
-0.257375814918174,0.760148870188041,-0.119101345653696,Log2(OR),756251,1000,9920,11,0.00100834173618113,-0.000677156307584253,0.011,-0.0158049836524999,0.00201465201465202,KYCG.EPIC.TFBSconsensus.20211013,CTCFL,6,0.847858355209738
-0.218208817939168,0.767721033347589,-0.114796560810814,Log2(OR),756251,1000,15786,18,0.00107347328244275,-0.000731513047091637,0.018,-0.0139148078208994,0.00214464434647921,KYCG.EPIC.TFBSconsensus.20211013,GTF2F1,3,0.854119522073934
-0.319962894609961,0.767943989195465,-0.11467045453933,Log2(OR),756251,1000,6595,7,0.000922509225092251,-0.000673401905829086,0.007,-0.018962850887266,0.00184331797235023,KYCG.EPIC.TFBSconsensus.20211013,PPARD,1,0.854119522073934
-0.347178500777878,0.772433343478933,-0.112138987383119,Log2(OR),756251,1000,5761,6,0.000888230940044412,-0.000677071910811198,0.006,-0.0203274902186353,0.00177488537198639,KYCG.EPIC.TFBSconsensus.20211013,BCOR,5,0.857095654918043
-0.349702429294951,0.773822319920533,-0.111358747762195,Log2(OR),756251,1000,5771,6,0.000886917960088692,-0.000682018708846551,0.006,-0.0204751614096291,0.00177226406734603,KYCG.EPIC.TFBSconsensus.20211013,NFE2,5,0.857095654918043
-0.374126921609145,0.773903739498156,-0.111313054826939,Log2(OR),756251,1000,4892,5,0.000849329030066248,-0.000666655922722454,0.005,-0.0215940246319518,0.00169721656483367,KYCG.EPIC.TFBSconsensus.20211013,ZNF317,1,0.857095654918043
-0.380945063428174,0.777330512861815,-0.10939428442699,Log2(OR),756251,1000,4915,5,0.000846023688663283,-0.000678876647871209,0.005,-0.0219873052068317,0.00169061707523246,KYCG.EPIC.TFBSconsensus.20211013,TCF7,3,0.859674846851415
-0.361506998117422,0.780265520836738,-0.107757583704978,Log2(OR),756251,1000,5818,6,0.000880798590722255,-0.000705162279564672,0.006,-0.0211658059428957,0.00176004693458492,KYCG.EPIC.TFBSconsensus.20211013,SFPQ,1,0.860099463969582
-0.387731549439801,0.780717246171992,-0.107506226893026,Log2(OR),756251,1000,4938,5,0.000842743974380583,-0.000691044447673749,0.005,-0.0223787496939902,0.00168406871000337,KYCG.EPIC.TFBSconsensus.20211013,OGT,4,0.860099463969582
-0.388320192350454,0.781009858087322,-0.107343484322564,Log2(OR),756251,1000,4940,5,0.0008424599831508,-0.000692100033890046,0.005,-0.0224127021362133,0.00168350168350168,KYCG.EPIC.TFBSconsensus.20211013,TFAP2A,9,0.860099463969582
-0.328403046507673,0.783277080005575,-0.106084581452718,Log2(OR),756251,1000,7579,8,0.00093338000233345,-0.000738597459612243,0.008,-0.0196672623698023,0.00186501923301084,KYCG.EPIC.TFBSconsensus.20211013,INO80,3,0.860423444233603
-0.36749837994176,0.783501808095222,-0.105959996968369,Log2(OR),756251,1000,5842,6,0.000877706260971328,-0.00071691330110331,0.006,-0.0215163265918104,0.00175387313650979,KYCG.EPIC.TFBSconsensus.20211013,HDAC2,14,0.860423444233603
-0.374705433773843,0.787363979913524,-0.103824457062441,Log2(OR),756251,1000,5871,6,0.000873998543335761,-0.000731052802225472,0.006,-0.0219379561452476,0.0017464706738466,KYCG.EPIC.TFBSconsensus.20211013,ZNF343,1,0.86322402161753
-0.354674931476702,0.788256929063262,-0.10333220295784,Log2(OR),756251,1000,6754,7,0.000903575577642959,-0.000746816665732644,0.007,-0.0210183027213327,0.00180551973175135,KYCG.EPIC.TFBSconsensus.20211013,PHOX2B,1,0.86322402161753
-0.256961045856599,0.791496467292289,-0.101551019195673,Log2(OR),756251,1000,14411,16,0.00103929847353037,-0.00081329687149349,0.016,-0.0162386195203972,0.00207643890727402,KYCG.EPIC.TFBSconsensus.20211013,ERF,1,0.865561080851763
-0.38950499432299,0.795187742156719,-0.0995303232218193,Log2(OR),756251,1000,5931,6,0.000866425992779783,-0.000760102612410261,0.006,-0.0228037204661842,0.00173135189727312,KYCG.EPIC.TFBSconsensus.20211013,AFF4,9,0.868384940179513
-0.311407521715272,0.799052206507507,-0.0974248448944728,Log2(OR),756251,1000,10293,11,0.000975004431838327,-0.000819833948559406,0.011,-0.0191188962029074,0.00194810944833082,KYCG.EPIC.TFBSconsensus.20211013,WDR5,6,0.871389801804147
-0.428374636631415,0.800479108649396,-0.096649998056589,Log2(OR),756251,1000,5078,5,0.000823316318129425,-0.000763998656172306,0.005,-0.0247228276169386,0.00164527805199079,KYCG.EPIC.TFBSconsensus.20211013,KDM5C,3,0.871731769224585
-0.402211503377435,0.801787761383976,-0.0959405771750095,Log2(OR),756251,1000,5983,6,0.000859968467822847,-0.00078506013679474,0.006,-0.0235469942381679,0.00171845911499356,KYCG.EPIC.TFBSconsensus.20211013,PAF1,12,0.871944190505074
-0.434374822215979,0.803318690563192,-0.0951121283259928,Log2(OR),756251,1000,5099,5,0.00082047915982934,-0.000774781607694071,0.005,-0.02506885476688,0.00163961305131989,KYCG.EPIC.TFBSconsensus.20211013,U2AF1,4,0.87239741291398
-0.440634437641451,0.806259105111409,-0.093525367826674,Log2(OR),756251,1000,5121,5,0.000817527795945062,-0.00078603439204012,0.005,-0.0254298342301975,0.00163371998039536,KYCG.EPIC.TFBSconsensus.20211013,ZNF189,1,0.874377949172068
-0.363922679888582,0.814890072406334,-0.0889009730603777,Log2(OR),756251,1000,8734,9,0.000925449871465296,-0.000868132268044875,0.009,-0.0219933799879239,0.00184918841175262,KYCG.EPIC.TFBSconsensus.20211013,KDM5A,4,0.882515804556237
-0.408895365640074,0.818112175288584,-0.0871871440441208,Log2(OR),756251,1000,7010,7,0.00087467199800075,-0.000861714395168124,0.007,-0.0242281455044026,0.0017478152309613,KYCG.EPIC.TFBSconsensus.20211013,SSRP1,4,0.88478153763945
-0.41656904839349,0.822143348246546,-0.085052452624483,Log2(OR),756251,1000,7047,7,0.000870646766169154,-0.00087799952240417,0.007,-0.0246823468911871,0.00173977879955263,KYCG.EPIC.TFBSconsensus.20211013,MCM2,1,0.88791481610627
-0.421937502642582,0.824934061732349,-0.0835807638988528,Log2(OR),756251,1000,7073,7,0.000867840317381602,-0.00088939621018692,0.007,-0.0250000910062937,0.00173417564721913,KYCG.EPIC.TFBSconsensus.20211013,PBX2,4,0.889445815404063
-0.40326900331783,0.826855302992831,-0.0825704839298431,Log2(OR),756251,1000,7978,8,0.000891861761426979,-0.000907993040145973,0.008,-0.0241455629766441,0.00178213410559145,KYCG.EPIC.TFBSconsensus.20211013,CPSF3L,3,0.889445815404063
-0.48619636278923,0.826968778562143,-0.0825108865225861,Log2(OR),756251,1000,5284,5,0.000796305144131231,-0.000868056125664235,0.005,-0.0280570218526937,0.00159134309357097,KYCG.EPIC.TFBSconsensus.20211013,TP53,8,0.889445815404063
-0.502888787043413,0.834242866880088,-0.0787074980538834,Log2(OR),756251,1000,5345,5,0.000788643533123028,-0.00089815985092249,0.005,-0.0290194143643613,0.00157604412923562,KYCG.EPIC.TFBSconsensus.20211013,SPI1,42,0.895073271518872
-0.473442922374295,0.83668359389562,-0.0774387467910982,Log2(OR),756251,1000,6283,6,0.000824515597086712,-0.000925268568558593,0.006,-0.0277128594646275,0.00164767266236441,KYCG.EPIC.TFBSconsensus.20211013,ZNF318,3,0.895073271518872
-0.445247435825537,0.836766380317906,-0.077395777252769,Log2(OR),756251,1000,7187,7,0.000855745721271394,-0.00093891747063673,0.007,-0.0263796267316508,0.00171002809331868,KYCG.EPIC.TFBSconsensus.20211013,CHD4,3,0.895073271518872
-0.47599011971857,0.837863032658072,-0.0768269706567637,Log2(OR),756251,1000,6294,6,0.000823271130625686,-0.000930292383442375,0.006,-0.0278618010723325,0.00164518782561009,KYCG.EPIC.TFBSconsensus.20211013,ZBTB7A,14,0.895073271518872
-0.345940078222015,0.83791661305662,-0.0767991989010978,Log2(OR),756251,1000,12448,13,0.000967621883141049,-0.000989545272017763,0.013,-0.0215102271007043,0.00193337299226651,KYCG.EPIC.TFBSconsensus.20211013,BCL11B,4,0.895073271518872
-0.371798966939004,0.846581673808415,-0.0723311370550444,Log2(OR),756251,1000,11698,12,0.000945924641336907,-0.00102269711730197,0.012,-0.0229742181865618,0.00189006142699638,KYCG.EPIC.TFBSconsensus.20211013,CHD8,4,0.903097344130775
-0.588020606722515,0.84959968744052,-0.0707856560353021,Log2(OR),756251,1000,4536,4,0.000723065798987708,-0.000941574154655924,0.004,-0.0333447472870225,0.00144508670520231,KYCG.EPIC.TFBSconsensus.20211013,AR,63,0.905083748661125
-0.418157861391465,0.855780441363669,-0.0676376434245302,Log2(OR),756251,1000,10068,10,0.000904322662325918,-0.00105184740672685,0.01,-0.0254736122358382,0.00180701120346946,KYCG.EPIC.TFBSconsensus.20211013,ZNF18,3,0.908772539123087
-0.51750523567263,0.856396254769735,-0.0673252406494281,Log2(OR),756251,1000,6476,6,0.000803212851405623,-0.0010122782575208,0.006,-0.030289026990552,0.00160513643659711,KYCG.EPIC.TFBSconsensus.20211013,PCGF1,2,0.908772539123087
-0.607110697249868,0.856544232276933,-0.0672502049836035,Log2(OR),756251,1000,4596,4,0.000715307582260372,-0.000972590760261488,0.004,-0.0344263088368501,0.00142959256611866,KYCG.EPIC.TFBSconsensus.20211013,LMO2,3,0.908772539123087
-0.626266483280235,0.863322838740278,-0.063826769910483,Log2(OR),756251,1000,4657,4,0.000707588890854414,-0.00100375717867244,0.004,-0.0355115173872674,0.00141417712568499,KYCG.EPIC.TFBSconsensus.20211013,POLR2A,837,0.911604120631691
-0.626578428990482,0.863431641615929,-0.0637720400816501,Log2(OR),756251,1000,4658,4,0.000707463742483198,-0.00100426507824264,0.004,-0.0355291890243858,0.00141392718275009,KYCG.EPIC.TFBSconsensus.20211013,IKZF1,10,0.911604120631691
-0.574569341349899,0.863489273839245,-0.063743052817264,Log2(OR),756251,1000,5615,5,0.00075642965204236,-0.0010277884037815,0.005,-0.0331513269761983,0.00151171579743008,KYCG.EPIC.TFBSconsensus.20211013,JMJD6,4,0.911604120631691
-0.416158394000166,0.863870060675243,-0.0635515771688222,Log2(OR),756251,1000,11056,11,0.00091324200913242,-0.00109731946613484,0.011,-0.0255390538986471,0.00182481751824818,KYCG.EPIC.TFBSconsensus.20211013,SOX9,2,0.911604120631691
-0.631249638066787,0.865054805709651,-0.0629563768550957,Log2(OR),756251,1000,4673,4,0.000705591815134944,-0.00101187200049998,0.004,-0.0357938092809351,0.00141018861272695,KYCG.EPIC.TFBSconsensus.20211013,ZNF28,1,0.911625723917438
-0.584381792532916,0.867236115760091,-0.0618626443795849,Log2(OR),756251,1000,5653,5,0.000752105896510229,-0.00104558136170757,0.005,-0.0337168475949028,0.00150308131669923,KYCG.EPIC.TFBSconsensus.20211013,SP2,6,0.912643029789012
-0.461970848874524,0.868351286325433,-0.0613045480382814,Log2(OR),756251,1000,9340,9,0.000871164456490175,-0.0011038465349879,0.009,-0.0279095423419178,0.00174081237911025,KYCG.EPIC.TFBSconsensus.20211013,ZMYND8,5,0.912643029789012
-0.337703139205493,0.870081808114222,-0.0604399115856826,Log2(OR),756251,1000,18063,19,0.000997689561016593,-0.00116412592861023,0.019,-0.0216026548425259,0.00199339033730263,KYCG.EPIC.TFBSconsensus.20211013,HOTAIR,1,0.913235999669485
-0.673538127403048,0.879225970923103,-0.0558994920335996,Log2(OR),756251,1000,4811,4,0.000688823833304632,-0.00108086136714648,0.004,-0.0381892081317612,0.00137669936327654,KYCG.EPIC.TFBSconsensus.20211013,CTCF,472,0.920359572125395
-0.510504873042996,0.879763575158864,-0.0556340230763466,Log2(OR),756251,1000,8586,8,0.000835247442054709,-0.00115173683641514,0.008,-0.0305562483586458,0.00166910077195911,KYCG.EPIC.TFBSconsensus.20211013,CAMTA2,1,0.920359572125395
-0.677158194653122,0.880395044089299,-0.0553224108378266,Log2(OR),756251,1000,4823,4,0.00068740333390617,-0.00108677777619554,0.004,-0.0383942461856438,0.0013738622703074,KYCG.EPIC.TFBSconsensus.20211013,NFE2L2,3,0.920359572125395
-0.517463271579407,0.882793087349943,-0.0541410762098943,Log2(OR),756251,1000,8627,8,0.000831687285580622,-0.00116760487492085,0.008,-0.0309720623075997,0.00166199231328555,KYCG.EPIC.TFBSconsensus.20211013,ZBTB10,1,0.921635983193341
-0.557875598237938,0.887184355831165,-0.0519861249248356,Log2(OR),756251,1000,7764,7,0.000799360511590727,-0.00117912304822363,0.007,-0.0330424715327573,0.00159744408945687,KYCG.EPIC.TFBSconsensus.20211013,STAG1,50,0.924987151286022
-0.574134255575426,0.893520969200151,-0.0488952509915155,Log2(OR),756251,1000,7851,7,0.000791497060153777,-0.00121393928440963,0.007,-0.0340039069833736,0.00158174217602531,KYCG.EPIC.TFBSconsensus.20211013,NELFA,9,0.926622129909157
-0.27266026776906,0.893762124291959,-0.0487780537476407,Log2(OR),756251,1000,35335,39,0.00107449856733524,-0.00133171827604966,0.039,-0.0183026639359988,0.00214669051878354,KYCG.EPIC.TFBSconsensus.20211013,FGFR1,2,0.926622129909157
-0.612851758771232,0.893927451481338,-0.0486977258347484,Log2(OR),756251,1000,6914,6,0.000758725341426404,-0.00120140045316174,0.006,-0.0358615106970864,0.00151630022744503,KYCG.EPIC.TFBSconsensus.20211013,ZNF800,1,0.926622129909157
-0.477190801925396,0.894737016884087,-0.0483045947390284,Log2(OR),756251,1000,11526,11,0.000878945265681183,-0.00125964566273521,0.011,-0.0292768177545826,0.00175634679865879,KYCG.EPIC.TFBSconsensus.20211013,BAHD1,1,0.926622129909157
-0.498926154961089,0.895591461128183,-0.0478900557837067,Log2(OR),756251,1000,10639,10,0.000859919167598246,-0.00125690659310626,0.01,-0.0303842993377755,0.00171836068390755,KYCG.EPIC.TFBSconsensus.20211013,BARX2,1,0.926622129909157
-0.479606174869579,0.895853068124178,-0.0477632145963402,Log2(OR),756251,1000,11545,11,0.000877612892931227,-0.0012660809878448,0.011,-0.029424694867768,0.00175368672777999,KYCG.EPIC.TFBSconsensus.20211013,MBD2,7,0.926622129909157
-0.418383363206706,0.737449574973332,-0.132267670345766,Log2(OR),756251,1000,1010,1,0.000497760079641613,-0.000334314504127301,0.001,-0.021374817460706,0.00099502487562189,KYCG.EPIC.HMconsensus.20211013,H3K122ac,2,0.938757447485372
-0.184361645178287,0.751005957988298,-0.124356617574823,Log2(OR),756251,1000,18846,22,0.00110976594027441,-0.000681686652343519,0.022,-0.0119329014498617,0.00221707145016628,KYCG.EPIC.HMconsensus.20211013,H3K9K14ac,8,0.938757447485372
-0.556567855172342,0.909606920025535,-0.0411462443213412,Log2(OR),756251,1000,9964,9,0.000821542674577818,-0.00133248108827825,0.009,-0.0336131222442814,0.00164173659248449,KYCG.EPIC.TFBSconsensus.20211013,TFAP2C,8,0.939359040386388
-0.77954457224186,0.910566426121671,-0.0406883667874392,Log2(OR),756251,1000,5175,4,0.000648193161562146,-0.0012548588503159,0.004,-0.0441921193597061,0.00129554655870445,KYCG.EPIC.TFBSconsensus.20211013,PIAS1,8,0.939359040386388
-0.718564308063509,0.912140795218809,-0.0399381201505689,Log2(OR),756251,1000,6199,5,0.000695023630803447,-0.00129020385278172,0.005,-0.0414475428363327,0.00138908181691902,KYCG.EPIC.TFBSconsensus.20211013,PHF8,12,0.939745056126746
0.366736091232219,0.376578942578026,-0.424143968381619,Log2(OR),756251,1000,2349,4,0.00119581464872945,0.000584527105768866,0.004,0.0208169677812011,0.00238877276799045,KYCG.EPIC.chromHMM.20211020,6_EnhG,,0.941447356445064
-0.732587709844234,0.91615515259072,-0.0380309715198638,Log2(OR),756251,1000,6259,5,0.00068927488282327,-0.00131592204560331,0.005,-0.0422551800482401,0.00137760022041604,KYCG.EPIC.TFBSconsensus.20211013,RBBP5,6,0.942076532581746
-0.685031327138235,0.917643745664101,-0.0373258910443722,Log2(OR),756251,1000,7265,6,0.000726480203414457,-0.00134543738208883,0.006,-0.0400779956292739,0.0014519056261343,KYCG.EPIC.TFBSconsensus.20211013,EBNA3C,2,0.942076532581746
-0.808196961213633,0.918013275044536,-0.0371510385842651,Log2(OR),756251,1000,5278,4,0.000637551801083838,-0.00130217067799808,0.004,-0.045814190782654,0.00127429117553361,KYCG.EPIC.TFBSconsensus.20211013,UBE2I,1,0.942076532581746
-0.717775501457889,0.927097465729208,-0.0328746060892922,Log2(OR),756251,1000,7430,6,0.000712250712250712,-0.00141105323170385,0.006,-0.0419901938441812,0.00142348754448399,KYCG.EPIC.TFBSconsensus.20211013,ZNF740,2,0.948573999442273
-0.845995190526262,0.927182148448943,-0.0328349386759876,Log2(OR),756251,1000,5417,4,0.000623733042257914,-0.00136478239448236,0.004,-0.0479537194429445,0.00124668848371513,KYCG.EPIC.TFBSconsensus.20211013,JARID2,7,0.948573999442273
-0.537873032576074,0.927979161651062,-0.0324617760242054,Log2(OR),756251,1000,13099,12,0.000851849222687584,-0.00148406569387559,0.012,-0.0332100097393317,0.00170224838641038,KYCG.EPIC.TFBSconsensus.20211013,ARID1A,2,0.948573999442273
-0.432922268928961,0.937321831752176,-0.0281112674300654,Log2(OR),756251,1000,22281,22,0.000945870415753042,-0.00160581195934317,0.022,-0.0279627938843989,0.0018899531807053,KYCG.EPIC.TFBSconsensus.20211013,HDAC3,1,0.956065295970938
-0.639943528485688,0.937749868845058,-0.0279129879182383,Log2(OR),756251,1000,10548,9,0.000779963601698587,-0.00153518268179639,0.009,-0.0386363300361289,0.00155871146518878,KYCG.EPIC.TFBSconsensus.20211013,NR2F6,3,0.956065295970938
-1.05610561722664,0.947521315979939,-0.0234110111136282,Log2(OR),756251,1000,4699,3,0.000526685393258427,-0.00148806712184819,0.003,-0.0585421847841259,0.00105281628355852,KYCG.EPIC.TFBSconsensus.20211013,EZH2,16,0.964246588076621
-0.306408323689919,0.948237385464876,-0.0230829260672347,Log2(OR),756251,1000,50763,55,0.00106366519687476,-0.00176306002625602,0.055,-0.0209067878941804,0.00212507003071692,KYCG.EPIC.TFBSconsensus.20211013,EBF3,1,0.964246588076621
-0.96380684596175,0.951167233601036,-0.021743118977428,Log2(OR),756251,1000,5874,4,0.000582241630276565,-0.00156149089765217,0.004,-0.0546199565649745,0.00116380564445738,KYCG.EPIC.TFBSconsensus.20211013,NR2F2,9,0.965971392878873
-0.497811693832398,0.954538425263806,-0.0202065842486861,Log2(OR),756251,1000,21175,20,0.000902730760550666,-0.00176453571569903,0.02,-0.0319220362828452,0.00180383314543405,KYCG.EPIC.TFBSconsensus.20211013,ATF7IP,1,0.967321168605544
-0.836500160719269,0.954967130692319,-0.0200115762744883,Log2(OR),756251,1000,8060,6,0.000662690523525514,-0.0016505582161649,0.006,-0.0489201273986267,0.00132450331125828,KYCG.EPIC.TFBSconsensus.20211013,JMJD1C,4,0.967321168605544
-0.343627399227773,0.811823015621149,-0.0905386403609712,Log2(OR),756251,1000,9568,10,0.000947149081265391,-0.000863368364334685,0.01,-0.0209391676961631,0.00189250567751703,KYCG.EPIC.HMconsensus.20211013,H3K79me2,51,0.967907533041954
-0.328542010618953,0.818671095742298,-0.0868905426765463,Log2(OR),756251,1000,11358,12,0.000971974728657055,-0.000903150435167559,0.012,-0.020305233193764,0.00194206182230134,KYCG.EPIC.HMconsensus.20211013,H3K4ac,12,0.967907533041954
-0.37134261122496,0.828959541338663,-0.0814666653509886,Log2(OR),756251,1000,9751,10,0.00093101201005493,-0.000933382013709958,0.01,-0.0226256922211223,0.00186029206585434,KYCG.EPIC.HMconsensus.20211013,H3K4me2,269,0.967907533041954
-0.372849479533438,0.838853195303027,-0.0763140368451774,Log2(OR),756251,1000,10734,11,0.000938326366970912,-0.000982437400506661,0.011,-0.0228854020694782,0.00187489347196182,KYCG.EPIC.HMconsensus.20211013,H2AK9ac,3,0.967907533041954
0.0194850643415138,0.457289919915072,-0.339808371708123,Log2(OR),756251,1000,96416,129,0.00132597366554627,0.000164517206864934,0.129,0.00135521733075605,0.00264843557526484,KYCG.EPIC.chromHMM.20211020,5_TxWk,,0.969306597502242
-0.0307848410552706,0.574789021496897,-0.240491535507976,Log2(OR),756251,1000,30875,40,0.00125647871839171,-0.00015195727358215,0.04,-0.00207664981692535,0.00250980392156863,KYCG.EPIC.chromHMM.20211020,2_TssAFlnk,,0.969306597502242
-0.156714229157321,0.657926212858216,-0.181822810254442,Log2(OR),756251,1000,5054,6,0.000992063492063492,-0.000305017730296508,0.006,-0.00917907856640254,0.00198216055500496,KYCG.EPIC.chromHMM.20211020,12_EnhBiv,,0.969306597502242
-0.593473617955728,0.778995316469715,-0.108465153415335,Log2(OR),756251,1000,1140,1,0.000467508181393174,-0.000475930763820468,0.001,-0.0303196151230202,0.000934579439252336,KYCG.EPIC.chromHMM.20211020,3_TxFlnk,,0.969306597502242
-0.21283414919047,0.882346759803865,-0.054360704807398,Log2(OR),756251,1000,52942,61,0.00113212449657579,-0.00128431671706055,0.061,-0.0146102213210608,0.0022616884802195,KYCG.EPIC.chromHMM.20211020,14_ReprPCWk,,0.969306597502242
-0.903242899625417,0.955297630836071,-0.0198612993149565,Log2(OR),756251,1000,7037,5,0.000622509960159363,-0.00163157863676262,0.005,-0.0520786522926798,0.00124424536518601,KYCG.EPIC.chromHMM.20211020,10_TssBiv,,0.969306597502242
-0.417353480679109,0.967122538551144,-0.0145184954671766,Log2(OR),756251,1000,35913,36,0.000976218239010766,-0.0019655240064784,0.036,-0.0278281139246529,0.00195053233278249,KYCG.EPIC.chromHMM.20211020,13_ReprPC,,0.969306597502242
-0.912713717971483,0.968075566587639,-0.0140907409652368,Log2(OR),756251,1000,8492,6,0.000632511068943707,-0.00180575759119359,0.006,-0.0533657461197184,0.00126422250316056,KYCG.EPIC.chromHMM.20211020,11_BivFlnk,,0.969306597502242
-0.175142382277224,0.969306597502242,-0.0135388312644817,Log2(OR),756251,1000,285907,350,0.00122139748810882,-0.00210553337566888,0.35,-0.0100434244471459,0.00243981499231458,KYCG.EPIC.chromHMM.20211020,15_Quies,,0.969306597502242
-1.01563946895551,0.959654483897385,-0.0178851031549433,Log2(OR),756251,1000,6087,4,0.000564732457998024,-0.00164884261827016,0.004,-0.0575516440270291,0.00112882743050656,KYCG.EPIC.TFBSconsensus.20211013,HOXB13,6,0.970041874254047
-1.14048982697415,0.960130846164606,-0.0176695774864767,Log2(OR),756251,1000,4980,3,0.00050192404216162,-0.00161291115740378,0.003,-0.063211941141613,0.00100334448160535,KYCG.EPIC.TFBSconsensus.20211013,SUZ12,7,0.970041874254047
-0.89680977628259,0.965618704626261,-0.0151943302788783,Log2(OR),756251,1000,8400,6,0.000638705556738344,-0.00177327046604957,0.006,-0.0524382516020835,0.00127659574468085,KYCG.EPIC.TFBSconsensus.20211013,SIRT1,1,0.974329182631911
-0.887728086975513,0.972820317948931,-0.011967367470028,Log2(OR),756251,1000,9731,7,0.000652741514360313,-0.00189438435547139,0.007,-0.0525260560123377,0.00130463144161774,KYCG.EPIC.TFBSconsensus.20211013,GTF2I,2,0.980332443956259
-0.89985257843892,0.974486963162341,-0.0112239665663997,Log2(OR),756251,1000,9812,7,0.000647848218417399,-0.00192109127234802,0.007,-0.053241267773347,0.00129485756566778,KYCG.EPIC.TFBSconsensus.20211013,NR4A1,4,0.980433737063104
-1.2779682166397,0.97567893707331,-0.010693070444682,Log2(OR),756251,1000,5474,3,0.000463606861381549,-0.00181931529882424,0.003,-0.0708163307266012,0.00092678405931418,KYCG.EPIC.TFBSconsensus.20211013,CENPT,1,0.980433737063104
-1.15837716921974,0.977353641183353,-0.00994826471008042,Log2(OR),756251,1000,6714,4,0.000518806744487678,-0.00189223609836353,0.004,-0.0656208527942126,0.00103707544723879,KYCG.EPIC.TFBSconsensus.20211013,DROSHA,1,0.980433737063104
-0.988127854102976,0.977929436329865,-0.00969248112054182,Log2(OR),756251,1000,8942,6,0.000603864734299517,-0.00196057260135362,0.006,-0.0577622984886922,0.0012070006035003,KYCG.EPIC.TFBSconsensus.20211013,IRF4,4,0.980433737063104
-0.771039331842329,0.982453138131349,-0.00768815579868227,Log2(OR),756251,1000,15348,12,0.000734573947110676,-0.00214053449208529,0.012,-0.047547725652602,0.00146806948862246,KYCG.EPIC.TFBSconsensus.20211013,GTF3C5,1,0.983709472067578
-1.71429728531845,0.989190683130735,-0.00471998277168406,Log2(OR),756251,1000,4936,2,0.000337040781934614,-0.00204562403924929,0.002,-0.0920962207884815,0.000673854447439353,KYCG.EPIC.TFBSconsensus.20211013,RYBP,2,0.989190683130735
-0.365544313201486,0.877105978592445,-0.0569479287124243,Log2(OR),756251,1000,16478,17,0.00097359830479354,-0.00119362879806824,0.017,-0.023189453992595,0.00194530266620895,KYCG.EPIC.HMconsensus.20211013,H2AK5ac,3,0.992950164444277
-1.37369636150483,0.924993547737469,-0.0338612966574933,Log2(OR),756251,1000,1955,1,0.0003385240352065,-0.00113589534611124,0.001,-0.070165714886504,0.000676818950930626,KYCG.EPIC.HMconsensus.20211013,H3K27me3B,2,1
-0.693328782387602,0.943329719223843,-0.0253364830725617,Log2(OR),756251,1000,9730,8,0.000746129453460175,-0.00157117219697226,0.008,-0.0414739705275986,0.00149114631873253,KYCG.EPIC.HMconsensus.20211013,H3K79me3,6,1
-0.859045438072647,0.968536591594951,-0.0138839668627081,Log2(OR),756251,1000,9542,7,0.000664451827242525,-0.00183133711404625,0.007,-0.0508338050154351,0.00132802124833997,KYCG.EPIC.HMconsensus.20211013,H3K27me3,241,1
-1.40829371093733,0.968574717542267,-0.0138668714191364,Log2(OR),756251,1000,3998,2,0.000400320256204964,-0.00164916612090361,0.002,-0.0756856192726029,0.000800320128051221,KYCG.EPIC.HMconsensus.20211013,H3K9me1,2,1
-2.79340376335146,0.999004578180518,-0.000432521509773193,Log2(OR),756251,1000,5206,1,0.00016116035455278,-0.00258943371406082,0.001,-0.142521825064502,0.000322268772155978,KYCG.EPIC.HMconsensus.20211013,H3K36me3B,2,1
-1022,1,0,Log2(OR),756251,1000,686,0,0,-0.00109642893313575,0,-1,0,KYCG.EPIC.HMconsensus.20211013,CENPA,2,1
-1022,1,0,Log2(OR),756251,1000,41,0,0,-0.000267932296063827,0,-1,0,KYCG.EPIC.HMconsensus.20211013,H3K27me1,2,1
