"exp","k0","k6"
6.17969595759782,5.75100084626692,6.30271942723286
5.70257470287816,5.13076513084618,6.06673914743814
5.4807259532618,5.01566330762764,5.62385656156178
5.33459791758357,4.96889493914092,5.5632119580097
5.2254534481585,4.74105140893502,5.06023105477016
5.1383032724396,4.65472158066619,4.9872969249991
5.06575260529099,4.61211282210417,4.92480066690045
5.00360469854214,4.52493420041894,4.91520996109898
4.94924703621955,4.50820694133436,4.80919585219116
4.90094235664499,4.47535399434914,4.7918117438619
4.8574766628639,4.44834378575023,4.76000486085478
4.81796812158023,4.39848316127113,4.68417655077742
4.78175594892578,4.38899911038479,4.63879783022616
4.74833219343883,4.36213199858327,4.62973882669871
4.71729795969887,4.33973156266022,4.58592341860074
4.68833426376355,4.32741318253079,4.58543583562502
4.66118201771993,4.24926076206227,4.55379391584514
4.63562791324755,4.2078149544179,4.54634560940697
4.61149423353083,4.18162398362901,4.54489095221425
4.58863135057132,4.17439587782732,4.53496427102939
4.56691210087809,4.15761102686988,4.49669136940053
4.54622750201824,4.14404347942775,4.47209593636903
4.52648344382248,4.14164696672595,4.46056237271082
4.5075980996621,4.12836348259483,4.44487637903788
4.48949987756931,4.11976185020635,4.42931218445888
4.47212578149989,4.11007486611242,4.40365808461215
4.45542008799703,4.10963068037284,4.38403132741496
4.43933326810358,4.0972210851876,4.33981115898296
4.42382110192533,4.08531891558298,4.33502826642955
4.40884394595568,4.05941799333908,4.31071348255499
4.39436612258705,4.03000248409226,4.27533036721535
4.38035540814424,4.00219580997722,4.26254027792595
4.36678260095497,3.99738528214538,4.25349918656981
4.353621154897,3.98124881382648,4.22979290098907
4.34084686686057,3.95247469814847,4.22813932746085
4.32843760887875,3.93154338124392,4.22695130815316
4.31637309747737,3.9265870634556,4.21897899000396
4.30463469420612,3.92524530680562,4.21665197538395
4.29320523242534,3.92102692267448,4.19650362273141
4.28206886630738,3.90850927159039,4.19375270528699
4.27121093871917,3.89643798402956,4.18713123699197
4.26061786522175,3.88972329997633,4.17632612031214
4.25027703188353,3.88857324589603,4.15515845952124
4.2401767049792,3.87999641425618,4.1454178721769
4.23030595095291,3.87419532527367,4.13124981986971
4.22065456527673,3.86973017484544,4.10909513527131
4.21121300904389,3.86842859928675,4.10236691423524
4.20197235230897,3.86737126262378,4.09866378556216
4.19292422333158,3.85854071441729,4.09772806474778
4.18406076300027,3.84667899751116,4.0968995428635
4.17537458381518,3.8374882734204,4.0962020010181
4.16685873289265,3.82980070499585,4.05568589998915
4.15850665852788,3.82156296401724,4.0539774580917
4.15031217991261,3.81752127249674,4.05117782576098
4.1422694596572,3.81553379702761,4.04895011737093
4.13437297881116,3.80051468341591,4.04026914032316
4.1266175141144,3.80019986569067,4.03625889812197
4.11899811724421,3.79971527000329,4.02414759391038
4.11151009585166,3.79846822361163,4.0205252198864
4.10414899620529,3.79691904657228,4.01575785445444
4.09691058728137,3.79189247553949,4.0078558189269
4.08979084615842,3.77516895127968,3.99609535985403
4.08278594458977,3.77429619603831,3.99487708936864
4.07589223664186,3.77247010397237,3.98674546460509
4.06910624729857,3.76469830554193,3.98552233592046
4.06242466194206,3.75415995461127,3.98302667340868
4.05584431663074,3.75322496371171,3.98121167667205
4.04936218910282,3.74645243003501,3.96657972380326
4.04297539044142,3.74437187358325,3.96440725702261
4.03668115734373,3.73938074201058,3.94125964517292
4.03047684494244,3.73652295206164,3.93055146301605
4.02435992013276,3.7357779518306,3.92942171283627
4.01832795536285,3.73293580732316,3.92866932059316
4.01237862284965,3.7284247650161,3.92412205430806
4.00650968918555,3.71837247075398,3.92166283552018
4.00071901030465,3.71758088471178,3.91338515483579
3.99500452678022,3.71054248201307,3.91054855868263
3.98936425942753,3.70605973799162,3.90763886262186
3.98379630518859,3.70519315825032,3.8993230992343
3.97829883327737,3.70457842405824,3.89811505682617
3.97287008156597,3.70456745933065,3.89420483087237
3.96750835319386,3.69771776161206,3.88515959903756
3.96221201338392,3.69372569156023,3.87546392313361
3.95697948645024,3.68044547084152,3.86505690908659
3.95180925298415,3.66511074744481,3.85746195164632
3.94669984720567,3.65939192076174,3.85580139640805
3.94164985446903,3.65735439544598,3.85323652176673
3.93665790891153,3.65456099047562,3.8458314056505
3.93172269123602,3.64665949511712,3.83633245249416
3.92684292661793,3.64252189860111,3.82753354964683
3.92201738272864,3.63973270359913,3.82538156703089
3.91724486786739,3.63580179637785,3.81808738287472
3.91252422919481,3.63430122945071,3.81776623954058
3.90785435106132,3.63254679893037,3.81702901172154
3.90323415342458,3.62922862718428,3.81561325994777
3.89866259035009,3.62873394122367,3.81432259687228
3.89413864859005,3.62410571313541,3.80807228867247
3.8896613462353,3.62025793849487,3.8060936751487
3.88522973143623,3.61460992592024,3.80548814479979
3.88084288118812,3.61437492912656,3.79937273552795
3.87649990017733,3.6121799192036,3.79925516860737
3.87219991968461,3.60122389075143,3.79323025773962
3.86794209654207,3.59493873466689,3.79285417330213
3.8637256121409,3.59075439304138,3.79081925849012
3.85954967148677,3.58924806899265,3.78825007686508
3.85541350230013,3.5856458999397,3.78734723841745
3.85131635415908,3.57880375296952,3.77551461526748
3.84725749768222,3.57592327181746,3.76851369606349
3.84323622374929,3.56626645842722,3.76785713880266
3.8392518427577,3.56590606627944,3.75701925244014
3.83530368391271,3.56567838673809,3.75379855046497
3.83139109454966,3.56197342756889,3.74477257748727
3.82751343948646,3.55408596028761,3.74363549402439
3.8236701004047,3.55395319453399,3.73524326035106
3.81986047525793,3.55245760774482,3.73064824837666
3.81608397770568,3.54851357458439,3.72887646308184
3.8123400365718,3.53786229434965,3.72745647614906
3.80862809532609,3.52786950568945,3.72548696481696
3.80494761158772,3.52739714413561,3.71003803582875
3.80129805664968,3.52393432701484,3.70965340427583
3.79767891502295,3.52316044471791,3.70539014048911
3.79408968399951,3.51837160253201,3.70446944107827
3.79052987323329,3.51522716230449,3.70159824188211
3.78699900433816,3.5149716134465,3.70042821198713
3.78349661050209,3.51048308367706,3.69963668764376
3.78002223611678,3.50587152682283,3.69750951941878
3.776575436422,3.499997740985,3.69723401376923
3.77315577716387,3.49899154009912,3.69061696343427
3.76976283426653,3.49895293678766,3.68966629144199
3.76639619351657,3.4974242235697,3.68364746384669
3.76305545025954,3.49481093792101,3.67843096684587
3.75974020910806,3.49455777489732,3.67801724906835
3.75645008366101,3.48589475845055,3.67793025026358
3.75318469623325,3.48527473200777,3.67678761212457
3.74994367759541,3.48330718111154,3.67544183295586
3.74672666672342,3.48315131224928,3.67012950277719
3.74353331055707,3.48061519506354,3.66765220711268
3.74036326376756,3.46964715087935,3.66223844075034
3.73721618853337,3.46366046544994,3.66216956139761
3.73409175432422,3.45846638146457,3.66056947624572
3.73098963769274,3.45657922905487,3.6521047901097
3.72790952207353,3.45589216412815,3.64957977567956
3.72485109758931,3.44596312327547,3.6450200062964
3.72181406086383,3.44579800796445,3.64324189683584
3.71879811484127,3.43502691846835,3.64277082884913
3.71580296861191,3.42907213815586,3.64205966600638
3.71282833724371,3.42301785872574,3.64190771189525
3.70987394161966,3.42217345871925,3.62449352073768
3.70693950828061,3.41789217617395,3.62408454300899
3.70402476927339,3.41521549161387,3.62317831719917
3.70112946200398,3.41375845572627,3.619071580394
3.69825332909552,3.41345595641198,3.61567992010581
3.69539611825104,3.40937108706133,3.61554344244638
3.69255758212064,3.40753740224923,3.61312466899791
3.68973747817299,3.4004798270823,3.61269782428193
3.68693556857098,3.40028779533986,3.61268174707588
3.68415162005137,3.39886656861605,3.61135992871473
3.68138540380822,3.39781612837023,3.60887251914737
3.67863669538007,3.39749143207385,3.60864195824683
3.67590527454064,3.3912228882626,3.60747557708364
3.67319092519295,3.38338819049673,3.60477771565562
3.67049343526672,3.38200116997369,3.60459622734338
3.66781259661895,3.37747435632887,3.593570612479
3.66514820493754,3.37666973711055,3.590615023119
3.66250005964785,3.37303919854157,3.58807618275582
3.6598679638221,3.37296289114012,3.58743799444349
3.6572517240915,3.37262868663272,3.5873077885334
3.65465115056098,3.36117082216029,3.58708127700684
3.65206605672648,3.36088426970625,3.58194777970867
3.64949625939474,3.36025565258628,3.58106930155086
3.64694157860532,3.36023653900361,3.58036658390928
3.64440183755505,3.35957759643276,3.58005952197838
3.64187686252455,3.35811331289499,3.57892632537575
3.63936648280695,3.3521964088577,3.57610378843818
3.63687053063864,3.35057539994415,3.5758697939292
3.634388841132,3.3496234333565,3.57131887281181
3.63192125221,3.34778448766031,3.56982413943526
3.62946760454273,3.34689966995092,3.56660299900856
3.62702774148563,3.3461536052996,3.55487118992694
3.6246015090195,3.34386059950236,3.55452163312168
3.62218875569216,3.34362755561004,3.55229038855465
3.61978933256171,3.34245303072617,3.55202957000363
3.61740309314135,3.3422968298966,3.55035081289341
3.61502989334573,3.34163479929285,3.54710080795743
3.61266959143876,3.33944180769842,3.54703270463074
3.61032204798278,3.33666921072242,3.54629258788198
3.60798712578913,3.3348405980097,3.54358332628491
3.6056646898701,3.32857668761949,3.53770396797927
3.60335460739203,3.32708556207763,3.53732782615793
3.60105674762975,3.32571426935773,3.53726704309165
3.5987709819222,3.32064124526364,3.53599684272324
3.5964971836292,3.3182793361069,3.53574485260829
3.59423522808932,3.31658248520755,3.53404127714362
3.59198499257891,3.31523732845923,3.53224072648385
3.58974635627211,3.30710936326682,3.53209946684071
3.58751920020195,3.30535655204293,3.52966040662564
3.5853034072224,3.30259762346213,3.52919521406854
3.58309886197136,3.29704372007014,3.52600347090253
3.58090545083471,3.29642612919417,3.52321630024854
3.57872306191107,3.29525475888878,3.52102690272083
3.57655158497764,3.29142442242665,3.51948995051912
3.57439091145671,3.2903582660552,3.51941186599531
3.57224093438315,3.28529436321694,3.51566543724035
3.5701015483726,3.28494135060714,3.51557264379258
3.56797264959048,3.28368237214679,3.51451288599723
3.56585413572175,3.28093225917145,3.51420266134255
3.56374590594142,3.28084768346019,3.51008761934371
3.56164786088573,3.27061542376544,3.51006225385896
3.55955990262406,3.26883214985237,3.50730075666779
3.55748193463153,3.2675635312561,3.50355816785235
3.55541386176215,3.26687990611312,3.50331554156421
3.55335559022278,3.26257180211036,3.4952476663416
3.55130702754751,3.25783776096379,3.49281192102927
3.5492680825728,3.25517403472048,3.49149153596664
3.5472386654131,3.25485985185299,3.4876675276032
3.54521868743709,3.25271649857142,3.486279441517
3.54320806124446,3.2500670398759,3.48581658815115
3.54120670064318,3.24962437852413,3.48560726005056
3.5392145206274,3.24786427537006,3.4840020648767
3.5372314373557,3.24712895343996,3.48168274579561
3.53525736812998,3.24604370426845,3.48126485939019
3.53329223137475,3.24599590885657,3.47728995763333
3.53133594661689,3.24460526448537,3.47193873690556
3.52938843446589,3.24364956978466,3.4709241432575
3.5274496165945,3.24317904660351,3.46787092956733
3.52551941571986,3.24097276039722,3.46632573944118
3.52359775558499,3.24068033299223,3.46250387296867
3.52168456094071,3.23386684839682,3.4616150288716
3.51977975752797,3.23303998101221,3.45912772125909
3.51788327206056,3.22860962151396,3.45787104529635
3.51599503220817,3.22741231430526,3.4561356724857
3.51411496657987,3.22724725371696,3.45014043073155
3.51224300470787,3.22705159135433,3.44927690962698
3.51037907703171,3.22365737772202,3.44646677818676
3.50852311488274,3.22207628410659,3.44618256092876
3.50667505046893,3.22105821027882,3.44590128888917
3.50483481686001,3.21989149953579,3.44581614131343
3.50300234797296,3.21621289245013,3.44570140890452
3.50117757855771,3.21414016171336,3.44492259096109
3.49936044418326,3.2109918333632,3.44310403638024
3.49755088122399,3.2105695759433,3.44265302417214
3.49574882684631,3.20767580116274,3.43828710779675
3.49395421899556,3.20684397533623,3.43699354975198
3.49216699638319,3.2021963154495,3.43630409436387
3.4903870984742,3.20208845512985,3.43506911775465
3.48861446547485,3.20178188556773,3.43490545593195
3.48684903832059,3.19683806051533,3.43358697471661
3.48509075866425,3.19670210754201,3.43129301559284
3.48333956886449,3.19669082974767,3.4276383819757
3.48159541197443,3.19634893590609,3.42655400753779
3.47985823173058,3.1950880395644,3.42106196790752
3.47812797254189,3.19448063031256,3.42052438767487
3.47640457947916,3.19356916438325,3.42010227619618
3.47468799826449,3.19061457960741,3.4199591722934
3.47297817526106,3.18883002365482,3.41971416080327
3.47127505746311,3.18691207384339,3.4178702744102
3.46957859248601,3.1859087114709,3.41491436160609
3.46788872855663,3.18357434404401,3.41391068927059
3.46620541450388,3.18321432918295,3.41326455441332
3.46452859974936,3.18059856661321,3.41107444966795
3.4628582342983,3.17691367126342,3.40983857888697
3.46119426873055,3.17379670541966,3.40615180561378
3.45953665419187,3.17211335599349,3.4054113032496
3.45788534238528,3.17052803927285,3.40395050868481
3.45624028556264,3.16989385931412,3.40119944750518
3.45460143651635,3.1696925453676,3.40078710399519
3.45296874857125,3.16867329824567,3.39980821218356
3.45134217557659,3.16699210340174,3.39785631775111
3.44972167189827,3.16530846329298,3.39522223384083
3.44810719241108,3.16263430551197,3.39203156449391
3.44649869249125,3.16165582989957,3.39119096493389
3.44489612800897,3.16133327502715,3.38862457759443
3.44329945532118,3.15939590208909,3.38794607516603
3.44170863126439,3.15903634260099,3.38438426900715
3.44012361314773,3.15747076901504,3.38380716604307
3.43854435874604,3.15548546350798,3.38088596675533
3.43697082629312,3.15267110997182,3.37969271620405
3.43540297447515,3.14835958214661,3.37964978140995
3.43384076242409,3.1483098193796,3.378989137198
3.4322841497114,3.14498038445324,3.37894987749503
3.43073309634166,3.14344710524086,3.37750746302642
3.42918756274648,3.14053755671852,3.37714836746864
3.42764750977838,3.13937561295222,3.37579206236382
3.42611289870492,3.13382950525686,3.37380785152068
3.42458369120275,3.13308062680565,3.37163016785673
3.42305984935197,3.13187270436947,3.3714643911831
3.42154133563043,3.13112037033994,3.37042637006696
3.42002811290819,3.12975065681126,3.36900353841187
3.41852014444209,3.12932710398707,3.36299343626011
3.41701739387039,3.12822088084103,3.36294018642442
3.41551982520749,3.12820965846441,3.3608160949804
3.41402740283881,3.12685997392607,3.35704321018121
3.41254009151564,3.12646698442466,3.35683448712353
3.41105785635021,3.12611924821685,3.35632196709239
3.40958066281072,3.12474868303691,3.35483346186258
3.40810847671657,3.12400062336918,3.35338133856084
3.40664126423356,3.12338022426898,3.35125738080657
3.40517899186927,3.12257431947478,3.35053423155931
3.40372162646845,3.12241966815483,3.34958150612175
3.40226913520851,3.12210840150403,3.34914264798046
3.40082148559508,3.12081221284051,3.34892789095439
3.39937864545767,3.12013740734413,3.34528156177616
3.39794058294535,3.11844546526157,3.34501726323471
3.39650726652256,3.1169654309203,3.34226799211066
3.39507866496495,3.11470482566005,3.34103571613346
3.39365474735527,3.11457009945783,3.34031262556162
3.39223548307941,3.11219611618716,3.34018825284203
3.39082084182241,3.10828909161379,3.33994955571558
3.38941079356458,3.1078544808441,3.33587574419646
3.3880053085777,3.10767762624035,3.33582444746567
3.38660435742124,3.1063789214994,3.33529216064284
3.38520791093865,3.10344082649618,3.33372230002259
3.38381594025375,3.10204498390763,3.33288320770229
3.38242841676711,3.09955350752879,3.33196837207023
3.38104531215255,3.09915944628659,3.33129338899504
3.37966659835369,3.09898946214774,3.33033824892891
3.37829224758047,3.09474421918383,3.32988414220751
3.37692223230585,3.09439059570387,3.3292296933672
3.37555652526247,3.0934865231979,3.32882910234865
3.37419509943942,3.09012776968233,3.32814869581156
3.372837928079,3.0899010372398,3.32798495315117
3.3714849846736,3.08944402750297,3.32755032748019
3.37013624296255,3.08695921383095,3.32246557264586
3.36879167692912,3.08608806950665,3.32228052029271
3.36745126079745,3.08221551040053,3.32148334952385
3.36611496902963,3.08087341770003,3.32022741169916
3.36478277632275,3.08038916124437,3.3186733877221
3.36345465760604,3.0799816672535,3.31862299258985
3.36213058803804,3.0793084845195,3.31484535080771
3.36081054300381,3.07783699323275,3.31138241587682
3.35949449811218,3.07724380160061,3.30812572323403
3.35818242919305,3.07657055162482,3.30643471561824
3.35687431229472,3.07585967602885,3.30455326689631
3.35557012368127,3.07254637147408,3.30434491218381
3.35426983983,3.07240991194169,3.3038075095563
3.35297343742883,3.07123962289418,3.29927573250655
3.35168089337385,3.07078115703075,3.29893181058101
3.3503921847668,3.06943120436373,3.29831424936612
3.34910728891268,3.06935909992677,3.29800292850165
3.34782618331732,3.06882657807619,3.29768748462959
3.34654884568504,3.06657480376086,3.29654930743616
3.34527525391629,3.06382034397107,3.29619129428316
3.3440053861054,3.06370499747251,3.2941275278831
3.34273922053827,3.06336531257879,3.29179858065651
3.3414767356902,3.06176351254956,3.29113080389627
3.34021791022362,3.05991116119175,3.29023468397744
3.33896272298602,3.05677543567593,3.29010328894862
3.33771115300771,3.05614157266208,3.28883852155179
3.33646317949981,3.05473637582842,3.28660814000486
3.33521878185214,3.05330273204101,3.2793064249615
3.33397793963116,3.05155693279224,3.27859262674161
3.332740632578,3.05114298343029,3.27812192622673
3.33150684060642,3.0504652412061,3.27739253485586
3.33027654380092,3.05045636285177,3.27732081755224
3.32904972241476,3.05032025122752,3.27699099537604
3.32782635686806,3.04986772443088,3.27665859828431
3.32660642774596,3.04964482775739,3.27660827027918
3.32538991579674,3.04947436296813,3.27654726177655
3.32417680193002,3.04889638457906,3.27615715278514
3.32296706721494,3.04800913007976,3.27482742091353
3.32176069287839,3.04744483304407,3.27461270903863
3.32055766030329,3.04435364866278,3.27265626726266
3.31935795102683,3.04226953301396,3.27257944696858
3.31816154673878,3.04214943103895,3.27249382615096
3.31696842927985,3.04186253624013,3.27115505212338
3.31577858063996,3.04175411761534,3.27059866972799
3.31459198295669,3.03918958330523,3.27020247204322
3.31340861851363,3.03723869317337,3.26971176682309
3.31222846973877,3.03686069191673,3.26964803258714
3.311051519203,3.03385196596712,3.2691461398825
3.30987774961849,3.03373298519574,3.26895102296477
3.30870714383725,3.03319154720737,3.26862927783988
3.30753968484953,3.03262121237386,3.26853186665957
3.30637535578242,3.03247851123234,3.2677917428118
3.30521413989836,3.03214967968027,3.26636034711534
3.30405602059365,3.03172515879776,3.26615730723425
3.30290098139712,3.03148452520691,3.26353406562704
3.30174900596863,3.03065854019224,3.26335386138443
3.30060007809775,3.03062834168574,3.2631388536625
3.29945418170234,3.03007857032321,3.26181389287835
3.29831130082725,3.02992681644965,3.26084418831647
3.29717141964294,3.02975926532575,3.26016721495706
3.2960345224442,3.02960507600854,3.259077990031
3.29490059364884,3.02871123962584,3.25884529443962
3.29376961779639,3.02795023748895,3.25853888059898
3.29264157954686,3.02449000036432,3.25774674312509
3.2915164636795,3.02299978472562,3.25766336038699
3.29039425509151,3.02122637366286,3.2573112597961
3.28927493879691,3.02118168811249,3.25689876911926
3.28815849992526,3.02083294275392,3.25558712406312
3.28704492372052,3.0200134545011,3.25476565458382
3.28593419553988,3.01971770120544,3.25385214155567
3.28482630085257,3.01959467676584,3.25371878595872
3.28372122523876,3.01946260054674,3.25308542164276
3.2826189543884,3.01838909086499,3.2529823230611
3.28151947410015,3.01809277425261,3.25179418401708
3.28042277028022,3.01631798326897,3.25174630166003
3.27932882894135,3.01563387105343,3.25055262859573
3.27823763620171,3.01433318154243,3.25051353688195
3.27714917828383,3.01312280523555,3.24441737562097
3.27606344151358,3.01238195302674,3.24436239420871
3.27498041231914,3.01148905063994,3.24307929327771
3.27390007722995,3.01106984132382,3.24165518234249
3.27282242287575,3.00951429385834,3.23960093501219
3.27174743598555,3.00844773464846,3.2389001520753
3.27067510338667,3.00814865401939,3.23754128968825
3.26960541200375,3.00764339320753,3.23752759943762
3.26853834885785,3.00679125528153,3.23679918684666
3.26747390106541,3.00597969391635,3.23653050257718
3.2664120558374,3.00542375504192,3.23590345282285
3.26535280047838,3.00486679932185,3.23561927595627
3.26429612238555,3.00459177773361,3.23547336854848
3.2632420090479,3.00411054615469,3.23470537869347
3.26219044804528,3.003390057908,3.2330798172655
3.26114142704755,3.00186485095216,3.23201023779988
3.26009493381371,3.00085148140241,3.23134482829509
3.25905095619103,2.99776930315128,3.23074799038883
3.25800948211422,2.99736301182627,3.23017556104633
3.25697049960456,2.99401623865625,3.22992499370075
3.25593399676912,2.99147787843148,3.22970221725777
3.25489996179991,2.99127283565292,3.2287245564114
3.25386838297308,2.99069259973227,3.228057077834
3.25283924864813,2.98908376065297,3.22352140647391
3.25181254726711,2.9880027802331,3.22229982771433
3.25078826735387,2.98768797810413,3.22109160237662
3.24976639751323,2.98714978798709,3.21995005404213
3.2487469264303,2.98694226404943,3.21570063360046
3.24772984286965,2.98583114537337,3.21430852363146
3.24671513567462,2.98475678548603,3.21404955496175
3.24570279376658,2.98461593959615,3.21391008227607
3.24469280614417,2.98433767129879,3.21164366098199
3.24368516188261,2.98423030862119,3.2084522637336
3.24267985013301,2.98386463467,3.20826763016948
3.24167686012161,2.98305377090999,3.20819732794159
3.24067618114916,2.98261717115596,3.20739051608824
3.23967780259016,2.98228996003221,3.20703815824616
3.23868171389225,2.98209397581147,3.20552774240351
3.23768790457551,2.98191307668724,3.20279887959517
3.23669636423178,2.98184384548306,3.20254567586064
3.23570708252405,2.98079546243282,3.20195281982259
3.23472004918577,2.98025211737065,3.2018203073667
3.23373525402025,2.97997697667129,3.20028310080807
3.2327526869,2.97925527570014,3.19937353852258
3.2317723377661,2.97807746115065,3.19709928488898
3.23079419662761,2.97678613016144,3.19484055616861
3.22981825356095,2.97432206854249,3.1942914853827
3.22884449870928,2.9721016018488,3.19390221658523
3.22787292228191,2.97179369516899,3.19257181465029
3.22690351455373,2.97056325371677,3.19224647293338
3.22593626586459,2.97055749550359,3.19187610229667
3.22497116661876,2.96921986323145,3.19065200206307
3.22400820728432,2.96868863107861,3.18962002269205
3.22304737839262,2.96821848054863,3.18723916744832
3.22208867053773,2.96681913490899,3.18606725116168
3.22113207437585,2.96597603741912,3.18592188249571
3.22017758062482,2.96517109607625,3.18474263394566
3.21922518006352,2.96361198896656,3.18267566938659
3.21827486353137,2.96344724545495,3.18233768590466
3.2173266219278,2.96344254310266,3.18199570669504
3.21638044621171,2.96259552987337,3.18008853574655
3.21543632740097,2.96150525629742,3.1793061139787
3.21449425657191,2.96146919324726,3.17899469192633
3.21355422485879,2.96142389678409,3.17847535991682
3.21261622345332,2.96073361743393,3.1775865351057
3.21168024360418,2.9580884192028,3.17720795653142
3.21074627661648,2.95510786452355,3.17550195436527
3.20981431385132,2.9547572281651,3.1735993917778
3.2088843467253,2.95460122183335,3.17056092462425
3.20795636671004,2.95427264673254,3.16915591226531
3.20703036533171,2.95372242803334,3.16877852027837
3.20610633417057,2.95198938681847,3.16788760511226
3.20518426486049,2.95077861024969,3.16753902555246
3.20426414908856,2.95046574863655,3.16749410270738
3.20334597859455,2.95046562520065,3.1649504870026
3.20242974517053,2.94795589634175,3.16424946712749
3.20151544066041,2.94672133000875,3.16387016217684
3.2006030569595,2.94614988378667,3.16379445579985
3.19969258601408,2.9456424032688,3.16348444739624
3.19878401982098,2.9454894991319,3.16301909079106
3.19787735042716,2.94449294994186,3.16206945905781
3.19697256992928,2.94268971608606,3.15668802877631
3.19606967047329,2.94227835922531,3.15581315105232
3.19516864425403,2.94140977747072,3.15570842027286
3.19426948351482,2.94050902280311,3.15536838025371
3.19337218054706,2.93929120317548,3.15368370585026
3.19247672768982,2.93874661828285,3.15364784439793
3.19158311732947,2.93861465806741,3.15321120440265
3.19069134189929,2.93836287729967,3.15199252005316
3.18980139387905,2.93808291564055,3.15060964302809
3.18891326579468,2.93792250104419,3.1492100389523
3.18802695021787,2.93786799784108,3.14885121574708
3.18714243976569,2.93331119138083,3.14835246481844
3.18625972710021,2.93324819379868,3.14831490437857
3.18537880492819,2.92846818940943,3.14765872456545
3.18449966600064,2.9281512474805,3.14546177257632
3.18362230311255,2.92812284199201,3.1446896063046
3.18274670910244,2.92674204362702,3.14313067538735
3.1818728768521,2.92666433869211,3.14266632283649
3.18100079928617,2.926587778043,3.13992686738347
3.18013046937184,2.9245662448141,3.1379464656943
3.1792618801185,2.92350299173557,3.13756240193268
3.1783950245774,2.92293809834875,3.13737286490757
3.17752989584131,2.92250011894458,3.13726199662879
3.1766664870442,2.92135885786069,3.13724076745054
3.17580479136091,2.92097683841883,3.13636325165615
3.17494480200682,2.92092810984734,3.1360073739336
3.17408651223754,2.92041317491052,3.1359954257516
3.17322991534859,2.9204082915391,3.1356805300179
3.17237500467508,2.91861207338664,3.13293779350208
3.1715217735914,2.91764843792417,3.13215091719335
3.17067021551091,2.91700811267664,3.13197792747968
3.16982032388566,2.91599611003083,3.13164722105377
3.16897209220605,2.91485065283882,3.13045805992107
3.16812551400054,2.91403356028469,3.13029722301842
3.16728058283539,2.91336342992717,3.12997185637641
3.16643729231431,2.91332426117995,3.12985863024161
3.1655956360782,2.91312426830203,3.12962926793649
3.16475560780489,2.91252504167689,3.12941443018443
3.16391720120878,2.9118618870224,3.1281574521328
3.16308041004064,2.90955089719355,3.12792443118771
3.16224522808729,2.90568565268015,3.12725024814996
3.16141164917129,2.90479149670815,3.12676223643134
3.16057966715075,2.90269705474488,3.12666388393637
3.15974927591898,2.90138446789028,3.12604429696789
3.15892046940426,2.90096434473987,3.12471618095876
3.15809324156958,2.90045318306548,3.12425464250054
3.15726758641234,2.89597519706373,3.12415953128345
3.15644349796411,2.893364413644,3.12390205324205
3.1556209702904,2.89239428322273,3.12316036138824
3.15479999749034,2.89155810977148,3.12295229626406
3.15398057369648,2.89085458080397,3.12272505840102
3.15316269307452,2.89055531937119,3.12269528316845
3.15234634982307,2.89049345309263,3.12253816483803
3.15153153817335,2.89002917858624,3.11889505751983
3.15071825238904,2.88864253135709,3.11735832976024
3.14990648676597,2.88858895368696,3.11721888939956
3.14909623563187,2.88779480289066,3.1136991378679
3.1482874933462,2.88756419489086,3.11218528692614
3.14748025429984,2.88680289572285,3.11121123006137
3.14667451291491,2.88655640741986,3.11033788427558
3.14587026364451,2.88481917097959,3.11004367464886
3.1450675009725,2.8847688018752,3.10883088647716
3.14426621941327,2.88230346418357,3.10817037631064
3.14346641351153,2.88134907763469,3.10771347531848
3.14266807784205,2.88096007727921,3.10664264535615
3.14187120700948,2.88054676175784,3.10580859140481
3.14107579564812,2.87979411053071,3.10565386789735
3.14028183842168,2.87931541316096,3.10423843185617
3.13948933002311,2.87886308669433,3.1041493152662
3.13869826517433,2.87879455770721,3.10295195935143
3.13790863862607,2.87877451918703,3.10147657591209
3.13712044515763,2.87754333985135,3.10140984353311
3.13633367957669,2.87749602643947,3.10111581011263
3.1355483367191,2.87726838424746,3.10026488982215
3.13476441144866,2.87722821198047,3.09986013234311
3.13398189865695,2.87653064342457,3.09932160958994
3.13320079326311,2.87388496902895,3.09848390422279
3.13242109021364,2.87329708377309,3.09761842801306
3.13164278448221,2.87304599091992,3.09556520885797
3.13086587106947,2.87270809608508,3.09555457056262
3.13009034500285,2.87222770432861,3.09459956585181
3.12931620133636,2.86929904188421,3.09454424259411
3.12854343515044,2.86913184959907,3.09326005743582
3.12777204155172,2.86887686706395,3.09307042905539
3.12700201567285,2.86848517442467,3.09245324974757
3.12623335267237,2.8677707659749,3.09226147663937
3.12546604773442,2.86739299048294,3.09192142996366
3.12470009606868,2.86581968118104,3.0909901253648
3.12393549291009,2.86530924159663,3.08774076280944
3.12317223351872,2.86498657699355,3.08773528346774
3.12241031317961,2.86493475370047,3.08698115972624
3.12164972720254,2.86445449547184,3.08659696552089
3.12089047092191,2.86425185367575,3.08656416480979
3.12013253969655,2.86420333210196,3.08233460579802
3.11937592890954,2.86406565168005,3.08223353358128
3.11862063396803,2.86380143154089,3.08220517120931
3.11786665030312,2.86188352641346,3.08220150060107
3.11711397336966,2.86123498640017,3.08190351616405
3.11636259864607,2.86047799747348,3.08149907497789
3.11561252163423,2.85912317630146,3.08147913512434
3.11486373785925,2.85861978036412,3.08097519847568
3.11411624286937,2.85626007016788,3.08045203546576
3.11337003223578,2.85617246341598,3.07903800917709
3.11262510155245,2.85520679212519,3.07746957790828
3.11188144643598,2.85504238295618,3.07637096652692
3.11113906252546,2.85388055734767,3.07630549456151
3.11039794548229,2.85358045031832,3.07438478451629
3.10965809099007,2.85299680254073,3.07413254193684
3.10891949475439,2.85191847385638,3.07321053010068
3.10818215250273,2.85042486544877,3.07292589436485
3.10744605998431,2.85038824445112,3.07198119723883
3.10671121296989,2.84927545658956,3.07181015589248
3.1059776072517,2.84904342934012,3.07171962522617
3.10524523864323,2.84871605589844,3.0707853249258
3.10451410297913,2.84655466654287,3.07069200888373
3.10378419611504,2.84588149459501,3.07068275563793
3.10305551392748,2.8440689168401,3.07066802380983
3.10232805231367,2.84304655441005,3.07062689898075
3.10160180719141,2.84240283955675,3.07027546448545
3.10087677449897,2.84225121120865,3.07008503619799
3.10015295019492,2.84055943993831,3.06984049834225
3.09943033025798,2.84030332442091,3.06956140528396
3.09870891068693,2.84020539010497,3.06891723169589
3.09798868750047,2.84008473318381,3.06728146754289
3.09726965673705,2.83882533666621,3.06660373003035
3.09655181445477,2.83869261890647,3.06645463573877
3.09583515673125,2.83854034759779,3.06531916330167
3.09511967966349,2.8376181900149,3.0652902028752
3.09440537936776,2.8370610168817,3.06481279406621
3.09369225197944,2.83636136684767,3.06355014830561
3.09298029365294,2.83528330385648,3.0631808979337
3.09226950056154,2.83492146675173,3.06279384873705
3.09155986889727,2.83466244774509,3.06270215354478
3.09085139487082,2.8336246494173,3.06260856220883
3.09014407471137,2.83325849032523,3.0626045864998
3.08943790466651,2.83073417441369,3.06230804924416
3.08873288100209,2.83062643715348,3.06064861513243
3.08802900000214,2.82976195993693,3.06045479886633
3.0873262579687,2.82735759086676,3.06038273384674
3.08662465122176,2.82726227672821,3.05819481248342
3.08592417609909,2.82707458625539,3.057497905187
3.08522482895618,2.82688313490463,3.05576212284769
3.08452660616607,2.82687737744609,3.05512477163326
3.08382950411928,2.82432256326877,3.0549448631333
3.08313351922369,2.82378467529712,3.05438484280196
3.0824386479044,2.82279355585323,3.05286946837165
3.08174488660367,2.82095183985258,3.05149547181553
3.08105223178076,2.82092975419601,3.050795867319
3.08036067991186,2.81960225654904,3.04942772752463
3.07967022748996,2.81888330400091,3.04927736519673
3.07898087102474,2.81830856887803,3.04664061896789
3.07829260704249,2.81794576765097,3.04651183786323
3.07760543208598,2.8176198148748,3.04582132613479
3.07691934271438,2.81680544586373,3.04290498359475
3.07623433550312,2.8146511404382,3.04288644524701
3.07555040704381,2.81463202953272,3.04270430629548
3.07486755394417,2.81447840698641,3.0422371854909
3.07418577282785,2.81250761471326,3.04221207854801
3.07350506033441,2.81074916361906,3.04025822001965
3.07282541311917,2.80922015121049,3.0401174986859
3.07214682785314,2.80920734608686,3.04005839914329
3.07146930122289,2.80873227542438,3.03992031835362
3.07079282993051,2.80872872704099,3.03969944306333
3.07011741069344,2.80838793647541,3.03946339859303
3.06944304024442,2.80821075054559,3.03924321985017
3.0687697153314,2.80814910951788,3.03867264494477
3.06809743271743,2.80788284204941,3.03812375887713
3.06742618918055,2.80582711217957,3.03809677005985
3.06675598151374,2.8051103132079,3.03721028527136
3.06608680652479,2.80427556954664,3.03644301867291
3.06541866103624,2.8040391604121,3.0361624721582
3.06475154188524,2.80354353226848,3.03515158439297
3.06408544592352,2.80337934483807,3.03473107241345
3.06342037001728,2.80241464260738,3.0344702770006
3.06275631104707,2.80168389727777,3.0341575761972
3.06209326590774,2.80155442103644,3.03161032329164
3.06143123150834,2.80142628941168,3.03137998986127
3.06077020477205,2.80100292949305,3.03128496035197
3.06011018263604,2.80079769615992,3.03049505759298
3.05945116205146,2.80056088825614,3.03046083941631
3.05879313998329,2.80002906917015,3.02806783220744
3.05813611341032,2.79998279063043,3.02729734443417
3.057480079325,2.79944296843223,3.02699222308439
3.05682503473339,2.79936568645194,3.02670963054265
3.05617097665509,2.79923158292357,3.026632005803
3.05551790212315,2.79908147890213,3.02639098625692
3.05486580818396,2.79892939272625,3.02411143555594
3.05421469189723,2.79734125541133,3.02284548495339
3.05356455033584,2.79674104715489,3.02229888692682
3.05291538058581,2.79641599066592,3.02163320341689
3.05226717974622,2.79611969682679,3.02154700114221
3.05161994492911,2.79593162613265,3.02078881641427
3.0509736732594,2.7936852299499,3.0201790537279
3.05032836187484,2.79283323555026,3.01968593244571
3.04968400792592,2.79250953111952,3.01848511524351
3.04904060857579,2.79057913103503,3.01679488878544
3.0483981610002,2.79048057065633,3.01646321898615
3.0477566623874,2.79037438268855,3.01618771460651
3.04711610993808,2.79031319225871,3.01564270445382
3.04647650086533,2.79010499844181,3.01504687092339
3.04583783239449,2.7901001141802,3.01460636377322
3.04520010176315,2.78994069756158,3.01460017469191
3.04456330622105,2.78973553183486,3.01444471194801
3.04392744303,2.78788148868515,3.01372757376437
3.04329250946383,2.78778387852479,3.01188938743673
3.04265850280831,2.78707134328295,3.01155933018337
3.04202542036107,2.78652597784531,3.01136726381823
3.04139325943154,2.78642002940803,3.01116373508534
3.0407620173409,2.78605114464346,3.01041895201008
3.04013169142197,2.78573088259802,3.00920857973201
3.03950227901919,2.78536994606255,3.00918781806791
3.03887377748851,2.78519912802153,3.00738161263292
3.03824618419735,2.78517975063568,3.00611502205296
3.03761949652454,2.78501247473853,3.00560068146675
3.03699371186021,2.78328653874964,3.00537778163084
3.03636882760578,2.78267910224883,3.00313603879808
3.03574484117386,2.78233802757155,3.00251596235252
3.03512174998821,2.78232506701788,3.00193367824731
3.03449955148364,2.78216250595536,3.0014026234511
3.03387824310599,2.78166680485314,3.00071273968176
3.03325782231205,2.78166658837543,3.00038201520548
3.03263828656946,2.78112628907362,3.0003440007536
3.03201963335672,2.7809170565255,3.00026976329456
3.03140186016308,2.78005667277748,2.99880013019172
3.03078496448847,2.77971889217023,2.99860149933142
3.03016894384347,2.7769433769677,2.99817600254314
3.02955379574926,2.77629781126636,2.99612767676232
3.02893951773751,2.77481136573551,2.99597660040557
3.02832610735036,2.77467153033389,2.99562722847194
3.02771356214035,2.77346726215027,2.9953935233796
3.02710187967035,2.77243418447164,2.99516644548565
3.02649105751354,2.77206446678496,2.99513310654182
3.02588109325329,2.77192225028842,2.99442883689444
3.02527198448318,2.77177291877119,2.99424553985414
3.02466372880685,2.77149505408278,2.99140413873183
3.02405632383805,2.77078300331685,2.99117694494239
3.02344976720048,2.77024807011725,2.99090585738449
3.02284405652781,2.76955773968853,2.99015392613245
3.0222391894636,2.76903193944428,2.98906711066831
3.02163516366122,2.76870407936048,2.9886276657532
3.02103197678383,2.76864236644183,2.9883962924797
3.02042962650433,2.76846982009116,2.98779667223502
3.01982811050526,2.76774008809857,2.9875912486518
3.01922742647878,2.76757974834559,2.98686108727713
3.01862757212665,2.76757637897704,2.98662799137222
3.01802854516009,2.76748088718181,2.98635443716299
3.0174303432998,2.76743463052893,2.98615970309158
3.0168329642759,2.76674638758806,2.98599696040564
3.01623640582783,2.76632235696769,2.98599553011418
3.01564066570437,2.76578319152724,2.98375960376927
3.01504574166353,2.7656234339475,2.98372078166809
3.01445163147251,2.76444726732136,2.98341197917747
3.01385833290769,2.76436386864706,2.98239836257397
3.01326584375454,2.76242989933162,2.98217321885784
3.01267416180757,2.76159089053168,2.98172798378552
3.01208328487029,2.76059156008475,2.98133670147662
3.01149321075519,2.76002891112468,2.98085979393312
3.01090393728364,2.75999737432972,2.98039193862663
3.01031546228587,2.75929127395682,2.98012044790741
3.00972778360093,2.75915121240056,2.98007541920158
3.00914089907661,2.75817486101314,2.97992372605069
3.00855480656944,2.75815122376999,2.97940095049969
3.00796950394459,2.75722487266758,2.9786267987021
3.00738498907587,2.75630151343965,2.97853633392618
3.00680125984565,2.75497633437907,2.97715092389005
3.00621831414483,2.75408510847998,2.97708237086815
3.0056361498728,2.7529407664274,2.97665145102082
3.00505476493737,2.75217292321883,2.97657493391899
3.00447415725477,2.75126988882709,2.97618167234666
3.00389432474954,2.75126423238041,2.97588271219223
3.00331526535455,2.75079276444605,2.97547448533982
3.00273697701091,2.75016022982419,2.97526724819332
3.00215945766796,2.74890306323214,2.97465344570578
3.00158270528319,2.74698700793374,2.97399560776214
3.00100671782223,2.74595488950766,2.97240265646909
3.0004314932588,2.74586037934079,2.97195461490363
2.99985702957464,2.74573358943694,2.97111662441649
2.9992833247595,2.74534797502529,2.97052224979289
2.99871037681109,2.74329036873715,2.97047288924618
2.99813818373504,2.74325434401278,2.97003352769901
2.99756674354482,2.74316982071983,2.9692081133245
2.99699605426178,2.74231167784221,2.96768460840068
2.99642611391502,2.7415108553423,2.96750051027813
2.9958569205414,2.74112839617166,2.96528565465657
2.9952884721855,2.7400098633702,2.96452096124117
2.99472076689956,2.73977592320069,2.96418332958142
2.99415380274345,2.73846027428081,2.96325335125526
2.99358757778462,2.738170583186,2.96313543798233
2.99302209009808,2.73809379426772,2.96244398705141
2.99245733776634,2.73780673787452,2.9615897822344
2.9918933188794,2.7369848235859,2.96145192137184
2.99133003153467,2.7361961614492,2.95969390179663
2.99076747383697,2.73552563329747,2.95878515783715
2.99020564389845,2.73542025396309,2.95800887727995
2.98964453983862,2.73466662939418,2.95748781085151
2.98908415978422,2.7345130140438,2.95684815587699
2.98852450186926,2.73438900844068,2.95504616610672
2.98796556423497,2.73388380320649,2.95485750037046
2.9874073450297,2.73330608525107,2.9547633739119
2.98684984240898,2.73318307890151,2.95412976883929
2.9862930545354,2.73281568264511,2.95411312738211
2.98573697957864,2.73259998880143,2.95406055940764
2.98518161571535,2.73241144959203,2.95367427012672
2.98462696112923,2.73224970425805,2.95309015632396
2.98407301401089,2.73199941735298,2.95260118156254
2.98351977255785,2.73184012726899,2.95222228400051
2.98296723497453,2.73069003476258,2.95161203095768
2.9824153994722,2.7294550710467,2.95144536714165
2.98186426426892,2.72845154548001,2.94989294002697
2.98131382758953,2.72826969696539,2.94844261372543
2.98076408766561,2.72751503658885,2.94843421294147
2.98021504273547,2.72729471049739,2.94706359551018
2.97966669104405,2.72627100797712,2.9467470732531
2.97911903084297,2.72562463869417,2.94643969010416
2.97857206039044,2.72540916578689,2.94634816018581
2.97802577795124,2.72491637013862,2.94623016938319
2.97748018179669,2.72446920151955,2.94404533933412
2.97693527020462,2.72442757009293,2.9440284326384
2.97639104145934,2.72391007136577,2.94260316012039
2.97584749385159,2.72336077271173,2.94248486658657
2.97530462567852,2.72333984455698,2.94219492193973
2.97476243524368,2.72154243183603,2.94208047405806
2.97422092085693,2.72098320728415,2.94187173651689
2.97368008083448,2.72088652575341,2.94181978276815
2.97313991349879,2.72029357251666,2.94167575329976
2.9726004171786,2.72015717187226,2.94110847587392
2.97206159020886,2.71989883106553,2.94047490134628
2.9715234309307,2.71942587197856,2.940336147621
2.97098593769142,2.71927724286822,2.9392173264299
2.97044910884445,2.71926307399642,2.93871236607439
2.96991294274931,2.71891038030508,2.93768004198774
2.96937743777159,2.71822431791948,2.93374050226635
2.96884259228293,2.71782263938059,2.93204768847086
2.96830840466096,2.71706561836641,2.93113422377564
2.96777487328931,2.71629084741814,2.92994210450015
2.96724199655755,2.71597496166931,2.92990120621323
2.96670977286115,2.71511916613315,2.92915599181147
2.96617820060152,2.71411731582832,2.92886636125746
2.96564727818588,2.71393158003867,2.92878511294483
2.96511700402732,2.71240360713298,2.92774300469039
2.96458737654473,2.71233045443247,2.92764590616713
2.96405839416276,2.71203964185766,2.92700405076378
2.96353005531183,2.71163907549847,2.92534797940323
2.96300235842807,2.71099352181518,2.92465606694309
2.9624753019533,2.71071895723465,2.92336013854031
2.96194888433503,2.70967923222694,2.92314807343427
2.96142310402637,2.70962093691311,2.92260319972553
2.96089795948608,2.70898872723957,2.92253834415039
2.96037344917849,2.70717582514385,2.92250460706847
2.95984957157346,2.70575759924384,2.9219743014848
2.95932632514643,2.70555204807282,2.92163580120094
2.9588037083783,2.70549302962238,2.92102758811172
2.95828171975548,2.70512279427431,2.92025471079918
2.95776035776982,2.70497311512294,2.91934522568335
2.95723962091858,2.7041471335114,2.91876905159993
2.95671950770443,2.70370784586632,2.91874041131045
2.95620001663543,2.70313650769354,2.91826738383243
2.95568114622496,2.70035802874764,2.91810101715087
2.95516289499174,2.69886396668595,2.91797689312593
2.95464526145977,2.69832191570072,2.91726301839617
2.95412824415835,2.69828246835386,2.91666254259609
2.953611841622,2.69622792060205,2.91645723161003
2.95309605239046,2.69557040597486,2.91547474755811
2.9525808750087,2.69510814308195,2.91199310781588
2.95206630802681,2.69457704598775,2.91198716959414
2.95155235000008,2.69444997101175,2.91141866505619
2.95103899948889,2.69381333232538,2.91115245815035
2.95052625505872,2.69294978155157,2.9103840813143
2.95001411528015,2.69250016241597,2.90871632488929
2.94950257872878,2.69183373605515,2.90837215384008
2.94899164398525,2.69061425148229,2.90814800986558
2.94848130963522,2.69022418446721,2.90761918709263
2.94797157426931,2.69005559866349,2.90729082929087
2.94746243648309,2.68994154302989,2.90722230121235
2.94695389487709,2.68947763592957,2.90693731973224
2.94644594805672,2.68943644002791,2.90641600627198
2.94593859463231,2.6892715573544,2.90504516458815
2.94543183321903,2.68841241544636,2.90396691174552
2.94492566243691,2.68840415853926,2.90374241168787
2.94442008091077,2.68809005414675,2.90282266372866
2.94391508727026,2.68793102763677,2.90278833084389
2.94341068014979,2.68784236403351,2.90268794771609
2.94290685818853,2.68762089151207,2.902133018332
2.94240362003036,2.68705471728291,2.90155206999832
2.9419009643239,2.68648114950465,2.90128994920209
2.94139888972243,2.68595605727254,2.90002945381605
2.9408973948839,2.68579123867789,2.89889493526094
2.94039647847093,2.68558153592427,2.89773862457897
2.93989613915072,2.68547956308643,2.89767229460465
2.93939637559511,2.68497807491607,2.89758064719921
2.93889718648049,2.68452171757367,2.89706246730808
2.93839857048783,2.68401031400653,2.89700056136735
2.93790052630262,2.68253393385652,2.89667277588446
2.93740305261489,2.68239064536046,2.89661589967333
2.93690614811915,2.68207735645207,2.89612227334368
2.93640981151438,2.68203125478913,2.89446434347974
2.93591404150403,2.68202012732176,2.8943200959256
2.93541883679598,2.68166528193439,2.89426187740379
2.93492419610253,2.68158211180449,2.89356651582429
2.93443011814036,2.67971579072964,2.89323298191986
2.93393660163055,2.67969121944584,2.89253227238769
2.9334436452985,2.67958829773655,2.89252879118795
2.93295124787398,2.67868540750104,2.89234593955699
2.93245940809106,2.67853462234623,2.89198608851479
2.9319681246881,2.67811514356078,2.8919739358727
2.93147739640775,2.67801899522364,2.8914407153376
2.9309872219969,2.67782227874213,2.89035905885728
2.93049760020671,2.67709325462031,2.89000546684899
2.93000852979252,2.67622264371382,2.8883620086472
2.9295200095139,2.67568446817917,2.88772850142698
2.92903203813458,2.67553586969517,2.88695906134882
2.92854461442247,2.67532425509508,2.88631071336926
2.92805773714961,2.67483786225506,2.88614772908013
2.92757140509218,2.67434107028869,2.88537579125089
2.92708561703045,2.674139788644,2.88237945012066
2.92660037174879,2.67378912677248,2.88188077092389
2.92611566803564,2.67266457936365,2.88083564133411
2.92563150468348,2.67254571864374,2.88040054691723
2.92514788048885,2.67243834303762,2.8791293841991
2.92466479425227,2.67186648906698,2.87911809008033
2.92418224477829,2.6715834679083,2.87898259585845
2.92370023087542,2.67093369039367,2.87789003044952
2.92321875135615,2.66990288014521,2.87763327301988
2.92273780503689,2.66947826956844,2.87749687590242
2.92225739073801,2.66888809718173,2.8773192879199
2.92177750728376,2.66818397964269,2.87701745431177
2.92129815350231,2.66627491076557,2.87694365587354
2.92081932822569,2.66626711288466,2.87660995958877
2.92034103028979,2.66618514482583,2.8765906877613
2.91986325853434,2.6658764227419,2.87597345586039
2.9193860118029,2.66583702512011,2.87588864150811
2.91890928894285,2.66542626734298,2.87550402637324
2.91843308880533,2.66478594347257,2.87520399668521
2.91795741024528,2.66420641948284,2.87497430353003
2.91748225212141,2.66400753777024,2.87410304394181
2.91700761329613,2.66335226199968,2.87381850275847
2.91653349263561,2.66324968959213,2.87335737787677
2.91605988900971,2.66314890236421,2.87335140365559
2.91558680129201,2.66285765967248,2.87321013171068
2.91511422835974,2.66264208925156,2.87229216962153
2.91464216909381,2.66225512407243,2.87166785553295
2.91417062237875,2.66206646312315,2.86988234890227
2.91369958710274,2.66129987213983,2.86873877809318
2.91322906215758,2.66108060388553,2.86873009581068
2.91275904643865,2.66077410236176,2.86805612454049
2.91228953884492,2.66064004450344,2.86773157620024
2.91182053827892,2.66051420415016,2.86769574627795
2.91135204364676,2.66026803324731,2.86710671454338
2.91088405385804,2.65954682150426,2.86595256747139
2.91041656782592,2.65901773265207,2.86584045790952
2.90994958446705,2.65898719249892,2.86579717194056
2.90948310270158,2.65868277491164,2.86538648949251
2.90901712145312,2.65856763517915,2.86380998238641
2.90855163964874,2.65836094081905,2.86277882785127
2.90808665621899,2.65684176924039,2.862742784605
2.90762217009781,2.65639536586982,2.86214995288009
2.90715818022258,2.65606928422309,2.86172936543017
2.90669468553408,2.65538537172356,2.86048489379594
2.90623168497648,2.65512230443204,2.86033307873362
2.9057691774973,2.65445563242162,2.86000348756441
2.90530716204744,2.6535569714711,2.85919279970219
2.90484563758116,2.65335739401118,2.85892085088007
2.90438460305601,2.65324274962644,2.85858536447349
2.90392405743289,2.65289300745242,2.85770657176939
2.90346399967599,2.65246534787797,2.85652230819567
2.90300442875278,2.65240710415413,2.85550384315072
2.90254534363403,2.65238158348523,2.85523073586671
2.90208674329373,2.65226956995068,2.85513631117119
2.90162862670916,2.6519406825675,2.85506415072096
2.9011709928608,2.65179509810777,2.85496657321504
2.90071384073238,2.65156314298454,2.85482309370702
2.9002571693108,2.65128250041509,2.85460496581327
2.89980097758618,2.65110009626865,2.85384544459251
2.89934526455182,2.65077015615568,2.85377818414411
2.89889002920416,2.6499406366232,2.85372690498296
2.89843527054281,2.64988190291027,2.85357565247821
2.89798098757053,2.64986414851415,2.85310668907147
2.89752717929318,2.64927061762556,2.85305858116194
2.89707384471976,2.64898575952355,2.85289679020133
2.89662098286235,2.64896480200095,2.85265723632553
2.89616859273613,2.64894757329261,2.85244456942164
2.89571667335934,2.64850311182784,2.85173527378068
2.8952652237533,2.64848804298728,2.85138947228484
2.89481424294237,2.64788338512395,2.85109683618527
2.89436372995394,2.64620933131222,2.85047607431428
2.89391368381843,2.64550882240465,2.84989292697882
2.89346410356927,2.64496602932115,2.84975950366401
2.89301498824289,2.6433014506612,2.84958384683526
2.89256633687871,2.64295326564741,2.84944870252997
2.89211814851912,2.64290147141944,2.84907491567903
2.89167042220946,2.64247417137785,2.84800253519237
2.89122315699804,2.64153347527538,2.84786384063167
2.8907763519361,2.64108939218781,2.84670731290038
2.89033000607779,2.64085131361926,2.84662187220634
2.8898841184802,2.64038394530605,2.84642080384187
2.8894386882033,2.64024757709381,2.8459806301261
2.88899371430997,2.63959177743077,2.84523724964545
2.88854919586594,2.63873362690054,2.84520420548321
2.88810513193982,2.63732893828388,2.84465453387746
2.88766152160309,2.63720098774919,2.84458429513089
2.88721836393004,2.63663497018054,2.84365129084423
2.88677565799782,2.63614897578639,2.84184914922238
2.88633340288638,2.63565334648464,2.8414208936472
2.88589159767849,2.63509163064262,2.84140352286752
2.8854502414597,2.63453694261883,2.84112915005073
2.88500933331838,2.63408885189722,2.84062230166005
2.88456887234563,2.63399476504899,2.84062180016661
2.88412885763534,2.63389375278969,2.84044178850565
2.88368928828415,2.6338764270437,2.83989316783376
2.88325016339143,2.63334167075101,2.8392404143948
2.88281148205927,2.63281963673036,2.83922785416534
2.88237324339252,2.63279887305465,2.83882876549482
2.88193544649869,2.63238177904872,2.8385648277449
2.88149809048801,2.63218013995721,2.83834273675071
2.88106117447339,2.63102192881103,2.83807966382551
2.88062469757041,2.63069703257559,2.83691372785019
2.88018865889733,2.63040980074675,2.83642646470218
2.87975305757505,2.62998617897953,2.83629257454273
2.87931789272712,2.62976930676316,2.83575227325043
2.8788831634797,2.62863902056692,2.83549772806814
2.87844886896161,2.62813543130977,2.835143316892
2.87801500830425,2.62811322943374,2.83439375382225
2.87758158064162,2.62759395746829,2.83438620394999
2.87714858511034,2.62750742207554,2.83399489869963
2.87671602084957,2.62694614215116,2.83399049451285
2.87628388700108,2.62671899450983,2.83326178869728
2.87585218270917,2.62634212096567,2.83318198277814
2.87542090712069,2.62575337251542,2.83300482615792
2.87499005938506,2.62548710179945,2.83269386068972
2.87455963865418,2.62502058532752,2.83267112894525
2.87412964408252,2.6250153210155,2.83178788394948
2.87370007482702,2.62436241226291,2.83163381455593
2.87327093004713,2.62370058751809,2.83137390190993
2.87284220890481,2.62340116689213,2.83102500530294
2.87241391056448,2.62333236153164,2.83099200035286
2.87198603419302,2.62324782892921,2.82989839435759
2.87155857895978,2.62292135732833,2.8293357672616
2.87113154403658,2.62270928175304,2.82927181840026
2.87070492859766,2.62251659880501,2.82905244572901
2.87027873181968,2.62155199244511,2.82766468529321
2.86985295288175,2.62131565581084,2.82701965858906
2.86942759096537,2.62054208603408,2.82686889642086
2.86900264525446,2.62004685778284,2.8254268253891
2.86857811493532,2.61965937309159,2.82522139916887
2.86815399919663,2.61906999179345,2.82498321859849
2.86773029722946,2.61827992718991,2.82470410728175
2.86730700822723,2.61825126246097,2.82319867522443
2.86688413138573,2.61805356484431,2.8231860296727
2.8664616659031,2.61802782059551,2.82264940267986
2.86603961097979,2.61761501544683,2.82157774732039
2.86561796581861,2.6173473070428,2.82137115933964
2.86519672962467,2.6166429009535,2.82125675841759
2.8647759016054,2.61559881410286,2.82122342012265
2.86435548097053,2.61529484372338,2.82100538463044
2.86393546693209,2.61505930713255,2.82099996742132
2.86351585870437,2.61499044586706,2.82035048745804
2.86309665550396,2.61450357548257,2.82026974933392
2.86267785654971,2.61448508691998,2.82004723842413
2.86225946106272,2.61442676223689,2.81868978112228
2.86184146826635,2.61421388827962,2.81861207911287
2.8614238773862,2.6137555601885,2.81820107746108
2.86100668765008,2.61368291927035,2.81791829050211
2.86058989828805,2.61306943745133,2.81786752391549
2.86017350853237,2.6126369778336,2.81717334309558
2.85975751761751,2.61258579885626,2.81712612433122
2.85934192478015,2.6120176769926,2.81710265274546
2.85892672925914,2.61183108036795,2.81702440104824
2.85851193029551,2.61131394846986,2.81687387334744
2.85809752713248,2.61125031829873,2.81661810798157
2.85768351901542,2.61022939881429,2.81644209371617
2.85726990519187,2.61021756520381,2.81636430777821
2.8568566849115,2.60999864668026,2.8155747294881
2.85644385742613,2.60968776650898,2.81458325868108
2.85603142198972,2.60914442607444,2.81448344391037
2.85561937785834,2.60890786287162,2.81440565396591
2.85520772429017,2.60887235697747,2.81427966688245
2.85479646054551,2.60817913131069,2.81425945096077
2.85438558588676,2.60814074367011,2.81409991304184
2.85397509957841,2.60774034005556,2.81330739503627
2.85356500088703,2.60723888642071,2.81304315750453
2.85315528908126,2.60694412360957,2.81252960445921
2.85274596343182,2.60599965068158,2.81161087257468
2.85233702321149,2.60532981721649,2.81153790484826
2.85192846769509,2.60532803391166,2.81125252058182
2.8515202961595,2.60485129361239,2.81060128961968
2.85111250788362,2.60455433165889,2.81003390337693
2.85070510214839,2.60444151310757,2.80948310277588
2.85029807823678,2.60428291312592,2.80927200929353
2.84989143543375,2.60407059102758,2.80806963630434
2.84948517302629,2.60368717776723,2.80800245094279
2.84907929030338,2.60364158988355,2.80778951934373
2.84867378655599,2.60362529609921,2.80706904561941
2.84826866107708,2.60321663389608,2.80695610918105
2.84786391316157,2.60266587329955,2.80675193412351
2.84745954210638,2.60228774510589,2.80652638282224
2.84705554721036,2.60207180458713,2.80628545681448
2.84665192777433,2.60195260344808,2.80593909861849
2.84624868310107,2.60188852992765,2.80434714384269
2.84584581249528,2.60186939605163,2.8042852069608
2.84544331526359,2.6018454656035,2.80369603456723
2.84504119071458,2.60137691188019,2.80367182088474
2.84463943815873,2.6011367370072,2.80336562477945
2.84423805690844,2.60070786806913,2.80332295508109
2.843837046278,2.60038188442491,2.80305856444331
2.84343640558363,2.60007317177559,2.80300313807698
2.8430361341434,2.59987223408222,2.80270664229702
2.8426362312773,2.59973336399533,2.80220589750462
2.84223669630717,2.59969871733442,2.80211344002375
2.84183752855673,2.59951398552223,2.80189998844825
2.84143872735157,2.59950951289605,2.8011315337034
2.84104029201912,2.59945559877303,2.80000803364269
2.84064222188868,2.59928147295562,2.79985247645241
2.84024451629138,2.59891552970907,2.79967135441331
2.83984717456018,2.59857283508845,2.79888198195677
2.83945019602989,2.59818404675869,2.79885129198866
2.83905358003712,2.5977405716844,2.79863289073586
2.8386573259203,2.59720124930428,2.7983291000254
2.83826143301968,2.59640122139639,2.79828510918985
2.83786590067731,2.59638425798032,2.79789990933913
2.83747072823703,2.59482838993848,2.79753698116683
2.83707591504447,2.59447387088138,2.79753385266302
2.83668146044705,2.59442616138737,2.79748225312589
2.83628736379396,2.59428801285189,2.79741151747048
2.83589362443617,2.59368486327748,2.79695100872467
2.83550024172639,2.59355425477545,2.79660810826674
2.83510721501911,2.5934940156068,2.79659130492591
2.83471454367056,2.59310642002752,2.79632970106156
2.83432222703873,2.59289885478343,2.79602914064064
2.83393026448333,2.59207804743761,2.79572855561749
2.83353865536581,2.59077735837245,2.79558515316489
2.83314739904935,2.59066051374152,2.79527295291383
2.83275649489883,2.59033249055692,2.7946914152232
2.83236594228087,2.59007467436682,2.79390720476722
2.83197574056378,2.5896969166058,2.79358333308964
2.83158588911758,2.58934348330658,2.79357091723582
2.83119638731398,2.58911190923071,2.79345825332019
2.83080723452638,2.58870361291033,2.79279484521197
2.83041843012987,2.5883949970892,2.79255612961768
2.83002997350119,2.58785427659361,2.79245406673145
2.82964186401879,2.587615747272,2.79242286216845
2.82925410106276,2.58722977457498,2.7923676911548
2.82886668401485,2.58721234517132,2.79221507929085
2.82847961225848,2.58721078475211,2.79109002036286
2.82809288517869,2.58714128292848,2.79062626478015
2.82770650216219,2.58692863736359,2.79031477788642
2.8273204625973,2.58663845093137,2.78974481793328
2.82693476587399,2.58643256702255,2.78970243016889
2.82654941138384,2.58633410666911,2.78953573169126
2.82616439852006,2.58585359740694,2.78923179991314
2.82577972667746,2.58361700269875,2.78872835585104
2.82539539525246,2.58347427765276,2.78839357242077
2.82501140364309,2.58229666076839,2.78785519691153
2.82462775124897,2.5822102031317,2.78735759127767
2.8242444374713,2.58218852287477,2.78714680917322
2.82386146171289,2.5813140903131,2.78707612967823
2.82347882337809,2.58081256253406,2.78700618270512
2.82309652187285,2.58025989595885,2.78692319462635
2.82271455660469,2.57978420096642,2.78642964767287
2.82233292698268,2.57903122780676,2.78626199194647
2.82195163241745,2.57897740921346,2.78585856971821
2.82157067232117,2.57870347418567,2.78584587085001
2.82119004610759,2.57846468506472,2.78404560095015
2.82080975319195,2.57805552511897,2.78370328956681
2.82042979299107,2.57785015796851,2.78343084108181
2.82005016492328,2.57739668292224,2.78323205051909
2.81967086840842,2.57641324416571,2.7817146978282
2.81929190286788,2.57633808798566,2.7814865539138
2.81891326772454,2.57620140113693,2.78059087583243
2.8185349624028,2.57404051644957,2.77902937375937
2.81815698632854,2.57392871312766,2.77862768174784
2.81777933892918,2.573794869734,2.77790559895008
2.81740201963359,2.57375042822183,2.77778631769009
2.81702502787215,2.57365127318726,2.77767444118887
2.81664836307673,2.57306264345906,2.77739364361797
2.81627202468065,2.57244114361881,2.77706812035946
2.81589601211871,2.57186939319853,2.77604052921902
2.8155203248272,2.57179941415335,2.77588830643856
2.81514496224385,2.57175569470532,2.77571694601768
2.81476992380785,2.57130795378373,2.77568681731338
2.81439520895983,2.57091979231201,2.7743798495678
2.8140208171419,2.57078058476022,2.7743184611259
2.81364674779759,2.57067090669375,2.77366571680187
2.81327300037185,2.57058604785522,2.773506916623
2.81289957431109,2.57016629449465,2.77346373594125
2.81252646906314,2.57013068232948,2.7732975489713
2.81215368407724,2.5699921518402,2.77267908613136
2.81178121880407,2.56998321830036,2.77206816069457
2.81140907269569,2.5699639483253,2.77202816405964
2.8110372452056,2.56919534483775,2.77186412648119
2.81066573578867,2.56885557415566,2.77125819545292
2.8102945439012,2.56876971847677,2.77124582966973
2.80992366900086,2.56830263332153,2.77087110337243
2.80955311054672,2.56807878752283,2.77057632353822
2.80918286799923,2.56801085602245,2.77049416324571
2.80881294082022,2.56790795226212,2.77047207372564
2.80844332847288,2.56787915373456,2.77017754040756
2.8080740304218,2.56727236146118,2.76899783737413
2.80770504613291,2.56716611824324,2.76872852605481
2.8073363750735,2.56715111575304,2.76871660527019
2.80696801671223,2.5667580266218,2.76817883485329
2.80659997051909,2.56593873380091,2.76815479549133
2.80623223596545,2.56541853734097,2.76790215208791
2.80586481252399,2.56519085516008,2.7676586981077
2.80549769966874,2.56487599575872,2.76749430716217
2.80513089687506,2.56454132367886,2.76744724254749
2.80476440361963,2.56443680051953,2.76702672310355
2.80439821938048,2.56428520561955,2.76668308875013
2.80403234363694,2.56400991151977,2.76649846248045
2.80366677586964,2.56347950467678,2.7660023388032
2.80330151556056,2.56295148478677,2.76597179670432
2.80293656219294,2.56291945306401,2.76540934614227
2.80257191525137,2.56248007608914,2.76527455658139
2.80220757422169,2.56244870006248,2.7650477003316
2.80184353859107,2.56199188822984,2.7649941027256
2.80147980784794,2.56166865745472,2.76496231423464
2.80111638148205,2.56148404129568,2.7645653328269
2.80075325898438,2.56143315817024,2.76445021853752
2.80039043984724,2.56125097767744,2.76432344724865
2.80002792356417,2.56110536934303,2.76425999311256
2.79966570962999,2.56064904154676,2.7641619494203
2.79930379754079,2.56041745680388,2.76384293329931
2.79894218679392,2.56032191321861,2.76347520298608
2.79858087688797,2.56016385204314,2.76262425521416
2.79821986732279,2.56011963963745,2.76249277767127
2.79785915759948,2.5590172475534,2.76207898949554
2.79749874722037,2.55856237868178,2.7618860581635
2.79713863568904,2.55812526801613,2.76155428049341
2.79677882251029,2.55788464214467,2.76144341028837
2.79641930719017,2.55764238204439,2.76128090132262
2.79606008923594,2.55751046266959,2.76125081134018
2.79570116815609,2.55727542682479,2.76123509049774
2.79534254346032,2.5572580731624,2.76060587516987
2.79498421465954,2.55634661867788,2.75984204457487
2.79462618126589,2.55607893832202,2.75952123562972
2.79426844279269,2.55599575572478,2.75945685725263
2.79391099875449,2.55488923388306,2.7581046164596
2.793553848667,2.5544688420239,2.7576251966093
2.79319699204717,2.55398980982054,2.75741385584416
2.7928404284131,2.55284288872214,2.7571264040777
2.79248415728409,2.55234074383471,2.7570021023164
2.79212817818063,2.552257237815,2.75655876046214
2.79177249062439,2.55223323582111,2.75646757447415
2.79141709413818,2.552029710415,2.75565372829344
2.79106198824603,2.55166147813147,2.75551763966029
2.79070717247311,2.55153152379121,2.75383923718397
2.79035264634574,2.5513971765046,2.75248296644652
2.78999840939144,2.55129359955895,2.75222200569666
2.78964446113883,2.55117139232842,2.75135947535404
2.78929080111774,2.55032816228573,2.75096874130968
2.7889374288591,2.54924112213707,2.75078017345458
2.78858434389502,2.54901173369493,2.7507101456365
2.78823154575872,2.54843279124228,2.74994404266076
2.78787903398457,2.54840046398738,2.74961944150561
2.78752680810809,2.54824783973489,2.74957037774417
2.78717486766589,2.5478362465516,2.74888922967294
2.78682321219574,2.54774086604996,2.74810862975039
2.78647184123652,2.5474184043269,2.74798131637594
2.78612075432823,2.54655326221754,2.74795918681287
2.78576995101198,2.546143876609,2.74654735680697
2.78541943083,2.5459534932098,2.74649425053497
2.78506919332561,2.54519213020198,2.74586975467963
2.78471923804326,2.54421828250168,2.74570966794072
2.78436956452847,2.54395877119702,2.74492891258325
2.78402017232789,2.5439328171985,2.74476324187439
2.78367106098923,2.54379148247422,2.74472702954755
2.78332223006132,2.54368088304769,2.74367642409958
2.78297367909405,2.5433138293601,2.74336803815497
2.78262540763841,2.54326891948796,2.74309830688156
2.78227741524647,2.54316601998924,2.74309745868513
2.78192970147137,2.54313739642898,2.74306084793356
2.78158226586732,2.54287426359528,2.74227366624078
2.7812351079896,2.54208451033452,2.74223075979353
2.78088822739456,2.54150320107773,2.74195400146161
2.78054162363961,2.54072541872454,2.7419272926881
2.78019529628321,2.54034219097935,2.74170199634947
2.7798492448849,2.53967415798247,2.74167687218834
2.77950346900525,2.53920867566371,2.74135899601313
2.77915796820588,2.53911210631845,2.74117896733871
2.77881274204946,2.53910989682212,2.74097603760783
2.77846779009971,2.53888901624516,2.74085924842313
2.77812311192138,2.53874659034772,2.7407670162859
2.77777870708025,2.53866454233588,2.74031836889187
2.77743457514314,2.53826492786958,2.73988775633579
2.77709071567791,2.53761181405718,2.7398495411156
2.77674712825342,2.5375077659521,2.73976839446372
2.77640381243957,2.53705297669641,2.73963329057578
2.77606076780727,2.53624415313195,2.7394309713025
2.77571799392847,2.53623219055067,2.73932091241642
2.77537549037609,2.53618894966979,2.73926295783811
2.7750332567241,2.5361827843953,2.7387003857353
2.77469129254745,2.53615376612753,2.7386380262784
2.77434959742211,2.53564329215785,2.73852319683428
2.77400817092504,2.53517678201651,2.73769862197498
2.77366701263421,2.53496061012174,2.73755773990347
2.77332612212855,2.53429346305099,2.7375428046717
2.77298549898803,2.53412150315181,2.73646469078556
2.77264514279357,2.53347001512026,2.73627450830044
2.77230505312709,2.53228184559953,2.73622290545547
2.77196522957149,2.53223764005472,2.73567789461331
2.77162567171064,2.53214392927299,2.73502351056317
2.77128637912939,2.5313990253177,2.73500737947755
2.77094735141358,2.53136240694993,2.7346462212031
2.77060858814999,2.53135208730033,2.73427347122049
2.77027008892638,2.53123686745323,2.73426045869597
2.76993185333148,2.53097146553869,2.73305928625007
2.76959388095496,2.53012792026164,2.73239132612232
2.76925617138748,2.52939711439512,2.73213298324605
2.76891872422061,2.52931879795363,2.73152132833675
2.76858153904692,2.52931028757646,2.73089076519344
2.76824461545988,2.52912757894791,2.73086233038188
2.76790795305395,2.52878159451035,2.73028559077296
2.7675715514245,2.52868080484218,2.72858209641613
2.76723541016786,2.52864825005175,2.72845889856235
2.76689952888128,2.52860738746262,2.72835217831453
2.76656390716295,2.52769577514868,2.72819832584271
2.766228544612,2.52759725699038,2.72764165845043
2.76589344082847,2.52705315190017,2.72664980109973
2.76555859541335,2.52689533765913,2.72643078160237
2.76522400796852,2.52583588801762,2.72642691835181
2.76488967809681,2.52549692924677,2.72625537092142
2.76455560540195,2.52534191037202,2.72625287346596
2.76422178948859,2.52498987532879,2.72621907372119
2.76388822996228,2.52477291431242,2.72591504227669
2.76355492642949,2.52365938953933,2.72542947607891
2.7632218784976,2.52325037024104,2.72502830117851
2.76288908577488,2.52312568058998,2.72487947134075
2.7625565478705,2.52210834304262,2.72481424456917
2.76222426439453,2.5220903214074,2.72477401748586
2.76189223495794,2.52158820616356,2.72477176214478
2.76156045917259,2.52157352059241,2.72446167441048
2.76122893665122,2.52120276191263,2.72403264525694
2.76089766700747,2.52109294104894,2.72392854529439
2.76056664985585,2.52080163391971,2.72384926712777
2.76023588481175,2.52036965087625,2.72368315167485
2.75990537149146,2.51975108428296,2.72361851289711
2.75957510951212,2.51904179437697,2.72355650530749
2.75924509849175,2.51871294613118,2.72297993368991
2.75891533804926,2.51836347354564,2.72241391935049
2.75858582780439,2.5183390749729,2.72230581734221
2.75825656737777,2.51829698413134,2.72174690403603
2.7579275563909,2.518293209152,2.72036336469234
2.75759879446611,2.51826238312572,2.72031462656791
2.75727028122662,2.51795097688414,2.71993986330683
2.75694201629647,2.51711352405706,2.71992390313594
2.75661399930059,2.51705552551525,2.71937824531358
2.75628622986473,2.5166680936584,2.71933429257948
2.75595870761549,2.51657285856223,2.71930388323056
2.75563143218033,2.51651760841592,2.71912330395075
2.75530440318754,2.51627183861996,2.71882091282784
2.75497762026626,2.51594312459046,2.71874087307409
2.75465108304643,2.51494588386546,2.71855475933585
2.75432479115888,2.51488282384878,2.71783930006666
2.75399874423523,2.51471118850517,2.7172055085966
2.75367294190795,2.51452333682148,2.71717761690857
2.75334738381031,2.51452006314332,2.71685145232601
2.75302206957645,2.51429136475586,2.71666098394395
2.75269699884128,2.51404616740382,2.71638266227896
2.75237217124057,2.51401470551499,2.71588940565705
2.75204758641089,2.51390538082663,2.71516562534719
2.75172324398961,2.51374112645608,2.71462062451724
2.75139914361494,2.51366619044954,2.71430809301605
2.75107528492588,2.51334932701041,2.71403939941923
2.75075166756225,2.512973328516,2.71391880973606
2.75042829116465,2.51247128085107,2.71336561151136
2.75010515537452,2.51220823147991,2.71334818436565
2.74978225983407,2.51194975515035,2.71304669761716
2.74945960418631,2.51140517633639,2.7129965069377
2.74913718807506,2.5112652575861,2.71225136797354
2.74881501114493,2.51045207003088,2.7118909187725
2.74849307304131,2.51016707279007,2.71180149795494
2.74817137341037,2.51016226865581,2.71100728518715
2.7478499118991,2.51013616944206,2.71077474788322
2.74752868815523,2.50978623835843,2.7107088305184
2.74720770182732,2.50947482600527,2.71026330632182
2.74688695256465,2.50943988559921,2.71025323039034
2.74656644001734,2.5094049637615,2.71021103605185
2.74624616383623,2.50934166776213,2.71017244082209
2.74592612367296,2.50898570988886,2.70908336360986
2.74560631917993,2.50818040789065,2.70813653170629
2.74528675001032,2.50707602491072,2.70791446581501
2.74496741581806,2.5070334053693,2.70791086868621
2.74464831625786,2.50688753458049,2.70788069342966
2.74432945098516,2.50687766625162,2.70785172529746
2.74401081965619,2.50686952962937,2.70718428204708
2.74369242192793,2.50682767164452,2.7068728531655
2.74337425745809,2.50677525723817,2.70672705430054
2.74305632590516,2.50668408802419,2.70670952325493
2.74273862692837,2.5061595663066,2.70670655727792
2.7424211601877,2.50613104869134,2.70571728916469
2.74210392534386,2.5059560814057,2.70546897539015
2.74178692205832,2.50562074405841,2.70512797941534
2.74147014999329,2.50513663429961,2.70470709556913
2.74115360881171,2.5041480524462,2.70460281362311
2.74083729817726,2.50413626889714,2.70456708837781
2.74052121775435,2.50402506368298,2.70332655429379
2.74020536720814,2.50357101238417,2.70319233712498
2.73988974620449,2.5028637534202,2.70271216925782
2.73957435441002,2.5026370612501,2.7012489886823
2.73925919149205,2.50261561164877,2.70102453037477
2.73894425711864,2.5025670904885,2.70089870330875
2.73862955095856,2.502367788831,2.70035868665171
2.73831507268131,2.50234568738783,2.69930676115223
2.73800082195711,2.5023420478256,2.69920611797519
2.73768679845687,2.50227200315654,2.69890202449862
2.73737300185225,2.50190400358468,2.69859228849718
2.73705943181559,2.50186316126773,2.69848330803149
2.73674608801996,2.50166877884061,2.69769006952974
2.73643297013913,2.50161882540583,2.6976637431661
2.73612007784756,2.50140589295946,2.69744440076148
2.73580741082045,2.50131317490518,2.69719325279435
2.73549496873366,2.50127081962878,2.69708466724166
2.73518275126378,2.50014564041074,2.69612368548761
2.73487075808807,2.49958364265814,2.69563287056756
2.73455898888452,2.4995831475407,2.69468146160943
2.73424744333177,2.49904896643904,2.69437011597662
2.73393612110919,2.49904421799098,2.69403409886525
2.73362502189682,2.49896376635864,2.69396318706145
2.73331414537538,2.49875863172545,2.69372427543432
2.73300349122629,2.49863091134679,2.69342239562494
2.73269305913166,2.49861364598723,2.69282332539264
2.73238284877425,2.49856852850334,2.69157359583463
2.73207285983754,2.4982777364772,2.69152463396277
2.73176309200564,2.49819207808003,2.69116738108747
2.73145354496338,2.49816166540575,2.69093306241721
2.73114421839624,2.49746530947987,2.69091620686954
2.73083511199038,2.49643689777108,2.69049062117062
2.73052622543262,2.49640414152179,2.69048569457802
2.73021755841046,2.49633484732321,2.69021590845617
2.72990911061205,2.49608537514618,2.69020940192468
2.72960088172622,2.49590761335893,2.68980261245225
2.72929287144246,2.49578904624039,2.68970912067883
2.7289850794509,2.49496191950987,2.68961368378615
2.72867750544236,2.49485630485062,2.68948932608874
2.7283701491083,2.49473761834838,2.68919178779971
2.72806301014083,2.49434876031143,2.68911841565755
2.72775608823272,2.49434450949117,2.6890397680334
2.72744938307738,2.49410402070134,2.68863844063289
2.7271428943689,2.49366403990804,2.68863193240078
2.72683662180197,2.49362660241478,2.68863052210412
2.72653056507196,2.49352103443965,2.68767997475927
2.72622472387489,2.49352009046844,2.68733389762413
2.72591909790738,2.49351675605719,2.68718794920412
2.72561368686673,2.49298118818131,2.6870754527511
2.72530849045087,2.49253564693823,2.68697162548048
2.72500350835834,2.49235417532707,2.68696334283505
2.72469874028836,2.49226175812502,2.6862367846753
2.72439418594075,2.49206610957713,2.68583989496777
2.72408984501596,2.49200975272743,2.68579996531287
2.72378571721508,2.49127581175666,2.6857717310706
2.72348180223983,2.49117689669634,2.68551700279664
2.72317809979256,2.49084985962754,2.6855059820127
2.72287460957622,2.49054094699507,2.68537720694656
2.72257133129441,2.49045921311567,2.6853549002106
2.72226826465134,2.48933877925676,2.68500996792807
2.72196540935182,2.48872619735075,2.68497470241269
2.72166276510132,2.48869217047152,2.68434027745606
2.72136033160587,2.4886490206005,2.68431060802298
2.72105810857217,2.48853631752102,2.68428468505495
2.7207560957075,2.48842547982893,2.68418593831066
2.72045429271974,2.48841988348929,2.68381264241525
2.72015269931741,2.48833672453931,2.6838065728353
2.71985131520961,2.48825297260398,2.68371782670408
2.71955014010607,2.48821504246179,2.68319565134485
2.7192491737171,2.4875001123469,2.68312747416939
2.71894841575363,2.48712744195918,2.6825947787146
2.71864786592716,2.48702536568987,2.68253097171394
2.71834752394984,2.48674464320078,2.68249543724259
2.71804738953437,2.48654124086779,2.68214420389255
2.71774746239406,2.48586268127913,2.68212311554332
2.71744774224282,2.48554303005744,2.68205925906862
2.71714822879516,2.4854863603954,2.68156388987912
2.71684892176615,2.48519153833108,2.68128619782448
2.71654982087147,2.48506463944767,2.68127942805615
2.71625092582739,2.4850335857196,2.68089652072502
2.71595223635076,2.48489057642175,2.68084343518875
2.71565375215901,2.48417094992637,2.68081740776601
2.71535547297015,2.48413313654966,2.68070149008925
2.71505739850279,2.48395424706811,2.68035280279085
2.71475952847609,2.48391895348837,2.67977749421767
2.71446186260981,2.48360049445183,2.67956396978272
2.71416440062427,2.48327833124857,2.6794284795614
2.71386714224039,2.48317629030251,2.67913894325661
2.71357008717962,2.48283087951314,2.6791279874007
2.71327323516403,2.48258512700196,2.67910899202704
2.71297658591622,2.48215913242711,2.67910856380842
2.71268013915939,2.48210309475549,2.67895621405647
2.71238389461727,2.48190970793994,2.67872610832108
2.71208785201419,2.48149471502159,2.67849419041357
2.71179201107502,2.48136551950485,2.67820103959277
2.71149637152521,2.48135401628332,2.67783247348541
2.71120093309075,2.48087242348508,2.67776556164373
2.71090569549821,2.48065009654268,2.67762654076545
2.7106106584747,2.48041168745532,2.67736009044907
2.7103158217479,2.47993421116905,2.67695372377019
2.71002118504602,2.47908149739905,2.67678995837407
2.70972674809786,2.47861123410833,2.67630971130798
2.70943251063274,2.47833049201566,2.67567192048821
2.70913847238055,2.47827848738816,2.67538407675127
2.7088446330717,2.47793249924551,2.67514409711707
2.70855099243719,2.47740067981648,2.67477262635534
2.70825755020852,2.47694415160096,2.67461401703661
2.70796430611777,2.47685187698194,2.67457011503007
2.70767125989754,2.47679876275724,2.67437433933507
2.70737841128098,2.47668918228733,2.67414796560583
2.70708576000178,2.47629170549628,2.6740654048834
2.70679330579416,2.47518925000122,2.67392480529719
2.70650104839288,2.47469433418076,2.67359071298864
2.70620898753325,2.47447710867849,2.67347586988948
2.7059171229511,2.47411985407078,2.67342975016882
2.70562545438278,2.47401387608358,2.67314094040974
2.70533398156519,2.47383279175533,2.6727222824464
2.70504270423576,2.47361528767982,2.67261861308926
2.70475162213243,2.47299181799253,2.67257899512228
2.70446073499369,2.47261080307671,2.6724575138684
2.70417004255854,2.47232491467804,2.67242382711424
2.7038795445665,2.47213507203356,2.67212318985922
2.70358924075763,2.47198897901441,2.67179943365822
2.70329913087249,2.47158729975836,2.67145912189266
2.70300921465218,2.47126378938853,2.67036137410436
2.70271949183829,2.47111353659329,2.66998155566011
2.70242996217297,2.47033900957962,2.66980384332968
2.70214062539884,2.4698650587096,2.66975065439095
2.70185148125906,2.4697418436635,2.66971706001831
2.7015625294973,2.46964269225876,2.66942371575052
2.70127376985774,2.46910289659454,2.66911881896629
2.70098520208506,2.46853915877464,2.66908141303322
2.70069682592446,2.46842263240314,2.66883426662932
2.70040864112165,2.46818791533029,2.66876164405647
2.70012064742283,2.46790473497118,2.66848307348059
2.69983284457472,2.4677926515669,2.66844451667316
2.69954523232454,2.46772388672219,2.66838539268379
2.69925781042,2.46765587184408,2.66678166192645
2.69897057860933,2.46727538100269,2.66665280498272
2.69868353664125,2.4672381715841,2.66664484672757
2.69839668426497,2.46713676913315,2.66663881679744
2.6981100212302,2.46704331843374,2.66658887253741
2.69782354728716,2.4669865411727,2.66650442731445
2.69753726218655,2.46663241913853,2.66633968440138
2.69725116567956,2.46632176928583,2.66629627865075
2.69696525751788,2.46598265648246,2.6660806867564
2.69667953745369,2.46571912792031,2.66559367855388
2.69639400523965,2.46552812820828,2.66548174959419
2.69610866062893,2.46552155947167,2.66527645450048
2.69582350337515,2.46534441431275,2.66512398860409
2.69553853323244,2.46481791036778,2.66476589555871
2.69525374995541,2.46443280291204,2.66424427301632
2.69496915329916,2.46377741673429,2.66332983905978
2.69468474301925,2.46335729772795,2.66313929714815
2.69440051887173,2.4633448074531,2.6627816907251
2.69411648061314,2.46271095132821,2.66263624310902
2.69383262800049,2.46217825270029,2.66250039226265
2.69354896079125,2.46174200675879,2.66239960291337
2.69326547874339,2.46126663197535,2.66210272810635
2.69298218161534,2.46078772657844,2.66193098466768
2.692699069166,2.46069780729041,2.66181758201563
2.69241614115475,2.46051873198162,2.66113017419309
2.69213339734144,2.4602327343861,2.66107645619317
2.69185083748639,2.46021345622879,2.66082829250126
2.69156846135036,2.46016843729599,2.66080991556643
2.69128626869462,2.46003544316101,2.66056971771108
2.69100425928088,2.45997558793358,2.66027641842223
2.69072243287131,2.45985322962189,2.66021517007644
2.69044078922856,2.4598037037253,2.66013899396003
2.69015932811573,2.45942956084912,2.65981292552995
2.68987804929637,2.45927312524669,2.65967119514798
2.68959695253452,2.4591386742999,2.65929468905285
2.68931603759464,2.45906697630702,2.65896884434043
2.68903530424169,2.45891049732643,2.65809581534858
2.68875475224104,2.45887747383647,2.65769764930191
2.68847438135854,2.45871475085059,2.65733768803384
2.6881941913605,2.45785329048997,2.65720668127861
2.68791418201366,2.45752653274262,2.65713491153598
2.68763435308522,2.45738425204148,2.65712155026418
2.68735470434285,2.45736364710361,2.65712075064981
2.68707523555463,2.45709138486804,2.65702676497281
2.68679594648912,2.45707657125849,2.65625881611914
2.68651683691531,2.45652556124459,2.65605808191951
2.68623790660263,2.45650732101583,2.65598299790127
2.68595915532098,2.4562788631648,2.65504208398809
2.68568058284068,2.456070530717,2.65467341617872
2.68540218893249,2.45605639267916,2.65433585829947
2.68512397336762,2.45600673112312,2.65423557924574
2.68484593591773,2.45600493904858,2.65407239182656
2.68456807635489,2.45571859115908,2.65374667761571
2.68429039445163,2.45554918571203,2.65344120424293
2.68401288998091,2.45544346987146,2.65342386466521
2.68373556271612,2.45544268518642,2.65300961626632
2.68345841243109,2.45453874122368,2.65272973598783
2.68318143890008,2.45426670292725,2.65253868521517
2.68290464189778,2.45423451947292,2.65237168251858
2.68262802119932,2.45419134763925,2.6522292046963
2.68235157658024,2.45336533433051,2.65183064188866
2.68207530781653,2.45307495656832,2.65170797748298
2.6817992146846,2.45294463306035,2.65168536620135
2.68152329696128,2.45280325452171,2.65158252784072
2.68124755442382,2.45279811562518,2.65129870853387
2.68097198684992,2.4526426105038,2.64960882900258
2.68069659401767,2.45245226588563,2.64940726608866
2.6804213757056,2.4521823481529,2.64900434599041
2.68014633169267,2.45204133844632,2.6489787076887
2.67987146175824,2.45187365305223,2.64873902046516
2.6795967656821,2.45171529858719,2.64873393750889
2.67932224324445,2.45131204221974,2.64812530084141
2.67904789422591,2.45111092807982,2.64782943742323
2.67877371840752,2.45080314686159,2.64768118517405
2.67849971557073,2.45055487428454,2.64715056318692
2.67822588549741,2.4498093819932,2.64700520870606
2.67795222796983,2.44973468928449,2.64658534294101
2.67767874277067,2.44972732687364,2.64618800573815
2.67740542968305,2.44969543166546,2.64567434840364
2.67713228849046,2.44944309552695,2.64546310742143
2.67685931897682,2.4489862468519,2.64535802760108
2.67658652092645,2.44892610016662,2.64496401406056
2.67631389412409,2.44872188489433,2.64491142503554
2.67604143835486,2.44869157201881,2.64466386034502
2.67576915340431,2.44865361747186,2.64451779839211
2.67549703905838,2.4481932262765,2.64445397081635
2.6752250951034,2.44806897347968,2.64444312920477
2.67495332132613,2.44792919224885,2.64408670545715
2.67468171751371,2.44708090914923,2.64402805616191
2.67441028345369,2.44699523177111,2.64391076739655
2.674139018934,2.44651452613898,2.64363422559049
2.67386792374299,2.44650339270272,2.64260592025131
2.67359699766938,2.44608049569285,2.64256086072643
2.67332624050232,2.44588799196312,2.64221907982815
2.67305565203132,2.44571128674002,2.64198189016283
2.6727852320463,2.44544107984095,2.64150944982876
2.67251498033758,2.44506944224088,2.64143065700114
2.67224489669585,2.44494021493075,2.64132009022419
2.67197498091221,2.44490533128045,2.64114143107538
2.67170523277813,2.44482401356169,2.64072714665015
2.67143565208549,2.44427774722117,2.64036760669778
2.67116623862654,2.44418694798428,2.64030304239531
2.67089699219392,2.44405150684931,2.64025904996423
2.67062791258066,2.44390113315035,2.63992073143272
2.67035899958018,2.44386238525795,2.63926020639934
2.67009025298627,2.44274720299144,2.63910945468122
2.6698216725931,2.44263349294244,2.63860363813226
2.66955325819525,2.44249872311604,2.63800743935495
2.66928500958764,2.44247035696919,2.63796678152184
2.66901692656561,2.44213337652397,2.63794417663277
2.66874900892485,2.44201287927299,2.63783384319885
2.66848125646143,2.44191309893176,2.63733915419405
2.66821366897182,2.44189827082292,2.63732101492736
2.66794624625284,2.44160835714997,2.63728521879685
2.6676789881017,2.44156539877731,2.63718558730422
2.66741189431597,2.44104407058382,2.63694867406831
2.66714496469361,2.44104143586743,2.63618844459704
2.66687819903295,2.44069645326411,2.63596807983279
2.66661159713268,2.44061037014527,2.63595116332508
2.66634515879186,2.44019221169053,2.63578250689946
2.66607888380995,2.43994145949465,2.6355124210813
2.66581277198673,2.43922288773495,2.63447015467122
2.66554682312238,2.43875542605314,2.634220829014
2.66528103701745,2.43873222473676,2.63263597282703
2.66501541347284,2.43871052937428,2.6325537752198
2.66474995228982,2.43842947629552,2.63250285807848
2.66448465327002,2.43796306097668,2.63232284189751
2.66421951621545,2.43766917085036,2.63188642350419
2.66395454092846,2.43751098036953,2.63149094299604
2.66368972721177,2.43747575909287,2.63137709487203
2.66342507486848,2.43738800138198,2.63031764127797
2.66316058370202,2.43648313793387,2.63016347507258
2.6628962535162,2.43569218925023,2.63012422220823
2.66263208411517,2.43550915753452,2.62989416626085
2.66236807530345,2.43525291726088,2.62979780209228
2.66210422688591,2.43521765570751,2.62951874972212
2.66184053866779,2.43501689772129,2.62940951323551
2.66157701045467,2.4348831712048,2.62901303490115
2.66131364205248,2.43427734964226,2.62897604755009
2.66105043326751,2.4342446402722,2.62891652613181
2.66078738390641,2.434138523629,2.62877756101265
2.66052449377616,2.43399407575057,2.6287529927215
2.66026176268412,2.4339905863695,2.62874938009415
2.65999919043797,2.43362045803638,2.62841729512122
2.65973677684575,2.43348056351237,2.62824932868726
2.65947452171586,2.433319748021,2.62809749573256
2.65921242485703,2.43326678133567,2.62793472882811
2.65895048607834,2.43315122415015,2.62788352404677
2.65868870518922,2.43264854747536,2.62786395290794
2.65842708199944,2.43260716817751,2.62778293829698
2.65816561631911,2.43255287082053,2.62717282571487
2.6579043079587,2.43203531162297,2.62636011138367
2.657643156729,2.43202613038821,2.62625130926675
2.65738216244115,2.43175121896323,2.62613879023628
2.65712132490665,2.43167093385424,2.62538680684888
2.65686064393729,2.43151078607677,2.62498017711844
2.65660011934525,2.43143341233106,2.6249751555759
2.65633975094303,2.43132851273894,2.62474569445154
2.65607953854345,2.43122729662983,2.62458153375981
2.65581948195969,2.43054970021357,2.62362632054119
2.65555958100525,2.43038880833661,2.62307664059206
2.65529983549398,2.43028039898854,2.62307072885714
2.65504024524004,2.42960094025745,2.62259867091563
2.65478081005796,2.42959442102029,2.62206501127568
2.65452152976255,2.42935534180467,2.62191590588883
2.654262404169,2.42906927783394,2.62184133902819
2.65400343309281,2.42871848011161,2.62137225457932
2.65374461634981,2.42860749210929,2.62108110437386
2.65348595375616,2.42849564300577,2.62078166945488
2.65322744512834,2.42812552141647,2.62059699829054
2.65296909028319,2.42808560797131,2.62004462994073
2.65271088903783,2.42796999252307,2.61988632692794
2.65245284120973,2.4278260525947,2.61967515004491
2.6521949466167,2.42697662492048,2.61927137959872
2.65193720507685,2.42695270549487,2.61903668420956
2.65167961640862,2.42694884535894,2.61899591617085
2.65142218043078,2.42678077519117,2.61890669408004
2.65116489696241,2.42664979155591,2.61857965097119
2.65090776582293,2.42657580108147,2.61852570852424
2.65065078683205,2.42652634826683,2.61850294545174
2.65039395980984,2.4265121083414,2.6183418783133
2.65013728457666,2.42636393609203,2.61777190236647
2.64988076095319,2.42632895102219,2.61775180265706
2.64962438876044,2.42602704157828,2.6172184826707
2.64936816781974,2.42594884319929,2.61715691370969
2.6491120979527,2.42569642018008,2.61697228317054
2.6488561789813,2.42558218017026,2.61681727641142
2.64860041072779,2.4253272993043,2.61678799435031
2.64834479301476,2.42532303200343,2.61625093333454
2.6480893256651,2.42527067698293,2.61614766912193
2.64783400850201,2.42489741695865,2.61612860155094
2.64757884134902,2.42471656147168,2.61566795782647
2.64732382402994,2.42453305405911,2.61534648275265
2.64706895636893,2.42432009505894,2.6152708081266
2.64681423819042,2.42400064309694,2.61520817520279
2.64655966931918,2.42354094356531,2.61503266968759
2.64630524958027,2.42349753073727,2.61490303271935
2.64605097879906,2.42305813549985,2.61485606265615
2.64579685680123,2.4226774877209,2.61481425442862
2.64554288341276,2.4225750552039,2.61450717282951
2.64528905845994,2.42160570541008,2.61402136368803
2.64503538176938,2.42132892202142,2.6137268542166
2.64478185316795,2.42082371745728,2.61345946380224
2.64452847248288,2.42051683722122,2.61307914337317
2.64427523954165,2.42035930288036,2.61301954111577
2.64402215417207,2.41989030133756,2.61277258098531
2.64376921620225,2.41956194010049,2.61258342597032
2.6435164254606,2.41938676667537,2.61204702649026
2.64326378177581,2.41936143452452,2.61202782270349
2.64301128497689,2.41933378941098,2.61200011073661
2.64275893489315,2.41912693696425,2.61179257911064
2.64250673135418,2.41875262056831,2.61148943804571
2.64225467418987,2.41832644784442,2.61148035483013
2.64200276323043,2.41795539637078,2.61127688127693
2.64175099830633,2.41784361642426,2.61126785906146
2.64149937924837,2.41766302789979,2.61105222749568
2.6412479058876,2.41754495185443,2.61100626869475
2.64099657805541,2.41735662022584,2.61026815276679
2.64074539558346,2.41709982252589,2.61003566542537
2.64049435830369,2.4168785938696,2.60966219307541
2.64024346604836,2.41679127437819,2.60959086166969
2.63999271865,2.41670202369142,2.60940182644079
2.63974211594143,2.41638923358014,2.60918720597285
2.63949165775576,2.41630748129241,2.60916105324874
2.63924134392641,2.41594306312463,2.60864336915724
2.63899117428706,2.4155939434588,2.60858516096419
2.63874114867169,2.41494405079813,2.6083465283704
2.63849126691456,2.41479507740723,2.60824516424427
2.63824152885023,2.41469974383336,2.60818758734529
2.63799193431353,2.41435076069945,2.60811323478425
2.63774248313959,2.41430356963966,2.60743800099181
2.63749317516379,2.41414429455743,2.60697387433689
2.63724401022185,2.41408048104371,2.6066351295992
2.63699498814971,2.41394066325401,2.60657735113818
2.63674610878364,2.41371656294451,2.6065023297923
2.63649737196017,2.4133989992675,2.60619895659922
2.63624877751612,2.41328293314394,2.60598302370563
2.63600032528858,2.41226852446721,2.60572253241703
2.63575201511492,2.41211937950929,2.60542155444389
2.63550384683279,2.41202936117975,2.60497252990808
2.63525582028013,2.41186110384438,2.60374767274937
2.63500793529514,2.41183445844767,2.60374266808654
2.63476019171632,2.41171176098115,2.60359367393991
2.63451258938242,2.41165952121415,2.60341421604705
2.63426512813247,2.41160385931628,2.6027798024515
2.6340178078058,2.41129140088917,2.60272972314383
2.63377062824198,2.41094124613091,2.60251179428886
2.63352358928088,2.41079282030404,2.60228794992019
2.63327669076263,2.41034752471837,2.60197910992099
2.63302993252764,2.41018544586805,2.60160378424715
2.63278331441658,2.40959875310893,2.60158186551461
2.6325368362704,2.40949945211862,2.60143192907384
2.63229049793033,2.40949537033911,2.60132276908324
2.63204429923785,2.4091518646184,2.60125031550302
2.63179824003472,2.40904960544743,2.60101868122459
2.63155232016298,2.40881644150969,2.60097535050006
2.6313065394649,2.40818168152029,2.60021440819638
2.63106089778307,2.40723890547359,2.59953054230366
2.63081539496031,2.40675124913529,2.59922754816412
2.63057003083971,2.40673837569191,2.59910905035915
2.63032480526464,2.40658573099764,2.59877760892076
2.63007971807874,2.40650241956173,2.59867304832984
2.62983476912588,2.40648780232234,2.59864235342738
2.62958995825023,2.40571726902874,2.59841880676735
2.62934528529621,2.40571403240247,2.5983887000857
2.62910075010849,2.40563860262808,2.59720178297452
2.62885635253204,2.40532665385346,2.59691660380742
2.62861209241204,2.40467678517083,2.59632023170225
2.62836796959398,2.40421280312472,2.59623340976664
2.62812398392357,2.40418112728758,2.5947722415541
2.62788013524681,2.40412534975928,2.5945984581991
2.62763642340994,2.40410105187715,2.59382281330068
2.62739284825947,2.40381895889528,2.59381118788557
2.62714940964216,2.40371305749371,2.59370941652162
2.62690610740504,2.40367617060621,2.5935250431735
2.62666294139538,2.40341457617368,2.59265192299682
2.62641991146072,2.40320307008111,2.59214886711158
2.62617701744885,2.4030514682602,2.59203506828822
2.62593425920782,2.40303791068774,2.59152650900108
2.62569163658592,2.40301780850708,2.59121782935405
2.62544914943171,2.40259489449738,2.59118912028417
2.625206797594,2.40234838263847,2.59116009897989
2.62496458092186,2.40233198391839,2.59063352908947
2.62472249926458,2.40176666559605,2.59056125285417
2.62448055247175,2.4014788828697,2.59030033620351
2.62423874039317,2.40138376835324,2.58973585479222
2.62399706287892,2.40114063747853,2.58966824368422
2.62375551977931,2.40106162183063,2.58954013234141
2.62351411094491,2.40079136864014,2.58820787130872
2.62327283622654,2.40067368788021,2.5879154467822
2.62303169547525,2.40048606835895,2.58777380186043
2.62279068854237,2.40021936004351,2.58767112584383
2.62254981527946,2.400100893121,2.58741876691937
2.62230907553831,2.3998769407951,2.58680395809919
2.622068469171,2.39983920308652,2.58656523694926
2.6218279960298,2.39981330334012,2.5864479033246
2.62158765596727,2.39953914459571,2.58633020740923
2.6213474488362,2.39929893765426,2.58629752507955
2.62110737448962,2.39927812193226,2.58602701072479
2.62086743278081,2.39900896247368,2.58595508063488
2.62062762356328,2.39842259061811,2.58585216429827
2.62038794669081,2.39839393785661,2.58583295441512
2.62014840201739,2.39809406089079,2.58525208192488
2.61990898939727,2.39784763670028,2.58521176305776
2.61966970868493,2.39783294637428,2.58509213071118
2.61943055973511,2.39710856676184,2.58484183822849
2.61919154240277,2.39656580972189,2.58470326756223
2.61895265654311,2.39652830218192,2.58469815966503
2.61871390201159,2.39647771505945,2.58417061524901
2.61847527866388,2.39645928931915,2.5840322340252
2.61823678635591,2.3962631062143,2.58396145426514
2.61799842494383,2.3960627104191,2.58358372364383
2.61776019428404,2.39599410829661,2.58358189010679
2.61752209423317,2.39581360635029,2.58252670544218
2.61728412464809,2.39551734964303,2.58237907038634
2.61704628538591,2.39541506822838,2.58226253017054
2.61680857630394,2.39530198717793,2.58212648173166
2.61657099725978,2.39526372057655,2.58206946490559
2.61633354811121,2.3951352058313,2.58149287209657
2.61609622871629,2.39491782807821,2.58147322295434
2.61585903893328,2.39479209189928,2.58141853880682
2.61562197862068,2.39435983091082,2.58126644447357
2.61538504763722,2.39376130574243,2.58107419714458
2.61514824584187,2.39327492526751,2.5809959096389
2.61491157309384,2.39324136345347,2.58088187058321
2.61467502925253,2.39311111814782,2.58068459726392
2.61443861417761,2.39300996792139,2.58022062394958
2.61420232772896,2.39286109620109,2.57960372213344
2.61396616976669,2.39252201297392,2.5794594071766
2.61373014015116,2.39229565411361,2.57944760529085
2.61349423874291,2.39219405158353,2.57914034556684
2.61325846540275,2.39186819651734,2.57901117822061
2.61302281999171,2.39120361219389,2.57896407948417
2.61278730237102,2.39112767029034,2.57878362302345
2.61255191240216,2.39049404760252,2.57873922705359
2.61231664994684,2.390192246559,2.57866773175212
2.61208151486698,2.38912094437922,2.57858830059404
2.61184650702471,2.3887572735359,2.57837306186278
2.61161162628243,2.38871932131857,2.57795625289722
2.61137687250271,2.38871571518466,2.57776272040369
2.61114224554838,2.38863754902331,2.57770628152354
2.61090774528247,2.38837066014545,2.57757281769323
2.61067337156826,2.38831209825505,2.5773955989705
2.61043912426921,2.38830161090876,2.57706939469518
2.61020500324904,2.38800246760049,2.57692221523553
2.60997100837166,2.38766355056582,2.57666689381887
2.60973713950123,2.3873763142566,2.57581774177821
2.6095033965021,2.38690294466906,2.57572203042831
2.60926977923885,2.38670564518663,2.57561604432261
2.60903628757629,2.38659193679426,2.57531180101743
2.60880292137943,2.38651850765281,2.57524215141729
2.60856968051351,2.38651555042589,2.57506620921793
2.60833656484398,2.38612246071466,2.5745319728867
2.60810357423651,2.38578046436747,2.57434274806399
2.60787070855699,2.38573836062805,2.57407977608895
2.60763796767152,2.38540881236924,2.57370357596487
2.6074053514464,2.3852210640549,2.57309111602643
2.60717285974818,2.38470986596493,2.57273371681107
2.6069404924436,2.38469466815985,2.57220498664478
2.60670824939962,2.38413735141896,2.57214662640565
2.6064761304834,2.38402280215391,2.57176520296367
2.60624413556234,2.38386685312271,2.57158963260668
2.60601226450402,2.38371344745134,2.57153261810322
2.60578051717627,2.38314915523363,2.57128954015667
2.6055488934471,2.38307763163662,2.57102305728855
2.60531739318474,2.38300066571311,2.57093338537433
2.60508601625763,2.38267966140586,2.57080503002979
2.60485476253444,2.38251568910422,2.57069734778986
2.60462363188401,2.38230007229572,2.57061080195045
2.60439262417542,2.38213991752006,2.57052189348544
2.60416173927796,2.38169142722979,2.57045914830267
2.6039309770611,2.38153782085375,2.57041149398113
2.60370033739455,2.38118554861255,2.57032310928792
2.60346982014822,2.38106039660334,2.57009148182164
2.6032394251922,2.38101738754257,2.56961947478541
2.60300915239683,2.38094489451797,2.56899130716012
2.60277900163261,2.38079367433056,2.56867314061134
2.6025489727703,2.38049233622596,2.56841260145587
2.60231906568081,2.37968450409163,2.56835956192397
2.60208928023529,2.37946950915274,2.56833011123525
2.60185961630508,2.37924844320941,2.56832540962634
2.60163007376173,2.37917245241331,2.56808434279917
2.601400652477,2.378985589503,2.56774861785701
2.60117135232283,2.37887003349859,2.56738023817578
2.60094217317139,2.37876308766504,2.56696281013986
2.60071311489503,2.37784053719647,2.56662161196555
2.60048417736632,2.37758941291429,2.56657743641433
2.60025536045802,2.37734195633431,2.56648967031778
2.6000266640431,2.37715524709695,2.56642123473157
2.59979808799472,2.3771376294146,2.56634829666582
2.59956963218624,2.37703888617383,2.56629846799603
2.59934129649123,2.37689806735357,2.56602092530358
2.59911308078345,2.37679459507171,2.5650708116369
2.59888498493688,2.37654809554444,2.56477150864677
2.59865700882565,2.37642035702307,2.56456659368087
2.59842915232415,2.37638223299337,2.56450015799506
2.59820141530692,2.37633044232128,2.56448060066208
2.59797379764872,2.3761855524615,2.56428576891316
2.5977462992245,2.37556562934018,2.5642565157496
2.59751891990941,2.37537544665981,2.56414825193239
2.59729165957879,2.37534719417204,2.5641403065316
2.59706451810819,2.37517768065889,2.56360320611044
2.59683749537332,2.37515533838039,2.56344349243941
2.59661059125013,2.37515446606836,2.56300343954862
2.59638380561474,2.37491303945417,2.56285577743399
2.59615713834347,2.37484142000377,2.56278081784517
2.59593058931282,2.3747806446158,2.5626167603476
2.59570415839951,2.37458882429625,2.56245711005723
2.59547784548042,2.37446073860963,2.56233295843506
2.59525165043265,2.37436551035215,2.56233119584806
2.59502557313347,2.3741087043565,2.56150733669389
2.59479961346037,2.373839558846,2.56110060393286
2.59457377129101,2.37357784094667,2.56107536161305
2.59434804650323,2.37333615541498,2.56098761818656
2.59412243897509,2.37328777236884,2.56095984828197
2.59389694858482,2.37317618372465,2.56088051506727
2.59367157521085,2.37298803777399,2.56074591332353
2.59344631873178,2.37290586143679,2.56060636239063
2.59322117902643,2.3728079435459,2.56056782358284
2.59299615597377,2.37275986984094,2.56035714305645
2.592771249453,2.37256127165806,2.55998297801512
2.59254645934348,2.37242665448687,2.55928891916195
2.59232178552476,2.37242248843586,2.55871215415996
2.59209722787658,2.37237923892493,2.55861824133589
2.59187278627887,2.37219410642786,2.55843251169793
2.59164846061174,2.37205580627062,2.55760386680822
2.59142425075549,2.37184371910234,2.55759154146389
2.59120015659061,2.37164861355902,2.55754568828759
2.59097617799777,2.37160651235064,2.55747640438051
2.59075231485781,2.37098993659244,2.55738699799639
2.59052856705177,2.37061708327663,2.55737367046719
2.59030493446089,2.37027015240926,2.55684871940727
2.59008141696656,2.37013729992239,2.55612298666988
2.58985801445036,2.36961639123194,2.55487777013741
2.58963472679408,2.36942380584307,2.55468638499238
2.58941155387966,2.36931536414025,2.55462310653741
2.58918849558924,2.36927090790474,2.55444009388408
2.58896555180513,2.3692338418453,2.55442973433438
2.58874272240984,2.36882127542031,2.55419568796515
2.58852000728603,2.3684791049102,2.55405066134407
2.58829740631657,2.36845075691826,2.55378545164344
2.5880749193845,2.36837585074897,2.55333764941301
2.58785254637304,2.36836913096662,2.5531820368491
2.58763028716557,2.36811834921304,2.55290885392396
2.58740814164569,2.36798180700124,2.55288325828819
2.58718610969714,2.36785177017134,2.55280182127836
2.58696419120386,2.36750073252193,2.55255608593991
2.58674238604996,2.36730315544126,2.55184518877814
2.58652069411972,2.36658963427502,2.55178480592235
2.58629911529762,2.3664593721904,2.55167689964905
2.58607764946829,2.36640166114634,2.55162181017175
2.58585629651655,2.36629696878295,2.55147810482099
2.5856350563274,2.3659324210884,2.55142677886192
2.58541392878602,2.3657995007659,2.55136613745099
2.58519291377773,2.36574503957677,2.55116320318179
2.58497201118807,2.36562041046107,2.55099745563455
2.58475122090274,2.36559487976856,2.55094756568985
2.58453054280759,2.36540952726509,2.5508477949388
2.58430997678868,2.36518542968445,2.55066221561479
2.58408952273222,2.36518363539469,2.55061032072488
2.5838691805246,2.36476408008659,2.5502154934178
2.58364895005238,2.36458398696647,2.5500686153868
2.58342883120231,2.36457046592612,2.54970850435403
2.58320882386128,2.36418131301114,2.5496858064129
2.58298892791638,2.36383530067185,2.54961811936321
2.58276914325485,2.36374637357556,2.54929784951995
2.58254946976413,2.36338946833303,2.549186262042
2.58232990733179,2.36295644873829,2.54864026937321
2.58211045584562,2.36279839986254,2.54859463327993
2.58189111519353,2.36264916987754,2.5483359319272
2.58167188526363,2.36250265218441,2.54829846915677
2.5814527659442,2.36228161922589,2.54783525710555
2.58123375712367,2.36215037425217,2.54774717768259
2.58101485869066,2.36210611240164,2.54772385429861
2.58079607053394,2.36203224042173,2.54761201404144
2.58057739254246,2.36185180412873,2.54747016181355
2.58035882460533,2.36177092531551,2.54741576065237
2.58014036661184,2.36164762828058,2.54735343042348
2.57992201845143,2.36160865511065,2.5469948477622
2.57970378001372,2.36156936483636,2.54686558985158
2.57948565118849,2.36131281357849,2.5465502381116
2.57926763186569,2.36082816033595,2.54607031287509
2.57904972193543,2.36045413248178,2.54596425595955
2.57883192128798,2.36010989018855,2.54591618773219
2.5786142298138,2.3600712119046,2.54582223892342
2.57839664740348,2.35991272785981,2.54579962697154
2.57817917394781,2.35990683166185,2.54577229528208
2.57796180933772,2.35984550923341,2.54561682262911
2.5777445534643,2.35981676756167,2.54486824405034
2.57752740621882,2.35969396918738,2.54459580930947
2.57731036749272,2.35963576344113,2.54379632242106
2.57709343717757,2.35918891827406,2.54375410887616
2.57687661516512,2.35892331362017,2.54359059110091
2.5766599013473,2.35888359425183,2.54349204628012
2.57644329561617,2.35832951008076,2.54344734270274
2.57622679786398,2.35824042411296,2.54325540081004
2.57601040798312,2.35750602028958,2.54301612179091
2.57579412586615,2.35750178356226,2.54290115276963
2.57557795140579,2.35708810538666,2.54264673340816
2.57536188449491,2.35673328730178,2.54232165950504
2.57514592502656,2.35652634357166,2.54222137742857
2.57493007289393,2.35643768172621,2.54221954667615
2.57471432799039,2.35642512904077,2.54209366370621
2.57449869020944,2.35608946171975,2.54179467326048
2.57428315944477,2.35585520954384,2.54175088773279
2.5740677355902,2.35574792517518,2.54138550011414
2.57385241853973,2.35570778549728,2.54101512125254
2.57363720818751,2.35517421466062,2.5408709068206
2.57342210442783,2.35495626732563,2.54070042513387
2.57320710715517,2.35490480108122,2.54052186691536
2.57299221626415,2.35486934324662,2.54027034452655
2.57277743164953,2.35483109344064,2.54018637682478
2.57256275320626,2.35469442529024,2.54011950149045
2.57234818082941,2.35445733799252,2.54003769388473
2.57213371441423,2.35436523579435,2.5398911730174
2.57191935385613,2.35436133281267,2.53988917576509
2.57170509905065,2.35423015811142,2.53957343811769
2.5714909498935,2.35417354451296,2.53954734998968
2.57127690628054,2.35362148213118,2.53937868725829
2.57106296810779,2.35291413886791,2.53922758188185
2.57084913527141,2.35273252295373,2.53897577937854
2.57063540766773,2.35242616287084,2.5378707561569
2.57042178519323,2.35240390066393,2.53774621189341
2.57020826774454,2.3523380338974,2.53750217427904
2.56999485521842,2.3522681301645,2.53746309757087
2.56978154751182,2.3522108013631,2.53744689528481
2.56956834452183,2.35209574836233,2.53741352402067
2.56935524614567,2.35193427994267,2.53739640242681
2.56914225228073,2.35173972824202,2.5368428560587
2.56892936282455,2.3517112039593,2.53671904927137
2.56871657767482,2.35169442606153,2.53669978684164
2.56850389672939,2.35117475523233,2.53664135159492
2.56829131988623,2.35104864690858,2.53633138527552
2.56807884704349,2.35098520978627,2.53564619835723
2.56786647809945,2.35088219683269,2.53534433582041
2.56765421295255,2.35061299907347,2.53436224079457
2.56744205150138,2.35046430304385,2.53432434768392
2.56722999364468,2.34970906140181,2.5340586680359
2.56701803928132,2.34934970505877,2.5339287390491
2.56680618831034,2.3491875793419,2.53325980578182
2.56659444063091,2.34914030273268,2.53311264247415
2.56638279614236,2.3483933113327,2.53311176819978
2.56617125474417,2.34781716831993,2.53285536834438
2.56595981633595,2.34764551769397,2.53284055711883
2.56574848081747,2.34734951988294,2.53281821969974
2.56553724808865,2.34713978689326,2.53280905428004
2.56532611804953,2.3468085389844,2.5325569545157
2.56511509060034,2.34676467479071,2.53252684506309
2.5649041656414,2.34673878713221,2.53218861731669
2.56469334307323,2.34646433206387,2.53189562329632
2.56448262279646,2.34625698361223,2.53187693961771
2.56427200471188,2.34622606698382,2.5318451067117
2.56406148872041,2.34621804919008,2.53178725700442
2.56385107472312,2.34605966212244,2.53168908959558
2.56364076262124,2.34597686463058,2.53127214455893
2.56343055231611,2.34591808255764,2.53120640957048
2.56322044370926,2.34578238592636,2.53089202568793
2.56301043670231,2.345767319311,2.53088915517784
2.56280053119706,2.34559700204192,2.53082830795918
2.56259072709544,2.34557173092495,2.53025782366169
2.56238102429953,2.34532028405819,2.52998477214663
2.56217142271153,2.34509144435748,2.52987099060777
2.5619619222338,2.34502088498376,2.52950320647944
2.56175252276885,2.3447441547314,2.52915424791701
2.5615432242193,2.34466833270554,2.52903338305737
2.56133402648794,2.34457443727291,2.52901316350644
2.56112492947769,2.34455665411065,2.52891644769626
2.56091593309161,2.3443893279047,2.52888666161485
2.56070703723289,2.34422180246846,2.52880747874495
2.56049824180487,2.34419702428068,2.52845716575444
2.56028954671104,2.34413561250294,2.52795098972345
2.56008095185502,2.34400274884944,2.52769271159911
2.55987245714054,2.34375074321278,2.52756383071654
2.55966406247152,2.34285310601392,2.52751221348289
2.55945576775199,2.34245795855325,2.52726785417894
2.55924757288611,2.34217498065966,2.52722853283976
2.5590394777782,2.34209402104169,2.5270613072715
2.5588314823327,2.34187824961125,2.5270217229004
2.5586235864542,2.34168267128831,2.52692599364219
2.55841579004741,2.3416566527816,2.52684884352903
2.55820809301719,2.34155445785036,2.52664844127088
2.55800049526854,2.34149217714257,2.52655184687541
2.55779299670659,2.34140262421921,2.52629919906087
2.5575855972366,2.34135315758976,2.52620526656145
2.55737829676398,2.34130216998763,2.5260789410859
2.55717109519425,2.34115649035439,2.52570432638496
2.5569639924331,2.34078291384163,2.52543831815409
2.55675698838633,2.34073982517453,2.52512917343082
2.55655008295988,2.34058240019979,2.52497452107067
2.55634327605983,2.34053848302715,2.52476369332092
2.55613656759239,2.34047406086872,2.52460732471994
2.55592995746389,2.34019925522603,2.52443038296619
2.55572344558083,2.34009764260731,2.52441254648213
2.5555170318498,2.3399684875302,2.52433261607307
2.55531071617756,2.33974545321227,2.52361542700995
2.55510449847097,2.33972966406536,2.52349742862006
2.55489837863706,2.33946411844844,2.52339519827387
2.55469235658296,2.33939030914979,2.52273087006776
2.55448643221594,2.3391216748659,2.52260950857551
2.55428060544341,2.33882745195866,2.5223076639179
2.55407487617291,2.33878566400309,2.52224738940374
2.55386924431211,2.33872402190899,2.52217851716166
2.5536637097688,2.33859914164177,2.52163311734671
2.55345827245092,2.33853196201177,2.5215109776529
2.55325293226653,2.33828119033678,2.52144097651702
2.55304768912381,2.33815335787118,2.52122493060307
2.5528425429311,2.33732477686482,2.521219284036
2.55263749359683,2.33730847098526,2.52096859126143
2.5524325410296,2.33729018840676,2.52046660256593
2.55222768513811,2.33717788149349,2.52020588208969
2.55202292583121,2.33716520836333,2.51993172308032
2.55181826301785,2.33715289120298,2.51982302316155
2.55161369660714,2.33701086649421,2.51977980215401
2.55140922650831,2.33695159205762,2.51975247586494
2.5512048526307,2.3368269792496,2.51948337922559
2.5510005748838,2.33663605716394,2.51945764993405
2.55079639317722,2.33650852762515,2.51938922348714
2.55059230742069,2.33629299153107,2.51934181180975
2.55038831752407,2.33625933781969,2.51932570714369
2.55018442339737,2.33619282458021,2.51915436856398
2.54998062495069,2.33601830504512,2.51900036934317
2.54977692209428,2.33595999245967,2.51870417092369
2.54957331473851,2.33571604677509,2.51868434365619
2.54936980279387,2.33569987243897,2.51836703742373
2.549166386171,2.33555685928783,2.51833514155851
2.54896306478063,2.33537749554969,2.51829992012675
2.54875983853363,2.33502844750735,2.51786964729271
2.54855670734101,2.33478273141963,2.5178686112773
2.54835367111389,2.33429708068827,2.51744547076762
2.54815072976351,2.33400152958139,2.51724709841294
2.54794788320125,2.33389639732922,2.5171616102371
2.5477451313386,2.33377213122515,2.51710257713256
2.54754247408719,2.33352591435126,2.51694903741447
2.54733991135875,2.33351360173809,2.51686156970304
2.54713744306515,2.33334808241672,2.51684679469874
2.54693506911838,2.33317994656651,2.51682869661572
2.54673278943056,2.33296909063978,2.51679268344893
2.54653060391392,2.33288155126564,2.5167605204473
2.54632851248082,2.33284241162198,2.51641326309037
2.54612651504373,2.33281892782875,2.51604203294643
2.54592461151527,2.33279651052664,2.51568113052807
2.54572280180815,2.33278679919986,2.51562779962061
2.54552108583522,2.33228451768803,2.51526649562546
2.54531946350945,2.33200208395993,2.5150232027188
2.54511793474393,2.33146590123307,2.51464954505569
2.54491649945187,2.33132312793728,2.51461477563816
2.54471515754659,2.33125044114774,2.51450517226126
2.54451390894155,2.33085590025307,2.51411475190521
2.54431275355032,2.33082847216371,2.51405125988695
2.54411169128659,2.33065067129232,2.51381114719423
2.54391072206417,2.33060681240283,2.51372757561785
2.54370984579699,2.33035257608695,2.51347348158171
2.5435090623991,2.32976946056395,2.51339931567773
2.54330837178467,2.32972970342444,2.51312749658431
2.54310777386798,2.32958005763567,2.51298238772728
2.54290726856345,2.32944766430138,2.51284637017108
2.54270685578559,2.32936365702534,2.5121745789698
2.54250653544906,2.32919268455788,2.51209594495964
2.54230630746861,2.32894037444446,2.51172386428434
2.54210617175912,2.32886289323008,2.51170396724592
2.54190612823559,2.32882189565952,2.51164549289668
2.54170617681314,2.32871610119934,2.51163535271214
2.54150631740698,2.32869977452277,2.51154719036898
2.54130654993249,2.32846946689524,2.51134556888588
2.5411068743051,2.32804304524425,2.51128855201941
2.54090729044042,2.32782035895001,2.51098060379537
2.54070779825414,2.32774117247955,2.51087113544825
2.54050839766207,2.32746223720424,2.5104485175869
2.54030908858014,2.32737224671276,2.51038636231062
2.5401098709244,2.32724991027957,2.5102917044767
2.539910744611,2.32719076519561,2.51007254019954
2.53971170955623,2.3269632893093,2.50976927633797
2.53951276567648,2.32681799319883,2.50949687748437
2.53931391288825,2.32670087953319,2.50937962891265
2.53911515110817,2.32641567061657,2.50873802367855
2.53891648025296,2.32634224574253,2.50862492640975
2.53871790023949,2.32620595557125,2.50829079077591
2.53851941098471,2.32591894095121,2.50824501109418
2.5383210124057,2.3258463639403,2.50800772282896
2.53812270441965,2.32581057565224,2.50800665481242
2.53792448694386,2.32545977508131,2.50789387813834
2.53772635989576,2.32493582548524,2.50776337867018
2.53752832319288,2.32469731379583,2.50768883232275
2.53733037675285,2.32459048556665,2.50715411879657
2.53713252049343,2.32458944361504,2.50712168212665
2.5369347543325,2.32453396848149,2.50711966786826
2.53673707818803,2.32385226005858,2.50668167440843
2.53653949197812,2.32380419096006,2.50637344225834
2.53634199562096,2.3237697075578,2.50634240776788
2.53614458903488,2.32374447146021,2.50615826510428
2.5359472721383,2.32358018490773,2.50589751055606
2.53575004484976,2.32352500667669,2.50565300900896
2.5355529070879,2.32332448985668,2.50460176365684
2.5353558587715,2.32327198640885,2.50453998709948
2.53515889981941,2.3230945270299,2.50444586655705
2.53496203015063,2.32295217131938,2.50394702542315
2.53476524968423,2.3229374050001,2.50378452369753
2.53456855833943,2.32288963539501,2.50350031297493
2.53437195603553,2.3226864833075,2.50346086208677
2.53417544269195,2.32265142264053,2.50340141648523
2.53397901822822,2.32234914510037,2.50329311951109
2.53378268256398,2.3223143482776,2.50321753572502
2.53358643561897,2.32221557817534,2.50316612530486
2.53339027731306,2.32213710998935,2.50292539258809
2.53319420756621,2.32207818132682,2.50286950790226
2.53299822629849,2.32095834020201,2.50227358272147
2.53280233343008,2.32079168784384,2.50184515988409
2.53260652888127,2.32059798426825,2.50174679419427
2.53241081257246,2.32034108692249,2.5015216030848
2.53221518442415,2.32019897330694,2.50135364907757
2.53201964435695,2.31995662698434,2.50130231594252
2.53182419229159,2.31953209709643,2.50129809538447
2.53162882814889,2.31937621291301,2.50110288507539
2.53143355184978,2.31879970439219,2.50105598830686
2.5312383633153,2.31864180191233,2.50098914961703
2.5310432624666,2.31841090443952,2.50082767123116
2.53084824922493,2.31818567651689,2.50077503903743
2.53065332351165,2.31800398305816,2.50061176648544
2.53045848524821,2.31792203189219,2.5005254168605
2.53026373435621,2.31779441691589,2.50042601338633
2.53006907075729,2.31765934750193,2.50036373517431
2.52987449437326,2.31733857914108,2.49992420299508
2.52968000512598,2.31721515723722,2.49988132729249
2.52948560293746,2.31703293994179,2.49980794878505
2.52929128772979,2.31691303992951,2.49978797928565
2.52909705942516,2.31685064990635,2.49971997909081
2.52890291794589,2.31674429213997,2.49954176944481
2.52870886321438,2.31660176365915,2.49947999385134
2.52851489515313,2.31656176420236,2.49940136974765
2.52832101368478,2.31615219088299,2.49939455556824
2.52812721873203,2.31614974528051,2.49886500389254
2.52793351021771,2.31603478599108,2.4985540146579
2.52773988806475,2.31568490184732,2.49853360332047
2.52754635219617,2.31552847948725,2.49850124882165
2.52735290253511,2.31541933561985,2.49797624762237
2.5271595390048,2.31525306155297,2.49791819449182
2.52696626152857,2.31517248223733,2.49789087981716
2.52677307002988,2.31511011917263,2.49778738736259
2.52657996443225,2.31509671644222,2.49761088452599
2.52638694465934,2.31505035649083,2.49732536721138
2.52619401063489,2.3147146921874,2.49724684179723
2.52600116228274,2.31462915865044,2.49721343907236
2.52580839952684,2.31427750701926,2.49668432463873
2.52561572229125,2.31413928186411,2.49643234271047
2.52542313050011,2.31411766214324,2.49609604327426
2.52523062407768,2.31407592798565,2.49605752785353
2.5250382029483,2.31400767291175,2.49594071710857
2.52484586703643,2.31390181676853,2.49574297774717
2.52465361626662,2.31367091788222,2.49504705856335
2.52446145056353,2.31360380706274,2.49484940769941
2.5242693698519,2.31351144213342,2.49463611486259
2.5240773740566,2.31345204092653,2.49454732213568
2.52388546310257,2.31311851185702,2.49409925010294
2.52369363691486,2.31306316230897,2.49409452140812
2.52350189541864,2.312749458803,2.49359884619194
2.52331023853913,2.31264199968311,2.49352470231047
2.52311866620171,2.31262929325218,2.49348272025022
2.52292717833181,2.31262364617738,2.4933374966594
2.52273577485497,2.31217412944758,2.49332120094741
2.52254445569686,2.31216669385171,2.49297283965703
2.5223532207832,2.3121101776979,2.49294768057304
2.52216207003984,2.31188136017094,2.49257963685643
2.52197100339271,2.31170631939831,2.49192089431322
2.52178002076787,2.31119075374479,2.49163950687724
2.52158912209143,2.31113322827745,2.49152267449699
2.52139830728963,2.31098898223449,2.49130317203591
2.5212075762888,2.31073888887016,2.49106629872255
2.52101692901537,2.31072983632393,2.49104159135852
2.52082636539586,2.31071528402306,2.49100284975036
2.52063588535688,2.31042641202688,2.49061860719864
2.52044548882516,2.31020605436168,2.4905643254601
2.5202551757275,2.31013878143274,2.49035715614402
2.52006494599082,2.31010644596646,2.49032413924426
2.51987479954212,2.30979957558302,2.48975633543855
2.51968473630849,2.30973967059287,2.48964932138044
2.51949475621714,2.30959971753494,2.48943529924677
2.51930485919535,2.30950008564748,2.48934588734654
2.51911504517052,2.3093180387707,2.48913047029789
2.51892531407012,2.30915272468952,2.48912082976634
2.51873566582174,2.30894464065883,2.48854342559528
2.51854610035304,2.30882968625781,2.48850233266955
2.51835661759178,2.30860953954079,2.48839555169208
2.51816721746584,2.30860261224901,2.48833781064914
2.51797789990316,2.30831599236674,2.48817594836337
2.5177886648318,2.30821702157257,2.48755053592457
2.5175995121799,2.30817735243647,2.48714844383492
2.51741044187569,2.30816393270086,2.48712587150228
2.51722145384751,2.30813882141268,2.48711340671803
2.51703254802378,2.30812091446985,2.4869559032005
2.51684372433303,2.30798726440522,2.48694959188467
2.51665498270385,2.30780885713325,2.48677471339728
2.51646632306495,2.30769410697254,2.48670442783792
2.51627774534514,2.30753939842041,2.48665119899213
2.5160892494733,2.30733429286712,2.48643480737246
2.51590083537841,2.3072961511099,2.48627525011936
2.51571250298956,2.30720858329663,2.48623638657423
2.51552425223589,2.30710238228606,2.48622828260591
2.51533608304668,2.30698120008807,2.48601457632487
2.51514799535127,2.30693557176497,2.48596903439356
2.51495998907912,2.30692632669473,2.48588770156066
2.51477206415974,2.30660129662414,2.48557638824881
2.51458422052277,2.30659953834723,2.48517503873912
2.51439645809793,2.30658308308076,2.48494572961937
2.51420877681501,2.30654188225444,2.48467545472488
2.51402117660393,2.30653726662974,2.48462815770277
2.51383365739467,2.30648461810519,2.48457970225777
2.51364621911731,2.30640977057892,2.48402433347575
2.51345886170202,2.30625288505221,2.48386116050559
2.51327158507906,2.30586860441077,2.48341674974831
2.51308438917879,2.30585685508233,2.48319634144836
2.51289727393165,2.30565824189917,2.48315603593627
2.51271023926816,2.30565586432213,2.48297513024439
2.51252328511895,2.30557442873237,2.48277436100912
2.51233641141473,2.30557220705626,2.4827035178513
2.51214961808631,2.30542451043785,2.48253837431391
2.51196290506455,2.30528737766964,2.48231318830648
2.51177627228046,2.30528455435023,2.48227736953603
2.51158971966509,2.30519548875905,2.4821776996559
2.5114032471496,2.30501050818041,2.48215301706247
2.51121685466524,2.30497188493431,2.48209297189973
2.51103054214333,2.30495311364656,2.48195701849891
2.5108443095153,2.30475530073647,2.48192380599455
2.51065815671267,2.30469461690966,2.48173576931961
2.51047208366702,2.30456498343949,2.48165744554398
2.51028609031004,2.30456488566463,2.48142903635814
2.51010017657351,2.30447451662175,2.48117243033501
2.50991434238929,2.3043080863751,2.48101870010598
2.50972858768932,2.3043079846502,2.48091722571557
2.50954291240564,2.30410751748735,2.48090716647703
2.50935731647038,2.30402130492001,2.48072424844284
2.50917179981574,2.3039458859941,2.48062635121036
2.50898636237402,2.30389290099371,2.48062301155955
2.50880100407761,2.3037053000727,2.4798868269333
2.50861572485897,2.30350157064039,2.47986945830009
2.50843052465066,2.30318054362179,2.47960862201795
2.50824540338533,2.30307561164022,2.4794285852028
2.50806036099569,2.3029745020114,2.47932141551824
2.50787539741457,2.30267875847503,2.47923243207874
2.50769051257487,2.30257420391214,2.47918971819301
2.50750570640957,2.30168450010036,2.47894151398652
2.50732097885174,2.30161565971344,2.47857349443211
2.50713632983455,2.30155000754409,2.47844366981263
2.50695175929122,2.30098258561382,2.47822095361173
2.5067672671551,2.30093549291237,2.47821263347867
2.50658285335959,2.30078791550264,2.47790678993403
2.50639851783819,2.3007371825447,2.47787385542628
2.50621426052447,2.30069389520622,2.47772050332109
2.50603008135212,2.30049865676935,2.47763713169547
2.50584598025487,2.29979720552563,2.477572881754
2.50566195716657,2.29943598617948,2.47727328414827
2.50547801202112,2.29933923011515,2.47714933827389
2.50529414475254,2.2991273856917,2.47703449827755
2.50511035529491,2.29910304936677,2.4769417138442
2.5049266435824,2.29908300794176,2.47691243925063
2.50474300954926,2.29907073601267,2.47662121423802
2.50455945312983,2.2989340668099,2.47653975427441
2.50437597425853,2.29887021417925,2.47653135777765
2.50419257286987,2.29870873883988,2.47646255403445
2.50400924889842,2.29829221494772,2.47600211243206
2.50382600227887,2.29804474236912,2.47555896046015
2.50364283294595,2.29795132214394,2.47530457476149
2.50345974083451,2.29793664842576,2.47521787576819
2.50327672587946,2.29785657909895,2.47518005471539
2.5030937880158,2.29689884338818,2.47446244933699
2.50291092717862,2.29685254734566,2.47438317582463
2.50272814330306,2.29676457009864,2.47405570376164
2.50254543632439,2.29616910307569,2.47404417885784
2.50236280617792,2.29612755448387,2.47401219345304
2.50218025279906,2.29610905830902,2.47337284342209
2.50199777612331,2.29610266671776,2.47331418497858
2.50181537608623,2.29595081489463,2.47321884412449
2.50163305262348,2.29493031018596,2.47316711136174
2.50145080567078,2.29474951070855,2.47280095737639
2.50126863516395,2.2946795627885,2.47259445573679
2.5010865410389,2.29454333026484,2.47250042528194
2.50090452323158,2.29443582726749,2.47225701987312
2.50072258167806,2.29420992507536,2.47191253757033
2.50054071631447,2.29401488438329,2.47115987968992
2.50035892707703,2.2933904985872,2.47098887203655
2.50017721390203,2.29292127171949,2.47081597047205
2.49999557672586,2.29260076663607,2.47069981647224
2.49981401548496,2.29236983475901,2.47065042140522
2.49963253011587,2.29230683343139,2.47054003932713
2.49945112055521,2.29207858059349,2.47042966038688
2.49926978673968,2.29204524640058,2.47022878564885
2.49908852860603,2.29202570918748,2.47011995680648
2.49890734609114,2.29158442578371,2.46991434748441
2.49872623913192,2.29103824914849,2.46976938176173
2.4985452076654,2.29092833374705,2.46970609085896
2.49836425162866,2.29082943896301,2.46924624430229
2.49818337095886,2.29040283713199,2.46908760547688
2.49800256559326,2.29000959836949,2.46903320529411
2.49782183546917,2.28997293851293,2.46891465361455
2.49764118052401,2.28994112031425,2.46873401772078
2.49746060069526,2.28989479093572,2.46867354494743
2.49728009592046,2.28946165223848,2.468627206532
2.49709966613727,2.28923850881995,2.46857572234593
2.49691931128339,2.28920662496551,2.46855804018726
2.49673903129661,2.28918814389901,2.46851607301457
2.49655882611482,2.28906363408574,2.46829115143975
2.49637869567594,2.28898262584134,2.46811041144981
2.49619863991801,2.28884384808242,2.46756578727167
2.49601865877913,2.28864307168695,2.46750062264896
2.49583875219748,2.28861270571911,2.46733830148358
2.4956589201113,2.28834193027372,2.46731416827402
2.49547916245894,2.28816953008091,2.46720046138632
2.4952994791788,2.28812372110138,2.46700221478888
2.49511987020937,2.28810768879762,2.46697575749433
2.4949403354892,2.28729055809414,2.46669369661502
2.49476087495693,2.28725607927218,2.46655589845721
2.49458148855128,2.2870403442143,2.46645817232967
2.49440217621104,2.28694829882726,2.46626878027612
2.49422293787506,2.28691615382787,2.46622993686134
2.4940437734823,2.28678542765992,2.46616736823275
2.49386468297176,2.28669824318876,2.46596979076421
2.49368566628254,2.28617244314437,2.46575786447943
2.4935067233538,2.28614698680382,2.46570805103523
2.49332785412479,2.28600304274329,2.46563143643186
2.49314905853482,2.28584083536137,2.4653347836462
2.49297033652328,2.28565884655577,2.46495847492816
2.49279168802964,2.28560665357214,2.46492928916867
2.49261311299345,2.28547464514352,2.46472571371515
2.49243461135432,2.2854625512017,2.46428915537595
2.49225618305193,2.28538444617144,2.46428251442823
2.49207782802605,2.28489411179632,2.46421610854768
2.49189954621653,2.28483237506647,2.46415605070243
2.49172133756327,2.28474963194291,2.46401148178506
2.49154320200626,2.28424708911542,2.46397800886999
2.49136513948556,2.28409375277201,2.46394592005384
2.4911871499413,2.2838824383721,2.46374460635153
2.4910092333137,2.2838526347387,2.46371845253901
2.49083138954303,2.28376955515893,2.46347719798858
2.49065361856965,2.28324019750794,2.46341848811144
2.49047592033399,2.28288880465151,2.46318627089916
2.49029829477654,2.28258226159129,2.46274025636554
2.49012074183788,2.28231752034583,2.46254262546006
2.48994326145867,2.2820817212608,2.46249023173321
2.4897658535796,2.28183164919407,2.46207578623122
2.48958851814149,2.28150699238577,2.46187725247092
2.48941125508519,2.28081332053105,2.46182872352268
2.48923406435164,2.28062124464962,2.46175186110069
2.48905694588185,2.28016554655227,2.46133967296451
2.48887989961691,2.28010485464324,2.46126211972223
2.48870292549795,2.27966439637441,2.46103346720313
2.48852602346622,2.27954412180184,2.46081499733591
2.488349193463,2.27944316582175,2.46071788804355
2.48817243542967,2.27938942624472,2.46066235080861
2.48799574930766,2.27918805992489,2.46038568027008
2.48781913503849,2.27915253170482,2.46016532293738
2.48764259256374,2.27875737375349,2.46008327545344
2.48746612182507,2.27869931973424,2.45982498064273
2.48728972276419,2.27864794248743,2.45975703290377
2.48711339532291,2.27828410332175,2.45947781675365
2.4869371394431,2.2782819586136,2.45887334279508
2.48676095506668,2.27782502588229,2.45853303966448
2.48658484213568,2.27761596489312,2.45850373968121
2.48640880059217,2.27738125857213,2.45826608403508
2.48623283037829,2.27728972108049,2.4581816409427
2.48605693143627,2.27713334695716,2.45752960779213
2.4858811037084,2.27679379044504,2.45734193620729
2.48570534713705,2.27659959784676,2.45731990287747
2.48552966166462,2.27650183998656,2.45717628361034
2.48535404723364,2.27650078451619,2.45716896128512
2.48517850378667,2.27632887133795,2.45716841441998
2.48500303126634,2.2761678614189,2.45692142812235
2.48482762961537,2.27607796722524,2.45660507829933
2.48465229877653,2.27596726895746,2.45659252517672
2.48447703869267,2.27595791791345,2.45654823259231
2.48430184930671,2.27589946035769,2.45652476991658
2.48412673056164,2.27574309262054,2.45651014727534
2.4839516824005,2.27558133436905,2.45631755301179
2.48377670476642,2.27555927604546,2.45629870022852
2.4836017976026,2.27555383828604,2.45606577524457
2.48342696085229,2.2750751074871,2.45605508408113
2.48325219445882,2.27496662436053,2.4560489768608
2.4830774983656,2.27490631590205,2.45589108545865
2.48290287251608,2.27488843169402,2.45576032648558
2.4827283168538,2.27472243080796,2.45570466382078
2.48255383132236,2.27431355785208,2.45565341217074
2.48237941586544,2.27418048574929,2.45564891047205
2.48220507042676,2.27390454711523,2.45545912899512
2.48203079495015,2.27386551355227,2.45545864001514
2.48185658937946,2.27374860499619,2.45491114476058
2.48168245365864,2.27357043804785,2.45486030433424
2.4815083877317,2.27349520259764,2.4546822227601
2.48133439154271,2.27339308973096,2.45456665645059
2.48116046503582,2.2731662860799,2.45444888074131
2.48098660815524,2.27295856692292,2.45436319335477
2.48081282084523,2.27288123734701,2.45415719664804
2.48063910305015,2.27279752817834,2.45397697536033
2.48046545471441,2.27254925708791,2.45392117051182
2.48029187578248,2.27236576543509,2.45364654941804
2.48011836619891,2.27229584992302,2.45347647393786
2.47994492590831,2.27219948518962,2.45331490403904
2.47977155485535,2.27211860046711,2.45328570514418
2.47959825298477,2.2720165241467,2.45327736477189
2.47942502024139,2.27168319131879,2.45316308617418
2.47925185657007,2.27146411329641,2.45260595713069
2.47907876191577,2.27133101937786,2.45257857039753
2.47890573622347,2.27128205623463,2.45253102356633
2.47873277943827,2.27120481639609,2.4521232975534
2.4785598915053,2.27119173195462,2.45204621633453
2.47838707236975,2.27104806799568,2.45197479140787
2.47821432197689,2.27087362247616,2.45169042139046
2.47804164027207,2.27082967841868,2.45139587122463
2.47786902720068,2.27073804173322,2.45116684837735
2.47769648270818,2.27037392599747,2.45107716189341
2.47752400674011,2.27022742290172,2.45091273048929
2.47735159924205,2.27000807263863,2.45073766710894
2.47717926015967,2.26924314350731,2.4506793518316
2.47700698943869,2.26914212145531,2.45062809172069
2.47683478702489,2.26911315294102,2.45058543146288
2.47666265286414,2.26910594858902,2.45051652988477
2.47649058690234,2.26910323758638,2.45012534110692
2.47631858908547,2.26905877855848,2.44982490275192
2.47614665935959,2.26904486770383,2.44974023103975
2.4759747976708,2.26885717364342,2.44968652535752
2.47580300396528,2.2688174477193,2.44962989757344
2.47563127818925,2.26863060274125,2.44944075304805
2.47545962028903,2.26794151751128,2.4493648741529
2.47528803021098,2.26787349995606,2.44929735621625
2.47511650790152,2.26762388563485,2.44925052770537
2.47494505330715,2.26758317993633,2.4491657939134
2.47477366637442,2.26755569671476,2.44907483094489
2.47460234704995,2.26707909989618,2.44868966429586
2.47443109528042,2.26659091952332,2.44860605148522
2.47425991101257,2.26646485165299,2.44835929976872
2.47408879419322,2.26642812863629,2.44831938964706
2.47391774476922,2.26630043021539,2.44821550398267
2.47374676268753,2.26624345281169,2.44816628938597
2.47357584789512,2.26621839155597,2.4475093290257
2.47340500033906,2.26605645481059,2.44720510926742
2.47323421996647,2.26604328994484,2.44718993320598
2.47306350672453,2.26589884784364,2.44700457088004
2.47289286056048,2.26588854058726,2.44691648033017
2.47272228142164,2.265426669828,2.44684710959207
2.47255176925538,2.26541995294926,2.44660851910141
2.47238132400911,2.26523261393903,2.44645174829356
2.47221094563035,2.26497180551195,2.44639606681126
2.47204063406663,2.26480016179095,2.44626054354838
2.47187038926559,2.26476863592746,2.44623590310414
2.47170021117489,2.2646461331308,2.44612651712377
2.47153009974228,2.26445443910352,2.44600754176747
2.47136005491556,2.2644126725499,2.44552303452249
2.47119007664258,2.26386698970129,2.44550271958643
2.47102016487128,2.26373446268181,2.44511570070184
2.47085031954964,2.26362580173484,2.44507297525256
2.4706805406257,2.26284386576569,2.44475717676105
2.47051082804758,2.26282409548173,2.4446583457084
2.47034118176343,2.26263950382707,2.44448336865355
2.47017160172148,2.26216263723544,2.44442144450974
2.47000208787003,2.26211280218453,2.44389608534517
2.46983264015742,2.262030740264,2.4434736248194
2.46966325853207,2.26150347345927,2.44326256847153
2.46949394294244,2.26144271060706,2.44312957592619
2.46932469333706,2.2614214761951,2.44299442027768
2.46915550966453,2.26124159797415,2.44285964969748
2.46898639187348,2.26120968387031,2.44281176110616
2.46881733991265,2.26083942736872,2.44263072644344
2.46864835373079,2.26081645026177,2.44257837118727
2.46847943327673,2.26068053702489,2.4423200178282
2.46831057849937,2.26039320783435,2.44226199450345
2.46814178934765,2.26037779157003,2.44223245248942
2.46797306577059,2.26033048327187,2.44212785789139
2.46780440771724,2.26027903712088,2.44207621700132
2.46763581513675,2.25984421334952,2.44197702276268
2.46746728797829,2.25977799580754,2.44178428364625
2.46729882619111,2.25956060340909,2.44169929287788
2.46713042972451,2.25954044073054,2.44138247843548
2.46696209852787,2.25935591113234,2.44104214464176
2.4667938325506,2.25909649518006,2.4409872971906
2.46662563174218,2.25876993906433,2.44095366191145
2.46645749605216,2.25875512927781,2.44089582129323
2.46628942543013,2.25852663391071,2.44067808527225
2.46612141982575,2.25832380475277,2.44065990477473
2.46595347918874,2.25810160842587,2.44055305851209
2.46578560346887,2.25806194906147,2.44026601917108
2.46561779261597,2.25789917817318,2.44020474777087
2.46545004657993,2.25788426902164,2.4401470356431
2.4652823653107,2.2578767390227,2.44014516952903
2.46511474875829,2.25769038358623,2.43997961407422
2.46494719687276,2.25761878102637,2.43992051140806
2.46477970960424,2.25730801977723,2.43966292384617
2.46461228690289,2.25730090542303,2.4396610975446
2.46444492871897,2.25726486150509,2.43962129615895
2.46427763500277,2.25726359524162,2.43933183345408
2.46411040570463,2.25713464084167,2.4393198309275
2.46394324077496,2.2568053539181,2.43929588065815
2.46377614016424,2.25672388270005,2.43929396001265
2.46360910382299,2.25632335455345,2.43909032962311
2.46344213170179,2.25625414599413,2.43901706037664
2.46327522375127,2.25583580984607,2.43884451287263
2.46310837992213,2.25497190349477,2.43867892740546
2.46294160016512,2.25482501845373,2.43849174608556
2.46277488443106,2.2546412278045,2.43814914909701
2.4626082326708,2.25443206591069,2.43783388267928
2.46244164483527,2.25441494963124,2.43751442524265
2.46227512087545,2.25396212771228,2.4371203052745
2.46210866074236,2.25378622021355,2.43699079597987
2.46194226438711,2.25372306284233,2.43616988610549
2.46177593176083,2.25357376441204,2.43614285722312
2.46160966281473,2.25349466973324,2.43603446837451
2.46144345750007,2.25340941800509,2.43585127840391
2.46127731576817,2.25339278356529,2.4358166590903
2.46111123757039,2.25336788164459,2.43543550061001
2.46094522285816,2.25334478191849,2.43489333697549
2.46077927158296,2.25329111258994,2.43466770457773
2.46061338369634,2.25322205042301,2.43450147497558
2.46044755914988,2.25321213217155,2.43440643944093
2.46028179789523,2.25316628440022,2.43424754801255
2.4601160998841,2.25313945315078,2.43416531260767
2.45995046506825,2.25287199499062,2.43357218200195
2.45978489339948,2.25285188977418,2.43354414815297
2.45961938482968,2.25217029963055,2.43329147570811
2.45945393931077,2.25194171064206,2.4328939914836
2.45928855679471,2.25150688152558,2.43284383956038
2.45912323723356,2.25144929056113,2.43268237172789
2.4589579805794,2.25134820244536,2.43231769024993
2.45879278678436,2.25107011627692,2.43227783629216
2.45862765580066,2.2509090910407,2.43199687562497
2.45846258758054,2.25083620753592,2.43183810356631
2.45829758207632,2.25059558130848,2.43181902394824
2.45813263924034,2.2505373073454,2.43121504212383
2.45796775902503,2.25040737397297,2.4311740435403
2.45780294138286,2.25040166716817,2.43090365490095
2.45763818626636,2.25037543090567,2.43083733702701
2.45747349362809,2.25034976239362,2.43071272200483
2.4573088634207,2.25019625778288,2.43062644266622
2.45714429559686,2.25002796609368,2.43056637586695
2.45697979010933,2.24992763499122,2.42994533212707
2.45681534691088,2.24971370260675,2.42973625306733
2.45665096595438,2.24963519445327,2.42970623583479
2.45648664719271,2.24930335134653,2.4295117743924
2.45632239057884,2.24921089486915,2.42907655914431
2.45615819606577,2.24909977555984,2.4288398227443
2.45599406360655,2.24892402137689,2.42879506213039
2.45582999315432,2.24882636257355,2.42873916527494
2.45566598466222,2.24882038621132,2.42864704897204
2.45550203808349,2.24867418879502,2.42861046912165
2.4553381533714,2.2485956865674,2.42833771536701
2.45517433047926,2.24858707182048,2.42833630214214
2.45501056936046,2.24852694110209,2.42781815840647
2.45484686996844,2.24832506153695,2.42776668172902
2.45468323225666,2.24827779653389,2.42763099094311
2.45451965617868,2.24823091756715,2.42762298585224
2.45435614168808,2.2480630350497,2.42733974366009
2.45419268873851,2.24794251643069,2.42721921457755
2.45402929728364,2.24780750326605,2.42718303625676
2.45386596727724,2.24776470620192,2.42708034608053
2.4537026986731,2.24738214944626,2.42698091332879
2.45353949142507,2.2471985586955,2.42685522374028
2.45337634548705,2.24710645622342,2.42670752590299
2.45321326081299,2.24705098794248,2.4263303098402
2.45305023735691,2.24692560693889,2.42617513526144
2.45288727507286,2.24641858139245,2.425947653554
2.45272437391495,2.24627643092343,2.4259435908999
2.45256153383733,2.24619646068065,2.42592150322088
2.45239875479423,2.24617193657905,2.42582152967414
2.45223603673991,2.24609736690251,2.42568525102041
2.45207337962868,2.24605275943715,2.42553993844653
2.45191078341492,2.24599991491019,2.42549105924087
2.45174824805303,2.24599923633458,2.42529202545717
2.45158577349748,2.24591272137385,2.42528792051931
2.45142335970281,2.24556068736969,2.42524663568702
2.45126100662357,2.24553036206286,2.42516290773148
2.45109871421439,2.24549019523488,2.42506824278583
2.45093648242995,2.24516043011914,2.42501194386204
2.45077431122496,2.24509035517308,2.42499805213747
2.45061220055421,2.24452650623567,2.42485555334846
2.45045015037252,2.24447555331142,2.42451507863184
2.45028816063475,2.2444002181931,2.42437586091887
2.45012623129585,2.24437605314142,2.42431674312348
2.44996436231079,2.24436514714457,2.42381233201671
2.44980255363458,2.24434788851339,2.42348441202066
2.44964080522232,2.24434028545099,2.42329759254804
2.44947911702913,2.24415005858135,2.42320770252301
2.44931748901018,2.24389856863257,2.42312140728622
2.4491559211207,2.24368150127284,2.42311398547321
2.44899441331598,2.24350616595928,2.42310652739051
2.44883296555133,2.24338171860588,2.42273428740931
2.44867157778213,2.24316136175609,2.42270580266885
2.44851024996382,2.24314955969064,2.4224962683192
2.44834898205187,2.24314652725627,2.4223549149697
2.4481877740018,2.24293510147249,2.42206045177864
2.44802662576919,2.24273020237265,2.42204965764539
2.44786553730966,2.24266562933445,2.42194958857531
2.44770450857889,2.24253282621502,2.42194025446893
2.44754353953261,2.24251950056715,2.42179729349331
2.44738263012658,2.24238409635731,2.42171108011672
2.44722178031663,2.24218146152924,2.42144183797565
2.44706099005863,2.24217389823137,2.42135672277137
2.44690025930849,2.24194228398922,2.42115162693993
2.4467395880222,2.24178071617268,2.4209610646521
2.44657897615576,2.24158332711125,2.42093052733644
2.44641842366524,2.24144579486667,2.42061053826135
2.44625793050676,2.2408856972488,2.42037630660637
2.44609749663648,2.24051091171259,2.41998137520443
2.44593712201062,2.24049782931805,2.41975390087267
2.44577680658543,2.24030569579978,2.4196986856294
2.44561655031723,2.24025755653381,2.41952669698476
2.44545635316237,2.24024498553285,2.41949527752019
2.44529621507725,2.23979909130357,2.41939633973898
2.44513613601835,2.23957229045296,2.41916038792745
2.44497611594214,2.23953561291245,2.41914429349362
2.44481615480519,2.2394960123123,2.41908823100295
2.4446562525641,2.2391731462956,2.41899861525666
2.44449640917551,2.23897678074392,2.41889864803573
2.44433662459611,2.23889642064641,2.41883833776043
2.44417689878265,2.23878027329293,2.41872342496621
2.44401723169192,2.23857965401735,2.41870503012684
2.44385762328075,2.2385201251573,2.41870379939107
2.44369807350603,2.23842219223495,2.4185085957521
2.44353858232469,2.23829426278048,2.41835552690761
2.44337914969371,2.23820486976062,2.41833335055874
2.44321977557013,2.23796140362268,2.41823798481433
2.443060459911,2.23769991303415,2.41791759569173
2.44290120267346,2.23761966209382,2.41788724715292
2.44274200381468,2.2374997225013,2.41772410250145
2.44258286329186,2.23707745545247,2.41752960323698
2.44242378106228,2.23700281982954,2.41752125038666
2.44226475708324,2.236403894498,2.41750650418226
2.4421057913121,2.23636275002496,2.41747457560167
2.44194688370626,2.23621937678088,2.41735951216656
2.44178803422318,2.23592526581417,2.41720721287611
2.44162924282035,2.23588047887159,2.41708221728131
2.44147050945532,2.23575749896374,2.41689190408444
2.44131183408567,2.23543501209768,2.41685317181628
2.44115321666904,2.2354204665119,2.41659483121181
2.44099465716311,2.2349594446948,2.41649126085311
2.44083615552562,2.23489372122654,2.41644150815817
2.44067771171434,2.2348870241546,2.41642144795267
2.44051932568709,2.23457746835701,2.41632951486418
2.44036099740174,2.23454952590502,2.41631278210109
2.44020272681621,2.23453352582379,2.41628698225646
2.44004451388845,2.23443362704496,2.41610474341915
2.43988635857646,2.23392349086816,2.41588458637877
2.43972826083831,2.23388914550997,2.41539661441382
2.43957022063209,2.23367279675018,2.41501198478575
2.43941223791594,2.23361859302982,2.4149501878947
2.43925431264806,2.23331091894837,2.41492846972845
2.43909644478667,2.23301585923013,2.41465433122328
2.43893863429005,2.23291974699906,2.41447877563266
2.43878088111654,2.23283566161244,2.41445915351161
2.4386231852245,2.23263427311886,2.4142783443141
2.43846554657235,2.23259446741389,2.41423302999486
2.43830796511855,2.23256901494442,2.41398954636283
2.43815044082161,2.23210389052608,2.41393478373374
2.43799297364008,2.23203956067572,2.4138326063438
2.43783556353256,2.23191158632948,2.41362366422684
2.43767821045768,2.23183673177616,2.41357742336212
2.43752091437414,2.23183298650246,2.4131515278866
2.43736367524067,2.23175337913789,2.41301200347745
2.43720649301605,2.23169911954172,2.41290527978884
2.43704936765909,2.23169508236165,2.41261843996289
2.43689229912866,2.23146654077711,2.41238366718374
2.43673528738367,2.23132246212456,2.41235931153131
2.43657833238308,2.23100588896234,2.41229314636781
2.43642143408589,2.23084461902163,2.41200475902882
2.43626459245114,2.23084314128229,2.41198152675916
2.43610780743792,2.23063184344672,2.41168315048001
2.43595107900536,2.23057797552852,2.4116057827677
2.43579440711264,2.2304029630121,2.41113607842334
2.43563779171899,2.22994373468542,2.41100666288677
2.43548123278366,2.22992566251105,2.4107991619057
2.43532473026596,2.22983297550584,2.41076211486386
2.43516828412526,2.22973246694561,2.41059115748623
2.43501189432094,2.22964014808264,2.41042818275335
2.43485556081244,2.22954191156937,2.41027262478417
2.43469928355926,2.22925727090936,2.41016703144279
2.43454306252092,2.22917632746449,2.40960250985462
2.43438689765699,2.22906471225638,2.40952358166639
2.43423078892709,2.22900240355733,2.40939051583435
2.43407473629088,2.229002117641,2.40934032164246
2.43391873970806,2.22892605752838,2.40869761324106
2.43376279913838,2.22879570482569,2.40843142711359
2.43360691454162,2.22876262272582,2.40837360104842
2.43345108587762,2.22875295530136,2.40801713329883
2.43329531310626,2.22868458866557,2.40784199267636
2.43313959618745,2.22848345173687,2.40777636365065
2.43298393508116,2.22847107057378,2.40766582878568
2.43282832974739,2.22837659679538,2.40751097253249
2.43267278014619,2.22825152482032,2.40749548600149
2.43251728623766,2.22819964279015,2.40740982153862
2.43236184798192,2.22804802370292,2.40727305818364
2.43220646533915,2.22788425094761,2.40721140318161
2.43205113826957,2.22777978729881,2.40714584848606
2.43189586673345,2.22724311859571,2.40689500251434
2.43174065069109,2.22714206193809,2.406887562119
2.43158549010284,2.2270971187971,2.40649058481376
2.43143038492908,2.22703272842135,2.40647997644003
2.43127533513025,2.22668516308946,2.40625201304056
2.43112034066683,2.22631710926512,2.40595349082551
2.43096540149933,2.22615416809587,2.4057923181048
2.43081051758831,2.22598812049288,2.40575420836953
2.43065568889436,2.22593643749795,2.40561609595775
2.43050091537815,2.22591424577863,2.40520672752669
2.43034619700035,2.22552694339378,2.40498228298312
2.43019153372168,2.22548630532514,2.40488736775331
2.43003692550292,2.22543598657377,2.40471249927881
2.42988237230488,2.22530466048432,2.40466862530655
2.42972787408842,2.225045416176,2.40460649798382
2.42957343081442,2.22503534729844,2.404602244594
2.42941904244383,2.22496901907785,2.40459553407549
2.42926470893762,2.224928606233,2.40445216028387
2.42911043025681,2.22481759991525,2.40445116246621
2.42895620636247,2.22462071400832,2.4043224347296
2.4288020372157,2.22458786683814,2.40423193242571
2.42864792277763,2.22456737115806,2.4041572259761
2.42849386300947,2.22454275142686,2.40397271513478
2.42833985787243,2.2244271425533,2.40382260984236
2.42818590732778,2.22431436336853,2.40368473841968
2.42803201133683,2.22411585882999,2.40328136386835
2.42787816986094,2.22408647101956,2.40321555369153
2.42772438286149,2.22392573614082,2.4032026667308
2.42757065029992,2.223845922166,2.40266869006195
2.4274169721377,2.22364936706716,2.40261575766381
2.42726334833635,2.22359172193682,2.40203085452903
2.42710977885741,2.22358253790093,2.40197336330128
2.42695626366249,2.22356679463897,2.40195827338699
2.42680280271323,2.22347320540499,2.4019181754835
2.42664939597129,2.22323987763911,2.40188039105695
2.42649604339841,2.22316256531617,2.40187937969779
2.42634274495633,2.2229186899539,2.4015954289474
2.42618950060685,2.22291777937034,2.40121312477467
2.42603631031182,2.22283596734012,2.40110824666728
2.42588317403312,2.22272816327088,2.40102437712227
2.42573009173266,2.22270236550896,2.40099893590005
2.42557706337241,2.22257317546756,2.40097720301187
2.42542408891436,2.22256594435373,2.40083449676314
2.42527116832056,2.22226944606446,2.40036237807592
2.42511830155309,2.22224641579325,2.39966216847851
2.42496548857407,2.22205121633968,2.39966125558264
2.42481272934565,2.2220017407588,2.39939334154931
2.42466002383005,2.22187101267122,2.39914780384095
2.4245073719895,2.22165527334138,2.3991435414696
2.42435477378627,2.22162979603932,2.39904996848195
2.4242022291827,2.22133002693155,2.39896067516183
2.42404973814114,2.221291181058,2.3988679477218
2.42389730062399,2.22075983557185,2.39872741180239
2.42374491659369,2.22059257315389,2.39872327395118
2.42359258601272,2.2205684553198,2.39867904579094
2.42344030884359,2.22054867153768,2.39861374288382
2.42328808504886,2.21989613109668,2.39852866720351
2.42313591459114,2.21946237879933,2.39801031106807
2.42298379743305,2.21928917496865,2.39787692885
2.42283173353727,2.21906268281786,2.39762783346339
2.42267972286652,2.21887629597976,2.39757883431544
2.42252776538355,2.21879315456189,2.39752668462212
2.42237586105115,2.21806173983747,2.39738720817638
2.42222400983215,2.21783292293122,2.39734494091674
2.42207221168943,2.21760551241665,2.39708973139084
2.4219204665859,2.21747168567707,2.39706733383471
2.42176877448449,2.21734002225902,2.39675534068199
2.42161713534821,2.21723111757115,2.39669100088583
2.42146554914007,2.21720948801854,2.39653581701839
2.42131401582315,2.2171214008723,2.39641167900466
2.42116253536054,2.21688468909598,2.3963646022666
2.42101110771538,2.21679499426031,2.3962818936517
2.42085973285086,2.21624726222175,2.39617177047252
2.4207084107302,2.21618686465425,2.3960371257197
2.42055714131666,2.21613246908076,2.39583442889227
2.42040592457352,2.21611092455825,2.39577488719681
2.42025476046412,2.21590623308205,2.39575072930398
2.42010364895185,2.21586717795054,2.39562993821938
2.4199525900001,2.21581665862144,2.39541672945806
2.41980158357232,2.21572281761448,2.39502717212602
2.41965062963201,2.21528682491358,2.3949229572373
2.41949972814269,2.21509218137892,2.39490117843924
2.41934887906792,2.21492633914719,2.39489400276386
2.4191980823713,2.21491797702963,2.39468456196532
2.41904733801647,2.21489076017165,2.39454363663341
2.4188966459671,2.21468833672919,2.39447987063302
2.41874600618692,2.2144991257635,2.39444760365455
2.41859541863968,2.2144642242814,2.39442326219367
2.41844488328916,2.21430135261023,2.39433423059754
2.41829440009919,2.21421293971246,2.39394861808862
2.41814396903364,2.21415200354784,2.39367733221326
2.41799359005641,2.21411639896804,2.39351745981939
2.41784326313144,2.21406728512071,2.39274208591411
2.41769298822271,2.21405137927779,2.39244908659174
2.41754276529423,2.21373536561655,2.39181637618631
2.41739259431005,2.21365027679816,2.39157010768945
2.41724247523427,2.21353130686227,2.39156841771874
2.41709240803102,2.2134853812515,2.39139149936929
2.41694239266445,2.212856008923,2.39118783939303
2.41679242909876,2.21246569618844,2.39111060930979
2.41664251729821,2.21240819555319,2.39095776305035
2.41649265722705,2.21238247313149,2.39078225551027
2.41634284884961,2.21231924222133,2.39060132469006
2.41619309213023,2.21214650653425,2.39050229989268
2.41604338703329,2.21209833849742,2.39026015312737
2.41589373352323,2.21184379681871,2.39021812667467
2.4157441315645,2.21182730420789,2.3901724536647
2.41559458112159,2.21176960320862,2.39004252829759
2.41544508215905,2.21176918539347,2.38991702153477
2.41529563464143,2.21176585542927,2.38987717660883
2.41514623853335,2.21164237051125,2.38982608821272
2.41499689379945,2.21126775252478,2.38955211556474
2.41484760040441,2.21123981686019,2.38921186898271
2.41469835831294,2.2112236574482,2.38895397931545
2.4145491674898,2.21110692827171,2.38864975656454
2.41440002789977,2.21103577293957,2.38864063924077
2.41425093950767,2.2108783610898,2.38846685581007
2.41410190227838,2.21080308553657,2.38846477377261
2.41395291617678,2.21074295387726,2.38840968647759
2.41380398116781,2.21064432693935,2.38828300091879
2.41365509721643,2.2106262626144,2.388209995285
2.41350626428766,2.21024067876544,2.38814854077814
2.41335748234653,2.2097157255478,2.38784981541789
2.41320875135813,2.20966838765838,2.38780657200105
2.41306007128755,2.20913910225909,2.3875735406085
2.41291144209996,2.20897522342342,2.3874165216905
2.41276286376054,2.2087290930819,2.38722481652213
2.4126143362345,2.20864044797042,2.38713535698676
2.4124658594871,2.20846367436161,2.38711794789013
2.41231743348364,2.20838088465103,2.38703948032376
2.41216905818944,2.20831486012019,2.38700377242258
2.41202073356986,2.20818748771203,2.38690940191717
2.41187245959031,2.20713574612385,2.38671078292304
2.4117242362162,2.20708808557478,2.38663823817896
2.41157606341302,2.20705420376874,2.38614532021554
2.41142794114627,2.20700244046258,2.38609122169692
2.41127986938149,2.2069809747449,2.38599127682844
2.41113184808425,2.20687041317556,2.38598218378297
2.41098387722016,2.20678994796736,2.38596826228636
2.41083595675486,2.20672783623885,2.38575345276476
2.41068808665405,2.20641701578371,2.38567083661521
2.41054026688342,2.20640581445342,2.38542695422484
2.41039249740874,2.20633494352845,2.38541425265488
2.41024477819578,2.20617753119796,2.3853338727274
2.41009710921038,2.20611662737813,2.3849197024759
2.40994949041837,2.20602404756883,2.38485409829179
2.40980192178565,2.20597460982832,2.3845679054604
2.40965440327815,2.20595382400024,2.3845187883428
2.40950693486183,2.20561244837273,2.38440476650559
2.40935951650267,2.20557757755533,2.38439297955755
2.40921214816671,2.2054658777426,2.38409482868261
2.40906482982002,2.20534438723341,2.38403015364281
2.40891756142867,2.20480924213004,2.38394905900198
2.40877034295882,2.20469799952712,2.38389119485004
2.40862317437663,2.20456598570881,2.38383834310677
2.40847605564829,2.2045178872709,2.38380994750081
2.40832898674004,2.20444519861002,2.38376007261677
2.40818196761816,2.20435093159105,2.38352559211639
2.40803499824893,2.20405654244731,2.38330884446231
2.40788807859872,2.20397565077818,2.38307550819274
2.40774120863387,2.20389939897859,2.38304105263012
2.40759438832081,2.20355710606556,2.3829805498056
2.40744761762597,2.20349428654997,2.38284994854713
2.40730089651582,2.20347215072696,2.38258524852624
2.40715422495688,2.20333361445116,2.38238778799555
2.40700760291568,2.20333002864694,2.38233410373441
2.4068610303588,2.20319932833278,2.38224656001876
2.40671450725286,2.20304377469254,2.38224367296514
2.40656803356449,2.20303954439291,2.38202277950636
2.40642160926037,2.20299168095613,2.38168321170189
2.40627523430721,2.20284604914811,2.38133812871888
2.40612890867176,2.20238738962553,2.3812845275412
2.4059826323208,2.20208436683685,2.38054834733687
2.40583640522113,2.20203030447303,2.38045837425195
2.40569022733961,2.20177205421678,2.38044837230012
2.40554409864311,2.2015913260517,2.38017288910273
2.40539801909854,2.20133739784494,2.37998305693753
2.40525198867286,2.20118936980055,2.37982674704324
2.40510600733303,2.20114669772881,2.3797689012318
2.40496007504607,2.20113627868993,2.37964877164856
2.40481419177903,2.20113488988723,2.3794936857971
2.40466835749898,2.20105822817649,2.37934656330356
2.40452257217304,2.20071661962697,2.37895208943781
2.40437683576834,2.20068413634272,2.37893345569563
2.40423114825208,2.20065765669932,2.37866394643267
2.40408550959146,2.20061435681911,2.37866000556558
2.40393991975372,2.20059706233021,2.37827643114242
2.40379437870615,2.20055949393732,2.3781808651329
2.40364888641604,2.20021396930045,2.37794529651636
2.40350344285075,2.20017386482329,2.37786042404654
2.40335804797765,2.20007060379902,2.3777518192724
2.40321270176414,2.19987004628218,2.37753251082784
2.40306740417767,2.19978142272625,2.37729905931101
2.40292215518571,2.19875989692007,2.37716575647253
2.40277695475578,2.19864665608079,2.37708716416931
2.40263180285539,2.19857741132635,2.37707933513275
2.40248669945214,2.1985637053097,2.37704312155425
2.40234164451361,2.19849874931264,2.37693047076377
2.40219663800746,2.1984877079679,2.37685393362987
2.40205167990134,2.19819133795766,2.37682533479811
2.40190677016295,2.1981746283684,2.37677699990073
2.40176190876004,2.19804526171481,2.37654630107347
2.40161709566037,2.19800913821255,2.37622031635641
2.40147233083173,2.19798944336769,2.37618270878664
2.40132761424195,2.19786755449765,2.37574073953529
2.4011829458589,2.1978441960726,2.37572419524599
2.40103832565047,2.19774030789785,2.37565618755781
2.40089375358458,2.19763898686294,2.37562508878481
2.40074922962921,2.19747638163843,2.37553176642251
2.40060475375232,2.19739370880135,2.37550532138094
2.40046032592196,2.19723918891671,2.37544827269689
2.40031594610617,2.19708003143309,2.37510994014209
2.40017161427303,2.19691707142167,2.37499770915961
2.40002733039067,2.19684069585076,2.37442954913559
2.39988309442724,2.19645914735875,2.37418887554979
2.39973890635092,2.19640517221167,2.37407555368483
2.39959476612991,2.19626811416643,2.37405432872631
2.39945067373247,2.19592797903895,2.37397116889832
2.39930662912687,2.19546530658255,2.37397098388849
2.39916263228142,2.19544517169722,2.37392940740773
2.39901868316445,2.19530595947237,2.37354623092695
2.39887478174435,2.19522481026383,2.37325983552016
2.3987309279895,2.19510458245327,2.37294253130405
2.39858712186836,2.1951019908868,2.37271819290747
2.39844336334937,2.19495787326175,2.37269656081015
2.39829965240103,2.19464277113164,2.37263114478132
2.39815598899188,2.19459989581002,2.37262299502156
2.39801237309047,2.19454237259557,2.37241350062718
2.39786880466539,2.19438842001518,2.37237891044035
2.39772528368527,2.19427590914918,2.37207518236089
2.39758181011875,2.19419476026034,2.37199710429851
2.39743838393452,2.19372665111037,2.37174586442752
2.39729500510129,2.19357164815738,2.3716008853412
2.39715167358781,2.19354825627431,2.3712762958181
2.39700838936286,2.19334636062654,2.37120097136543
2.39686515239523,2.19331003955444,2.37119537912597
2.39672196265377,2.19314627343041,2.3711937097649
2.39657882010735,2.1930316732492,2.37117854002839
2.39643572472487,2.19295771542622,2.37111662501066
2.39629267647526,2.19280388790556,2.37095665820119
2.39614967532747,2.19271603568777,2.37050782928836
2.39600672125051,2.19271536544619,2.37043337768958
2.39586381421338,2.19270877186744,2.37035812493954
2.39572095418515,2.19252795541282,2.37035802405763
2.3955781411349,2.19235242287469,2.37034227426173
2.39543537503174,2.19233734089781,2.37013424064
2.39529265584481,2.19233475168287,2.36992186586073
2.3951499835433,2.19231810783339,2.36974773275296
2.3950073580964,2.19218272896793,2.3697411094665
2.39486477947335,2.19210460528247,2.36927190540117
2.39472224764342,2.19194440389549,2.3691516403496
2.3945797625759,2.19178016062341,2.36914847639184
2.39443732424012,2.19158013626192,2.36903849348087
2.39429493260543,2.19156503602106,2.36879039375049
2.39415258764123,2.19156429093879,2.36847902705895
2.39401028931692,2.19130173644778,2.3683274265347
2.39386803760196,2.19108520005386,2.3679867226327
2.39372583246581,2.19101994951949,2.36725352730231
2.393583673878,2.19081736552857,2.36721960301361
2.39344156180804,2.19078727223702,2.36720707682303
2.39329949622552,2.19078511481506,2.36719295610104
2.39315747710002,2.1906771730581,2.36707055562226
2.39301550440117,2.19063978862814,2.36702189430744
2.39287357809863,2.19042214305514,2.36700024987886
2.39273169816209,2.19042164432192,2.36675509674879
2.39258986456125,2.19041031089641,2.36668017817772
2.39244807726587,2.19026442357217,2.36653681803202
2.39230633624571,2.19005288456672,2.36645148938115
2.39216464147059,2.18995468988079,2.36618605085218
2.39202299291033,2.18918555767613,2.36616406268293
2.3918813905348,2.1891633302907,2.36602905752441
2.39173983431389,2.18910578148758,2.3658512440399
2.39159832421752,2.18896948041502,2.36573566938208
2.39145686021565,2.18880376179575,2.36558126428658
2.39131544227826,2.18876646668401,2.36542437022812
2.39117407037535,2.18869738805942,2.36533410485444
2.39103274447696,2.18861156828372,2.36528498227973
2.39089146455317,2.18858690801945,2.36522504790528
2.39075023057407,2.18851184958276,2.36510746039018
2.39060904250979,2.18848052777742,2.36504817555539
2.39046790033049,2.18845042812334,2.36504673057302
2.39032680400634,2.18812994088909,2.36501177802853
2.39018575350757,2.18807690998401,2.3647807980572
2.39004474880441,2.18797387425836,2.36473244931242
2.38990378986715,2.1878177955221,2.36468303989384
2.38976287666607,2.18765898734058,2.36464056033682
2.38962200917152,2.18731191241433,2.36427871660221
2.38948118735384,2.18728013750849,2.36427414288031
2.38934041118344,2.18723149510194,2.36424813340364
2.38919968063071,2.18704091478073,2.3640754375587
2.38905899566612,2.18694471266331,2.36391601364031
2.38891835626013,2.1867835662778,2.3638544196504
2.38877776238324,2.18672602815864,2.3636967248695
2.388637214006,2.1865825365705,2.3635674294803
2.38849671109895,2.18656205820422,2.36356190194414
2.38835625363268,2.18653880485414,2.3634895412051
2.38821584157782,2.18634943031562,2.36339225676949
2.38807547490501,2.18617275361795,2.36316353741909
2.38793515358492,2.18609134118881,2.36300478192141
2.38779487758825,2.18604051042752,2.3628598797168
2.38765464688574,2.18593374119746,2.36260612339948
2.38751446144814,2.18588349209906,2.36245005176576
2.38737432124625,2.18584064926235,2.36240160151553
2.38723422625087,2.18568949243337,2.36205092581731
2.38709417643286,2.18565468514504,2.36183457068559
2.38695417176307,2.18562077472109,2.36176466361062
2.38681421221242,2.18546272732921,2.36174646617228
2.38667429775184,2.18535177810718,2.36155878461528
2.38653442835227,2.1853257933477,2.36155203729964
2.38639460398471,2.18500785228711,2.36151445654847
2.38625482462016,2.18500645992402,2.36126048659429
2.38611509022967,2.18486435237188,2.36111682714396
2.3859754007843,2.18477564210011,2.36107255544672
2.38583575625515,2.18475195099234,2.36098421758983
2.38569615661335,2.18470117405231,2.36082080463021
2.38555660183005,2.18464439978875,2.36082044761289
2.38541709187642,2.18450447864249,2.36056083760644
2.38527762672368,2.18432300692443,2.36037817464793
2.38513820634306,2.18430244805519,2.36024675042557
2.38499883070582,2.18383800228308,2.36017364461595
2.38485949978326,2.18377589570352,2.36016772649704
2.38472021354669,2.18366856476364,2.3600949349164
2.38458097196746,2.18342450968768,2.35982375351374
2.38444177501694,2.18327421898481,2.35946820935133
2.38430262266653,2.18284038159116,2.35942849556306
2.38416351488767,2.18264523498262,2.3593306176246
2.3840244516518,2.18262976381032,2.35927830720317
2.38388543293041,2.18259192672399,2.3592589641702
2.38374645869502,2.1824443936902,2.35922072334689
2.38360752891715,2.18241546743042,2.35914739982694
2.38346864356838,2.18219588421919,2.35911995072542
2.3833298026203,2.18204282086048,2.358885393349
2.38319100604453,2.18199898316678,2.3587116650286
2.38305225381271,2.18190425113241,2.3586806056099
2.38291354589651,2.18186557167698,2.35867259042662
2.38277488226765,2.18179337842292,2.35849483932454
2.38263626289785,2.18128678013857,2.35848464258214
2.38249768775886,2.18127536791622,2.35841970126541
2.38235915682247,2.18119302669577,2.35837982395616
2.38222067006049,2.18115936860931,2.35836915781805
2.38208222744475,2.18113258571983,2.35836162032691
2.38194382894711,2.18110027794954,2.35822303713176
2.38180547453947,2.18094498074194,2.35797727547249
2.38166716419375,2.18029946887448,2.3575274818869
2.38152889788188,2.18028138810978,2.35722853183486
2.38139067557585,2.18026287938266,2.35714798222671
2.38125249724763,2.18017749407558,2.35692029062715
2.38111436286927,2.18016016356244,2.35687901546187
2.38097627241282,2.17993865094042,2.35678493379136
2.38083822585034,2.17967247594591,2.35678320360291
2.38070022315394,2.17950953601819,2.35669398923261
2.38056226429576,2.17930335823708,2.35661371819765
2.38042434924795,2.1791974041075,2.3565518783171
2.3802864779827,2.17888947536809,2.3565090406877
2.38014865047221,2.17881955315762,2.35626756745717
2.38001086668872,2.17881672167023,2.35619305862507
2.3798731266045,2.17880407876752,2.35611222035943
2.37973543019184,2.17878985941854,2.35586206932108
2.37959777742305,2.17838919132386,2.35573411312609
2.37946016827047,2.17833140485039,2.35537788558295
2.37932260270647,2.1782974141821,2.35528940485642
2.37918508070345,2.17822103897384,2.35525431099709
2.37904760223383,2.17819093258381,2.35506081364066
2.37891016727006,2.17818905086023,2.35495067438388
2.3787727757846,2.17795973591643,2.35475525918206
2.37863542774997,2.17795297641447,2.35468725707884
2.37849812313867,2.17794277192177,2.35464560271457
2.37836086192328,2.17790166969674,2.35459714795149
2.37822364407635,2.17780541042219,2.3545622181584
2.3780864695705,2.17753371332294,2.35412307103296
2.37794933837836,2.17751154343313,2.3540414246998
2.37781225047258,2.17732843898625,2.35395181051787
2.37767520582585,2.17718031447761,2.35386390253794
2.37753820441086,2.17707555023245,2.35385369831834
2.37740124620036,2.17661145630794,2.35383149998413
2.3772643311671,2.17661083956055,2.35376437992627
2.37712745928387,2.17655775361298,2.3537609285616
2.37699063052347,2.17654502192245,2.35361901174158
2.37685384485875,2.17625480907666,2.35345394584223
2.37671710226256,2.17623140578727,2.35307870466238
2.37658040270779,2.17579710977506,2.35302048835743
2.37644374616736,2.17569673912615,2.35254371817676
2.37630713261421,2.17567093371605,2.35217071344466
2.37617056202129,2.1755557563884,2.35191820677838
2.3760340343616,2.17551548813475,2.3518012453987
2.37589754960815,2.17538596833659,2.35147980150954
2.37576110773398,2.17529812917017,2.35129473026423
2.37562470871216,2.1751861214637,2.35114722860499
2.37548835251578,2.17502376906163,2.35096841658772
2.37535203911796,2.17466533130783,2.35085131815395
2.37521576849183,2.17465510949072,2.35084066159782
2.37507954061057,2.17461941586615,2.35068891895596
2.37494335544736,2.17455610674791,2.35066016568409
2.37480721297543,2.17453662280552,2.35026577864244
2.37467111316802,2.17450293698077,2.34954273247299
2.37453505599839,2.17450258490612,2.34947849624152
2.37439904143984,2.1744833200328,2.34940108286265
2.37426306946568,2.17422790697607,2.34926238128157
2.37412714004927,2.17394644441711,2.34887765647064
2.37399125316396,2.1738097956532,2.3488257860649
2.37385540878315,2.17348138562456,2.34864991149738
2.37371960688026,2.17339073161525,2.34847597420824
2.37358384742873,2.17328053839442,2.34835992291085
2.37344813040203,2.17305525376899,2.34826954111404
2.37331245577365,2.17279864157904,2.34810300985884
2.37317682351712,2.17272901999305,2.34796924626382
2.37304123360596,2.17263421780641,2.34783506172442
2.37290568601375,2.17262907764796,2.34770398346338
2.37277018071409,2.17251706114737,2.34759260838968
2.37263471768058,2.17240431581071,2.34746927889535
2.37249929688687,2.17226641276384,2.34739790752422
2.37236391830663,2.17222640018938,2.34736516348153
2.37222858191354,2.17208376424572,2.3472804407986
2.37209328768133,2.17205858352825,2.34721760058119
2.37195803558372,2.1716199463052,2.34702255841719
2.37182282559449,2.17147724646474,2.34688508532828
2.37168765768742,2.17147214181774,2.34677613297157
2.37155253183633,2.17131701055702,2.3465440824026
2.37141744801505,2.17124821010992,2.34652107410683
2.37128240619745,2.17119737142377,2.34644331077282
2.37114740635742,2.17112720133329,2.345899021887
2.37101244846885,2.17111134649762,2.34589164640022
2.3708775325057,2.17107894210993,2.3458506117856
2.37074265844191,2.17098119654578,2.34583886978405
2.37060782625148,2.1709044115182,2.34570728398374
2.3704730359084,2.17085671429764,2.34568080798708
2.37033828738672,2.17081284453783,2.34552744378585
2.37020358066048,2.17051069470928,2.3454923460128
2.37006891570377,2.17044178401956,2.34541620893412
2.3699342924907,2.17034940406987,2.34535769238316
2.36979971099538,2.17013324852324,2.34534395475679
2.36966517119198,2.17012630517822,2.34511825122564
2.36953067305467,2.17009871366793,2.34511312269578
2.36939621655765,2.17004501236328,2.34498632710955
2.36926180167515,2.16999433350715,2.34486392791882
2.36912742838141,2.16995307277162,2.34484253110235
2.36899309665071,2.16932492248854,2.34480506753915
2.36885880645733,2.16917910317938,2.34466355114813
2.36872455777561,2.16904211251854,2.34461850610726
2.36859035057989,2.16900904849402,2.34457284082432
2.36845618484453,2.16896533625631,2.34423919930558
2.36832206054393,2.16895580809989,2.34423594227802
2.3681879776525,2.16884269594016,2.3440180930111
2.36805393614467,2.16877747595331,2.34392631636757
2.36791993599492,2.16876664972944,2.34389990002273
2.36778597717772,2.16873492208309,2.34361820129893
2.36765205966759,2.16869419748435,2.34357161832297
2.36751818343907,2.16865508167924,2.34280369701957
2.3673843484667,2.16864083299251,2.3424237735102
2.36725055472507,2.16853540225234,2.34241329616577
2.36711680218878,2.168318412303,2.34228111299288
2.36698309083245,2.16804463898634,2.34209325210614
2.36684942063075,2.16796864304901,2.34207401176269
2.36671579155834,2.16779470559785,2.34190732744945
2.36658220358992,2.16761642345405,2.34168748145464
2.36644865670022,2.16756485562846,2.3415979852708
2.36631515086397,2.16740655566303,2.3413847335788
2.36618168605594,2.16730834619932,2.34137172432628
2.36604826225093,2.16719375738969,2.34133301394631
2.36591487942374,2.16692602921073,2.34114257960247
2.36578153754922,2.16670856233078,2.34082888126365
2.36564823660222,2.16658483171464,2.3407220997842
2.36551497655763,2.16611020778051,2.34070235508921
2.36538175739036,2.1660430028358,2.34064139073569
2.36524857907533,2.16602157138563,2.34060824511467
2.3651154415875,2.16601629816835,2.34057892584811
2.36498234490185,2.16594297065833,2.34051220203042
2.36484928899336,2.16562459580428,2.34040335069722
2.36471627383707,2.16548086061446,2.34037091560472
2.36458329940801,2.16543579980959,2.34033055943555
2.36445036568126,2.16531513973553,2.34024850497008
2.3643174726319,2.16526849477622,2.34002184618929
2.36418462023506,2.16490377341648,2.33999531879589
2.36405180846586,2.16479113498732,2.33995150448789
2.36391903729946,2.16478667049916,2.33983273252138
2.36378630671105,2.16472082231046,2.3397494629399
2.36365361667583,2.1646829129336,2.3396975071292
2.36352096716902,2.16455016350834,2.33959180669467
2.36338835816588,2.16430266886716,2.33943792820406
2.36325578964168,2.16423984477341,2.33937014319634
2.36312326157172,2.16416540418639,2.33930086301403
2.36299077393131,2.16406624421307,2.33921546297757
2.36285832669579,2.16382932313659,2.33917655618781
2.36272591984052,2.16347838758488,2.33900896039797
2.3625935533409,2.16338283592108,2.33899235255672
2.36246122717232,2.16328004636145,2.33897820121062
2.36232894131023,2.16310893824516,2.33885182141284
2.36219669573006,2.16308275225381,2.3386337514746
2.36206449040731,2.16295275790823,2.33857512826561
2.36193232531745,2.16293972478173,2.33844127727086
2.36180020043603,2.16290915649962,2.3384106113446
2.36166811573857,2.16287859521231,2.33834823096109
2.36153607120064,2.16283170784777,2.33832874204478
2.36140406679783,2.16281674578643,2.33804749202419
2.36127210250574,2.16281671036906,2.33794733917175
2.36114017830002,2.16256694953626,2.33794485898175
2.36100829415631,2.16253439206644,2.33791577931084
2.36087645005029,2.16249290963842,2.33791365367474
2.36074464595765,2.16232397949603,2.33702452541196
2.36061288185412,2.16229137013785,2.33685732488416
2.36048115771544,2.1622635853405,2.33677650497331
2.36034947351737,2.16213196478963,2.33627792388425
2.3602178292357,2.16207871210997,2.33612582554484
2.36008622484624,2.16205902156513,2.33597623744122
2.35995466032481,2.16202848716082,2.33593698848196
2.35982313564728,2.16163440429397,2.3357712362938
2.3596916507895,2.1616287733755,2.33570908942383
2.35956020572739,2.16140616378579,2.33566727230108
2.35942880043686,2.16140335150746,2.33556820050248
2.35929743489384,2.16132260240258,2.33521919510163
2.3591661090743,2.16108889541995,2.33464994967042
2.35903482295423,2.1610545260402,2.33454279043613
2.35890357650962,2.16099108349223,2.33433354411623
2.3587723697165,2.16095166149899,2.33405546240775
2.35864120255093,2.16087174938623,2.33393676984443
2.35851007498898,2.1608716445718,2.33362907355194
2.35837898700672,2.16079098903471,2.33360446457162
2.35824793858029,2.16070762567423,2.33358682159976
2.35811692968581,2.16069778513263,2.33349035017355
2.35798596029945,2.16062884347847,2.33347913075528
2.35785503039737,2.16062219147456,2.33292575234041
2.35772413995578,2.16056508769154,2.33236124671006
2.3575932889509,2.16049466584652,2.33219913744423
2.35746247735898,2.16036881977728,2.33217049943168
2.35733170515627,2.16018921604645,2.33201416990259
2.35720097231907,2.16015296636778,2.33192389642847
2.35707027882368,2.16005528480473,2.33180646512141
2.35693962464643,2.16002517597385,2.33166217899342
2.35680900976367,2.16001635079614,2.33124737178004
2.35667843415177,2.15999183450625,2.33117261093485
2.35654789778713,2.15991249172914,2.3310513297968
2.35641740064615,2.15977866650691,2.33101818250259
2.35628694270528,2.15973873699247,2.33098144829243
2.35615652394096,2.15971625850007,2.33081693800872
2.35602614432969,2.15966508842744,2.33066777302277
2.35589580384794,2.15934034881146,2.33050412687042
2.35576550247226,2.15917646918056,2.33037426481624
2.35563524017917,2.15906837527374,2.33022659712542
2.35550501694524,2.15904782928024,2.3301092413433
2.35537483274705,2.15898270487627,2.33007687176441
2.35524468756121,2.15893657887789,2.33000721031521
2.35511458136434,2.15881701567837,2.32963953393343
2.35498451413309,2.15875766465602,2.3296372764469
2.35485448584412,2.1585824087473,2.32955560602997
2.35472449647413,2.15851572606095,2.32949144737909
2.35459454599982,2.15850781647671,2.3293556182572
2.35446463439792,2.15845082499749,2.32896895568681
2.35433476164519,2.15837174242478,2.32893312699952
2.35420492771839,2.15836516200232,2.32892171077862
2.35407513259432,2.158263248828,2.32881530930614
2.35394537624979,2.15816615508578,2.32870862976644
2.35381565866164,2.15815079178433,2.32868653209358
2.35368597980672,2.1579821245564,2.32865403593463
2.35355633966191,2.15789023667766,2.32844671172044
2.3534267382041,2.15768631023355,2.32836279336996
2.3532971754102,2.15760924745658,2.32813694116868
2.35316765125717,2.15755233023977,2.32795702887403
2.35303816572195,2.15751221064572,2.32784709040733
2.35290871878153,2.15745115357936,2.32775079473687
2.3527793104129,2.1574352753113,2.3275616839729
2.35264994059309,2.1573566395679,2.327536936203
2.35252060929913,2.15720761750918,2.32726857011773
2.35239131650809,2.15720456796465,2.32708229539307
2.35226206219704,2.15717806290285,2.32694331180195
2.3521328463431,2.15701204690524,2.32660637358812
2.35200366892338,2.15686118441692,2.32651028541557
2.35187452991502,2.15670480055275,2.3264390152689
2.35174542929519,2.15648059468318,2.32615085101535
2.35161636704108,2.15647546429306,2.32605854656369
2.35148734312988,2.15632131304743,2.32580852537565
2.35135835753882,2.1558480547026,2.32564698112182
2.35122941024514,2.15570857317598,2.32544390864926
2.35110050122612,2.15562407364156,2.32514150074605
2.35097163045903,2.15560449004945,2.32503389622555
2.35084279792118,2.15558913487517,2.32479577840409
2.3507140035899,2.15554726627945,2.32473730390785
2.35058524744253,2.15545866528517,2.32472250055141
2.35045652945643,2.15533866498494,2.32464223744177
2.350327849609,2.15533803359834,2.32458343824663
2.35019920787764,2.15530073361411,2.3245635254494
2.35007060423977,2.15503666487156,2.32450166644467
2.34994203867285,2.15492284322257,2.32437205052613
2.34981351115433,2.15486531866091,2.32426671350679
2.3496850216617,2.15440190113866,2.32424046640822
2.34955657017248,2.15433758087468,2.32394279023683
2.34942815666418,2.15420720576925,2.3239030538457
2.34929978111435,2.15412756285324,2.32336376792086
2.34917144350056,2.1541049738076,2.32319619490185
2.3490431438004,2.15402648772315,2.32297528203261
2.34891488199146,2.15398149027865,2.32286702197049
2.34878665805138,2.15387656676343,2.32283877057026
2.3486584719578,2.15386976445967,2.32273901277152
2.34853032368838,2.1535459764771,2.32261400553409
2.34840221322081,2.1534166561378,2.32260684455946
2.3482741405328,2.15308331437356,2.3222921025713
2.34814610560207,2.15297975264385,2.32216416263746
2.34801810840636,2.15273067137366,2.32207620607431
2.34789014892343,2.15271604399015,2.32169023367029
2.34776222713108,2.15261433194373,2.32167010574761
2.34763434300709,2.15253251610226,2.32155999271647
2.34750649652931,2.15252353337421,2.32149366886709
2.34737868767556,2.15215317356229,2.3213729069272
2.34725091642371,2.15212908155233,2.32121957763799
2.34712318275164,2.15205059385644,2.32115887997927
2.34699548663725,2.15191562056732,2.32094664943381
2.34686782805847,2.15190205600536,2.32089265725521
2.34674020699322,2.15187746161436,2.32080833059509
2.34661262341948,2.15176564779501,2.32080594778432
2.34648507731521,2.1517164111113,2.32072619894619
2.34635756865842,2.15164954540746,2.32041813731485
2.34623009742713,2.15164653253189,2.32022838799317
2.34610266359937,2.15151491573386,2.32010782825896
2.34597526715319,2.15119603657797,2.31999586818982
2.34584790806667,2.15102690086254,2.31979484313366
2.34572058631792,2.15079467786718,2.3194383573176
2.34559330188503,2.15073837254951,2.31932725503509
2.34546605474614,2.15055649458962,2.31932253698993
2.34533884487942,2.15041566652866,2.31918922738579
2.34521167226302,2.15015468444553,2.31906693663873
2.34508453687513,2.15008960432874,2.31888862186677
2.34495743869398,2.14993942324749,2.31887759470866
2.34483037769778,2.14982645871249,2.31864215707374
2.34470335386479,2.14982587107325,2.31862571170384
2.34457636717327,2.1498241069726,2.31794452252257
2.34444941760151,2.14981619695036,2.31792207047363
2.34432250512781,2.14973800117961,2.31735733969792
2.3441956297305,2.14973417612443,2.3173453672812
2.34406879138792,2.14957634990718,2.31734361021631
2.34394199007844,2.14916185526973,2.31730132489433
2.34381522578043,2.14908825228475,2.31720845371177
2.34368849847229,2.14894575148748,2.31718233032979
2.34356180813245,2.14878846171954,2.31709528423227
2.34343515473934,2.1486989612077,2.31703230603042
2.34330853827141,2.14863175279709,2.31681006933956
2.34318195870715,2.14860561566583,2.316458626608
2.34305541602505,2.14841553072528,2.31627131908895
2.34292891020362,2.14819999429598,2.31621408189337
2.34280244122139,2.14819674673974,2.31616066657962
2.34267600905691,2.14813964339026,2.31602720952737
2.34254961368876,2.14812351500769,2.31599724999459
2.34242325509552,2.14810763266898,2.31599648110471
2.3422969332558,2.14807127378399,2.3159361768664
2.34217064814822,2.14794824782935,2.31588782075749
2.34204439975143,2.14793973420952,2.31567177273775
2.34191818804409,2.14778430195582,2.31550265695682
2.34179201300488,2.14778346198772,2.31545987405235
2.3416658746125,2.14778010041426,2.31542388120425
2.34153977284567,2.14772786684443,2.3153352707103
2.34141370768313,2.14761851683679,2.31530841406173
2.34128767910363,2.14740683721812,2.31529657067723
2.34116168708595,2.14740403869943,2.31515804050433
2.34103573160888,2.14730931333738,2.31515589794867
2.34090981265123,2.14717249366042,2.31493531499538
2.34078393019182,2.1470929901811,2.31485470611845
2.34065808420952,2.14699403633462,2.31484000590757
2.34053227468317,2.14677844737173,2.31449957547505
2.34040650159168,2.14670014164404,2.31432331523854
2.34028076491393,2.1466648165481,2.31414249852582
2.34015506462885,2.14656713550323,2.31413501769474
2.34002940071539,2.14644710111701,2.31378897411968
2.33990377315249,2.14625510527229,2.31378743721255
2.33977818191914,2.14609092717369,2.31368877134217
2.33965262699433,2.14595812730116,2.31365722913314
2.33952710835707,2.14595171477343,2.31341384645394
2.33940162598639,2.1458336638791,2.31334653365817
2.33927617986134,2.14581018746634,2.31332139650604
2.33915076996098,2.14579635699099,2.31313528955463
2.33902539626441,2.14547464994968,2.31308275249277
2.33890005875073,2.14536944523803,2.31303199891117
2.33877475739905,2.14506936227693,2.31283237918102
2.33864949218852,2.14498045930089,2.31264671871615
2.33852426309829,2.14459894204874,2.31262187203469
2.33839907010754,2.14424872169049,2.31260314689315
2.33827391319546,2.14416021875954,2.31253602593451
2.33814879234127,2.1441230174658,2.31247036034437
2.33802370752419,2.14395786954498,2.31226652744998
2.33789865872347,2.14368329854374,2.31206096175258
2.33777364591837,2.14330610191657,2.31203007016966
2.33764866908818,2.14330193794554,2.31198526013019
2.33752372821221,2.14309561378427,2.31197885872712
2.33739882326976,2.14302361673139,2.31194266489184
2.33727395424017,2.14287252886141,2.31177943154728
2.33714912110281,2.14282278167327,2.3116168081818
2.33702432383703,2.14278995529351,2.31155219053552
2.33689956242224,2.14271779770066,2.31143353263196
2.33677483683784,2.14269499910658,2.31103821528914
2.33665014706325,2.14260118373611,2.31071524597066
2.33652549307792,2.14239150725768,2.31043064190527
2.33640087486131,2.14235588554021,2.31033110275483
2.3362762923929,2.14229970148814,2.31020366801552
2.33615174565219,2.14209523505601,2.31000517685434
2.33602723461868,2.14204907170732,2.30991959409315
2.33590275927191,2.14203790066655,2.3098599377912
2.33577831959143,2.14202446393112,2.30984443257435
2.33565391555681,2.14194114360023,2.3097045783956
2.33552954714762,2.14108201292522,2.3094027738158
2.33540521434348,2.1410058512818,2.30936355149918
2.335280917124,2.14088458926917,2.30931581487301
2.33515665546881,2.14078196324024,2.30929919868167
2.33503242935758,2.14057045207493,2.30926479556652
2.33490823876998,2.14051783446638,2.30917967507407
2.33478408368568,2.14051314271601,2.30914406828738
2.33465996408441,2.14033613602234,2.30903321164339
2.33453587994588,2.14018561252098,2.30900511785224
2.33441183124983,2.14013465052069,2.30890975687393
2.33428781797603,2.14000574569331,2.30867789646472
2.33416384010425,2.1397410104547,2.30844199306452
2.33403989761428,2.13959201443765,2.30829045399947
2.33391599048593,2.1394058778093,2.30825738137362
2.33379211869904,2.13916709232504,2.30822178871095
2.33366828223344,2.13881315552046,2.30819637799629
2.33354448106901,2.13880139028263,2.30810349037635
2.33342071518561,2.13861190552619,2.3080501346749
2.33329698456315,2.13857131857557,2.30782017549115
2.33317328918154,2.13854458702001,2.30741459993705
2.3330496290207,2.13834240303103,2.3073655553379
2.3329260040606,2.13761682845138,2.3071113153546
2.3328024142812,2.1369592767565,2.30710960004934
2.33267885966247,2.1369359040861,2.3069997831478
2.33255534018442,2.13688892125285,2.30679042019726
2.33243185582706,2.13647193509249,2.30678057691589
2.33230840657043,2.136422829089,2.30672177465299
2.33218499239457,2.13629879871056,2.3067190726157
2.33206161327957,2.13611590674105,2.30670253141746
2.33193826920549,2.13609730756504,2.30659234136506
2.33181496015245,2.1355862281726,2.30638008144732
2.33169168610055,2.13553699716294,2.30632397868854
2.33156844702995,2.13548772914893,2.30620522161451
2.33144524292078,2.13546169211693,2.30579816204678
2.33132207375322,2.13544574636699,2.30573606342434
2.33119893950746,2.13525609771068,2.30570591828402
2.33107584016369,2.13497236339445,2.30565374626983
2.33095277570214,2.1349641334558,2.30559195133233
2.33082974610304,2.13475303313678,2.30556226778254
2.33070675134665,2.13472985588633,2.30553217268526
2.33058379141324,2.13467174778416,2.30539201943279
2.3304608662831,2.13464868948438,2.30527604150582
2.33033797593652,2.13447556926186,2.30498157610728
2.33021512035384,2.13415234194548,2.30486519326888
2.33009229951537,2.13367671546321,2.30463425640919
2.32996951340149,2.13349544534199,2.30462575033757
2.32984676199256,2.13315082568321,2.30447309463011
2.32972404526897,2.13255656721538,2.30431797845344
2.32960136321112,2.13241695607399,2.30411239938281
2.32947871579943,2.13237281875134,2.30407823082018
2.32935610301434,2.13231753189855,2.30407566483816
2.32923352483631,2.13226897625779,2.30391925600711
2.32911098124579,2.13209458722957,2.30390994088748
2.32898847222328,2.13192856183229,2.30386427197476
2.32886599774929,2.1318541394754,2.3036776257287
2.32874355780433,2.131546856494,2.30356430402939
2.32862115236893,2.13150536509599,2.30341606981104
2.32849878142366,2.1314558393503,2.30340301760107
2.32837644494908,2.1314284143975,2.30295070960826
2.32825414292577,2.13122227709484,2.30257349990737
2.32813187533433,2.13091807305158,2.30255241749016
2.32800964215539,2.1309082916575,2.3024918455612
2.32788744336958,2.13075725307516,2.30236819458843
2.32776527895755,2.13036332534834,2.30229989821477
2.32764314889997,2.13034441879533,2.30196838335763
2.32752105317752,2.1302437569575,2.30192311649685
2.3273989917709,2.13023093462351,2.30171325217779
2.32727696466082,2.13020016347646,2.30160988619352
2.32715497182802,2.13018840888958,2.30144199073851
2.32703301325325,2.13018091499188,2.30122037058191
2.32691108891727,2.13010289722439,2.30120974312799
2.32678919880087,2.12997148193846,2.30084041573409
2.32666734288483,2.1299515269926,2.30077020165911
2.32654552114998,2.12986588434895,2.30061431124912
2.32642373357714,2.12969447299492,2.30061208080266
2.32630198014716,2.12966763415757,2.30036471214332
2.32618026084089,2.12961416740002,2.30032187188049
2.32605857563923,2.12954468062759,2.30030979242895
2.32593692452305,2.1295175381712,2.30028235833473
2.32581530747328,2.12907045296597,2.30023771773691
2.32569372447083,2.12902309748055,2.2998482434442
2.32557217549665,2.12902278311407,2.29982598532639
2.3254506605317,2.12892591541869,2.29962307379208
2.32532917955695,2.12879336320711,2.29961189390709
2.32520773255339,2.12877386432299,2.29960086914768
2.32508631950203,2.12838791257498,2.29951346755761
2.32496494038388,2.1283465337026,2.29951065139464
2.32484359517999,2.12832365011715,2.2991872733329
2.32472228387141,2.1279880683027,2.29914615266197
2.3246010064392,2.12785645541575,2.29905947841163
2.32447976286446,2.12784537329877,2.29877609931465
2.32435855312828,2.12740392483332,2.2987232897086
2.32423737721179,2.1273499090185,2.29868836182215
2.3241162350961,2.12726605061935,2.29865507040887
2.32399512676238,2.12719257429905,2.29857844130257
2.32387405219179,2.12716166769914,2.2985256595268
2.32375301136551,2.1271482676901,2.29795599188404
2.32363200426472,2.12686715555578,2.29788151615667
2.32351103087065,2.12684558775106,2.29788126737504
2.32339009116452,2.12666691768076,2.29777307447232
2.32326918512758,2.12656081329283,2.29776993164316
2.32314831274107,2.12650958705714,2.29776850353957
2.32302747398629,2.12645266876811,2.2977588333787
2.32290666884451,2.12641729076891,2.29757533178634
2.32278589729704,2.12640736767913,2.29754040091551
2.3226651593252,2.12633530030136,2.29727188174718
2.32254445491033,2.12629641216739,2.29708833297948
2.32242378403378,2.12629375609101,2.29685299798644
2.32230314667692,2.1262723313706,2.29683021073922
2.32218254282113,2.12592520941573,2.29678545274072
2.32206197244781,2.12568611941661,2.29641158236392
2.32194143553838,2.12562843355688,2.29613280491963
2.32182093207426,2.12546164505594,2.29610626200853
2.3217004620369,2.12545150916045,2.29600817808464
2.32158002540776,2.12516791420713,2.29599440429374
2.32145962216831,2.12515413212433,2.29596260408895
2.32133925230005,2.12512198671166,2.29589287420475
2.32121891578448,2.12481647725313,2.29576845793708
2.32109861260313,2.1247981629933,2.29544435222128
2.32097834273753,2.1246517393652,2.29542186245663
2.32085810616924,2.12458256940407,2.29520397525198
2.32073790287982,2.12451381914275,2.29520009734541
2.32061773285085,2.12450937835649,2.29513520016073
2.32049759606394,2.12441730075568,2.29507706483636
2.32037749250071,2.12420261560002,2.29507434778412
2.32025742214277,2.12409927723389,2.29497541204723
2.32013738497177,2.12400140612764,2.2949082608973
2.32001738096937,2.12385421541898,2.29488162075354
2.31989741011726,2.12381362023767,2.29479166689256
2.31977747239711,2.12356011185598,2.29477529390554
2.31965756779063,2.12354698433756,2.29443766215191
2.31953769627954,2.12346793748964,2.29436526163612
2.31941785784559,2.12333748225048,2.2943469583448
2.31929805247051,2.1232538283566,2.29420504402248
2.31917828013608,2.12310775456494,2.29416119523829
2.31905854082407,2.12296206596689,2.29413227561182
2.31893883451628,2.12289148553308,2.29401812864374
2.31881916119452,2.12281152736786,2.29384596714602
2.31869952084063,2.12273513792366,2.29378901935065
2.31857991343643,2.12252740751516,2.29371573784963
2.31846033896378,2.12242034013884,2.29342043909223
2.31834079740456,2.12205043600551,2.29332464319092
2.31822128874065,2.12198921756396,2.29332032420116
2.31810181295396,2.12178104266745,2.29327911123576
2.31798237002639,2.12176846138329,2.29326229490456
2.31786295993988,2.12174683660736,2.29316006134559
2.31774358267637,2.12172561556387,2.29309211507252
2.31762423821783,2.12171280584004,2.29299966043147
2.31750492654622,2.12167212520778,2.29296722546014
2.31738564764355,2.12158094493684,2.2929289914374
2.31726640149181,2.12156480958814,2.29284784433408
2.31714718807303,2.12151014002328,2.29262604625641
2.31702800736923,2.1213058026853,2.29255497138284
2.31690885936248,2.12110779330648,2.29237933483117
2.31678974403482,2.12083081931218,2.292310615873
2.31667066136835,2.12080353660494,2.29205084528288
2.31655161134515,2.12079201461284,2.29198814153284
2.31643259394734,2.12060412547542,2.29172115480967
2.31631360915703,2.12060254617055,2.29154470347714
2.31619465695637,2.12053128081257,2.29128164417513
2.31607573732751,2.12010479343533,2.2911184703051
2.3159568502526,2.12007495767548,2.29092999735233
2.31583799571385,2.12006359981679,2.29065426315732
2.31571917369344,2.11997051870371,2.29061907444163
2.31560038417357,2.11995433448491,2.2905261571936
2.31548162713649,2.11972772623279,2.29034196610141
2.31536290256443,2.11967595763748,2.2902759911033
2.31524421043964,2.11954894484123,2.29022387345905
2.31512555074439,2.11946496694561,2.28997425291863
2.31500692346097,2.11887128056714,2.28963105524477
2.31488832857167,2.11885368340065,2.28931921629852
2.31476976605882,2.11868563353451,2.28914353521944
2.31465123590472,2.11852450810823,2.28912537791518
2.31453273809174,2.11850093195228,2.28881621663955
2.31441427260221,2.11846852100327,2.2886644693629
2.31429583941852,2.11843890195795,2.28860019821252
2.31417743852305,2.11822722061113,2.28844467608233
2.31405906989819,2.11813750677832,2.28834768212783
2.31394073352637,2.11812329863598,2.28826800536261
2.31382242939001,2.11805217294783,2.28825021879131
2.31370415747155,2.11789419039252,2.28808443259908
2.31358591775345,2.11786627117021,2.28806407130635
2.31346771021817,2.11747938619853,2.28772767070112
2.31334953484822,2.11747757934607,2.28762584464868
2.31323139162608,2.11737593216927,2.2874980225516
2.31311328053427,2.11727275911136,2.28744028161242
2.31299520155532,2.11710251037587,2.28743323064915
2.31287715467177,2.11701689651506,2.28738644692891
2.31275913986618,2.11690229376727,2.28737916089452
2.31264115712112,2.11686767508092,2.28731051537966
2.31252320641917,2.11676246366991,2.28730002535252
2.31240528774294,2.11656895307571,2.28729687705645
2.31228740107503,2.11641337948991,2.2872615186767
2.31216954639808,2.11640631268959,2.28705972731778
2.31205172369472,2.11610343768485,2.28701998250887
2.31193393294762,2.11608021231434,2.28690341602798
2.31181617413944,2.11604391126621,2.28682063824018
2.31169844725287,2.11581727078971,2.28648130949734
2.3115807522706,2.11570276700405,2.28646819849897
2.31146308917536,2.11567517303636,2.28641147574389
2.31134545794985,2.11565927723531,2.28633225144324
2.31122785857684,2.11559369179508,2.28618211407063
2.31111029103906,2.11529452342373,2.2861152651771
2.31099275531929,2.11506602769131,2.28607283583814
2.3108752514003,2.1150092679803,2.28603861249937
2.31075777926491,2.11500690002612,2.28595481598773
2.31064033889591,2.11496534879457,2.28581288652571
2.31052293027614,2.11488572354025,2.28557138564055
2.31040555338842,2.11470280963897,2.28555572145706
2.31028820821562,2.11460980086628,2.28554606000329
2.31017089474059,2.11458083426996,2.28535352341596
2.31005361294623,2.1145367392824,2.28533935713778
2.30993636281541,2.11450478457108,2.28530857816908
2.30981914433106,2.11440847904941,2.28529591193957
2.30970195747608,2.11426794288807,2.28518203588714
2.30958480223342,2.11399755758668,2.28515211911216
2.30946767858603,2.11384615604474,2.28511580460611
2.30935058651686,2.11374943357569,2.28504537267354
2.3092335260089,2.11358433376759,2.28503039394334
2.30911649704514,2.11348903290833,2.28499892657793
2.30899949960857,2.11347927853294,2.28476076047242
2.30888253368222,2.11334479668331,2.28425289238687
2.30876559924913,2.11310868761387,2.28424542906209
2.30864869629232,2.11307661887782,2.28421727403231
2.30853182479487,2.11300947804839,2.28394239828378
2.30841498473985,2.11286742597934,2.28360882980015
2.30829817611034,2.11276361929411,2.28359342760485
2.30818139888944,2.11275167027504,2.2835789482693
2.30806465306027,2.1125885627468,2.28339072764655
2.30794793860595,2.11254149070083,2.28338368614448
2.30783125550963,2.11251907475271,2.28325093500237
2.30771460375445,2.11242971926594,2.28319593436248
2.3075979833236,2.11213932925895,2.2829100691795
2.30748139420024,2.11204349611686,2.28238357787655
2.30736483636757,2.11194122558565,2.28232412999088
2.30724830980881,2.11192354380162,2.28229363695055
2.30713181450717,2.11182425407867,2.28211058472471
2.30701535044589,2.11176188407411,2.28199146066587
2.30689891760822,2.11171070170112,2.28196925262676
2.30678251597743,2.11167289109082,2.28152928726292
2.30666614553678,2.11146853887821,2.28151230739494
2.30654980626957,2.11107580861256,2.28149839908619
2.3064334981591,2.11089779156097,2.28144034597477
2.30631722118868,2.11055500702591,2.28133775154051
2.30620097534165,2.11012493780092,2.28130406882407
2.30608476060135,2.11010193446294,2.28128046367551
2.30596857695114,2.11009176543168,2.28102330961062
2.30585242437439,2.11007512057443,2.28101067931735
2.30573630285447,2.10946588006028,2.2810079303831
2.30562021237479,2.10945199125332,2.28080341561829
2.30550415291875,2.10932060958639,2.28062173733554
2.30538812446978,2.10900749142921,2.28053545561651
2.30527212701132,2.10900491599526,2.28048517703434
2.30515616052681,2.10897269090268,2.28042320764607
2.30504022499972,2.10880687655969,2.28035897834875
2.30492432041352,2.10873712369047,2.28034898925262
2.30480844675171,2.1087330735391,2.28032910007045
2.30469260399778,2.10872922757839,2.2802844313326
2.30457679213525,2.10865457333463,2.2802610204944
2.30446101114766,2.10842071799688,2.28025791162075
2.30434526101853,2.1084092799822,2.28017524093484
2.30422954173144,2.10829165116293,2.28016963038039
2.30411385326994,2.1081273458023,2.27967217170893
2.30399819561761,2.10804826597308,2.27954518593759
2.30388256875806,2.10800542522927,2.27932139114304
2.30376697267489,2.10800170288324,2.27931419572349
2.30365140735173,2.10777123915812,2.27921383511246
2.30353587277219,2.1076735322254,2.27920513836532
2.30342036891994,2.10758405813977,2.2791749183876
2.30330489577863,2.10752628209352,2.27912002631594
2.30318945333194,2.1075153439279,2.27907182802207
2.30307404156355,2.10731251713938,2.27907051013658
2.30295866045716,2.10724347911031,2.27874248658866
2.30284330999648,2.10721208746086,2.27857479681893
2.30272799016524,2.10711434373132,2.2785342116738
2.30261270094717,2.10705832696151,2.27808640829362
2.30249744232603,2.10699973523662,2.27797941602692
2.30238221428558,2.10688609570722,2.27789481615058
2.3022670168096,2.10682289791369,2.27777004935157
2.30215184988188,2.1068217810527,2.27767732619771
2.30203671348621,2.10679746374481,2.27763988119965
2.30192160760642,2.10677148741089,2.27761946041361
2.30180653222634,2.10668329206093,2.27757806493559
2.3016914873298,2.10648175044096,2.27747418556791
2.30157647290065,2.10623473990733,2.27741488768721
2.30146148892278,2.10599024101925,2.27729070981014
2.30134653538005,2.10596038059008,2.27716894147561
2.30123161225635,2.10592556747345,2.27716186464985
2.3011167195356,2.1059030285869,2.27703208126117
2.30100185720171,2.10581890678417,2.27699791703141
2.30088702523862,2.10565273051278,2.27677974826755
2.30077222363025,2.10546444814023,2.27669819684156
2.30065745236058,2.10516272056909,2.2766973076526
2.30054271141358,2.10491486473108,2.27663294233519
2.30042800077321,2.10487875286215,2.27629625292279
2.30031332042348,2.10482023060426,2.27629165487896
2.30019867034839,2.10443022309152,2.27627098169264
2.30008405053197,2.10442304232339,2.27611564228864
2.29996946095824,2.1043572436728,2.27592409440951
2.29985490161126,2.10422020527858,2.2758690332572
2.29974037247507,2.10406852796667,2.27567240976996
2.29962587353375,2.1040003888207,2.27563334974409
2.29951140477139,2.10395768274112,2.27561390238212
2.29939696617207,2.103825823056,2.27519951120768
2.29928255771991,2.10381650784035,2.27519431281333
2.29916817939902,2.10326937128603,2.27519052267498
2.29905383119354,2.10320004916445,2.27492944033802
2.29893951308761,2.10318009371893,2.27480243563469
2.2988252250654,2.10312797861328,2.27476889061626
2.29871096711107,2.10304168579757,2.27470939781092
2.2985967392088,2.103001651295,2.27470624778105
2.2984825413428,2.10293351059197,2.27454336778508
2.29836837349727,2.1027419258588,2.27439732902843
2.29825423565643,2.1025339532867,2.27426324286589
2.29814012780451,2.10252163852665,2.27417472757481
2.29802604992576,2.10242362885016,2.27396331959092
2.29791200200444,2.10241629277563,2.27395868388394
2.29779798402481,2.10232438456223,2.273927210018
2.29768399597116,2.10194184940674,2.27372896409304
2.29757003782779,2.10175320911214,2.27355346317777
2.297456109579,2.10167433813032,2.27354782986238
2.29734221120911,2.10162840917599,2.27346177749503
2.29722834270245,2.10147258386223,2.27335298176636
2.29711450404337,2.10137866688817,2.27311857816779
2.29700069521622,2.10136878830268,2.27308194417694
2.29688691620538,2.10127775004802,2.27306964245708
2.29677316699522,2.10115507312949,2.27294938457436
2.29665944757014,2.10106795469196,2.27290935785062
2.29654575791454,2.10103843495073,2.27288524404396
2.29643209801285,2.10091979411894,2.27254080281073
2.29631846784948,2.10091447454345,2.27248517283394
2.29620486740889,2.10089612927207,2.27245876213768
2.29609129667553,2.10086910170542,2.27239954526628
2.29597775563386,2.10079141960097,2.27224674424411
2.29586424426837,2.10071569575637,2.27214199728236
2.29575076256354,2.10058189560861,2.27196983623885
2.29563731050388,2.10052880550057,2.27154292845622
2.29552388807391,2.10043399334835,2.27137981857407
2.29541049525815,2.10036914474505,2.27128904500351
2.29529713204114,2.10034165607752,2.2712748920662
2.29518379840743,2.10030649479842,2.27126805880173
2.29507049434159,2.10023271445694,2.27080026528152
2.29495721982819,2.10022039797613,2.27074890184556
2.29484397485182,2.09999557209572,2.27067326058512
2.29473075939709,2.09986531274434,2.27048753321453
2.2946175734486,2.09981750104291,2.27035067878152
2.29450441699097,2.09981039866512,2.27008300440673
2.29439129000885,2.0996950598682,2.27006203580397
2.29427819248689,2.09960215569036,2.26999321440094
2.29416512440973,2.09955391431362,2.26990666785354
2.29405208576206,2.09950332868543,2.26987009322569
2.29393907652855,2.09940356379786,2.26969324605041
2.29382609669392,2.09940076174917,2.26966980751633
2.29371314624285,2.09939906322999,2.26922079978669
2.29360022516007,2.09932943800126,2.26916729144588
2.29348733343032,2.0993010758149,2.26904893811184
2.29337447103834,2.09915559918017,2.26894427137632
2.29326163796888,2.09913237722454,2.26890118513311
2.29314883420672,2.09901804405205,2.26876045937169
2.29303605973662,2.09881457782711,2.2687314071965
2.29292331454338,2.09855388299648,2.26872204750486
2.29281059861181,2.098258179511,2.2686738446346
2.29269791192672,2.09819056568383,2.26865030169582
2.29258525447294,2.09817756125654,2.26849866264594
2.2924726262353,2.09779181171883,2.26843383227122
2.29236002719865,2.0976476893043,2.26814223599725
2.29224745734787,2.09753768630149,2.26808515014181
2.29213491666781,2.09752280075498,2.26803767846622
2.29202240514337,2.0974076712984,2.26796213987542
2.29190992275945,2.0972720084783,2.26795673942439
2.29179746950095,2.09707427438785,2.26793925713893
2.29168504535279,2.09698697995935,2.26786698941156
2.29157265029991,2.09685588181235,2.2678596693904
2.29146028432725,2.09677721557515,2.26779962471464
2.29134794741977,2.09671027760557,2.26776988989212
2.29123563956244,2.09651605556872,2.2676120275371
2.29112336074022,2.09647953075719,2.2675681162649
2.29101111093812,2.09641181686789,2.26736489826272
2.29089889014114,2.09600173118991,2.26719979354553
2.29078669833429,2.09597007619254,2.26678928332065
2.2906745355026,2.09567128702019,2.26665244087188
2.2905624016311,2.09557240238335,2.26653539179615
2.29045029670484,2.09553145228713,2.26636494107036
2.29033822070889,2.09525753899152,2.26618313914313
2.29022617362831,2.09503993642154,2.26616497005505
2.2901141554482,2.09503071469181,2.26614813220358
2.29000216615364,2.09486357398583,2.26614724650926
2.28989020572974,2.09474803388627,2.26605735721833
2.28977827416162,2.0946704809492,2.26597815844318
2.2896663714344,2.09460910387605,2.26585429452255
2.28955449753324,2.09460136099025,2.26567249330993
2.28944265244329,2.09455348655966,2.26566998301345
2.2893308361497,2.09454498363517,2.2656105779246
2.28921904863765,2.0945136369227,2.26559849860693
2.28910728989233,2.09443839858215,2.26555614540124
2.28899555989895,2.09429748161324,2.26554340105917
2.2888838586427,2.09422409979212,2.26553396778518
2.28877218610881,2.09417966736002,2.26540315925744
2.28866054228251,2.09412321328965,2.26529094331203
2.28854892714905,2.09410424781131,2.26521355144296
2.28843734069368,2.09400958831398,2.26514572567939
2.28832578290167,2.0939631633607,2.26507891965384
2.2882142537583,2.09392704252127,2.26484864923408
2.28810275324886,2.09388083707932,2.2648243535404
2.28799128135864,2.09386751995648,2.26390174804582
2.28787983807296,2.09382955107959,2.26382986182249
2.28776842337715,2.0935970971178,2.26344770451146
2.28765703725653,2.0935645748592,2.26334075301885
2.28754567969646,2.09335659202404,2.26324219306786
2.28743435068229,2.09325922675585,2.2631750906648
2.28732305019939,2.09303582419361,2.26310529287111
2.28721177823313,2.09302103670331,2.26309654826315
2.28710053476892,2.09295615154803,2.26294761105591
2.28698931979216,2.09282958621732,2.26292994151274
2.28687813328825,2.09274181142355,2.26292360644353
2.28676697524262,2.09269320710773,2.26230148646366
2.2866558456407,2.09267049381547,2.26211907071879
2.28654474446796,2.09218602305554,2.2620758153269
2.28643367170983,2.09213306705491,2.26180847070489
2.2863226273518,2.09205118912508,2.26171612538838
2.28621161137934,2.09198488781904,2.26167923366573
2.28610062377794,2.09184755192329,2.26147008654378
2.28598966453311,2.09158964293904,2.26145210163856
2.28587873363036,2.09147173878015,2.26139053174617
2.28576783105522,2.09141340514237,2.26076818675282
2.28565695679321,2.09132477284319,2.26072868567385
2.2855461108299,2.09122179784326,2.26065026983462
2.28543529315083,2.09115901040772,2.26047561153622
2.28532450374158,2.09115281142374,2.26038094953665
2.28521374258773,2.09095984468482,2.26024277639038
2.28510300967487,2.0908147787744,2.26013081624295
2.28499230498859,2.09070561321027,2.2597598708956
2.28488162851452,2.0905955417285,2.25948847662511
2.28477098023828,2.09051539489329,2.25944769940478
2.2846603601455,2.09047967804245,2.2593763783589
2.28454976822183,2.09019484807834,2.25927202605047
2.28443920445293,2.09011741966749,2.25909938646353
2.28432866882446,2.08967639786131,2.2588553380561
2.28421816132211,2.08938313815771,2.25881819363989
2.28410768193156,2.08937706432239,2.25879138106999
2.28399723063852,2.08934716184218,2.25847950002256
2.28388680742869,2.08933108816108,2.25841068253573
2.28377641228781,2.08930805459944,2.25832374876819
2.28366604520159,2.08911997206854,2.25831424647918
2.2835557061558,2.08911619130851,2.25823740196538
2.28344539513618,2.0890520368844,2.25821710320588
2.28333511212851,2.08898233466023,2.25815646051443
2.28322485711854,2.08873537282469,2.25796889821057
2.28311463009209,2.08872345910068,2.25794788732182
2.28300443103494,2.08861367877216,2.25781256919475
2.2828942599329,2.08858311104214,2.25771659282562
2.2827841167718,2.08854402380091,2.25754384441929
2.28267400153746,2.08826096859185,2.25729982484643
2.28256391421573,2.08811292668628,2.25710643359509
2.28245385479246,2.08794829354733,2.25709013627754
2.28234382325351,2.08788496383145,2.25695296681407
2.28223381958476,2.08781684178811,2.25691249298747
2.28212384377209,2.08770753204587,2.25676611756487
2.2820138958014,2.08767361934652,2.25662242942464
2.2819039756586,2.08742812961702,2.25655870895702
2.28179408332959,2.08737972438936,2.25651387307581
2.28168421880032,2.08717025822456,2.25646738557366
2.28157438205671,2.08708323003637,2.25644745541981
2.28146457308473,2.08697383366929,2.25634903285922
2.28135479187031,2.08696949459755,2.25618129384537
2.28124503839945,2.08696785864697,2.25615179115335
2.28113531265811,2.08693365365692,2.25602915612589
2.28102561463229,2.08670461967431,2.25580546977415
2.280915944308,2.08652713974213,2.25580279153313
2.28080630167124,2.08650708998204,2.25545127492348
2.28069668670803,2.08646718525483,2.25544250748352
2.28058709940442,2.08645838958421,2.2554347079641
2.28047753974645,2.08629046658067,2.25542836376119
2.28036800772017,2.08622066316723,2.2552725642237
2.28025850331164,2.08621686588863,2.25521733838426
2.28014902650696,2.08620038520395,2.25520603699918
2.28003957729219,2.08617738047079,2.25518349443368
2.27993015565344,2.08613556831467,2.25515136551011
2.27982076157681,2.08607078150562,2.255109243096
2.27971139504843,2.08606049771064,2.25508541300233
2.27960205605442,2.08584030865059,2.25487847134063
2.27949274458093,2.08583064548759,2.25485966020353
2.2793834606141,2.08569988726749,2.25464970974341
2.27927420414008,2.085538812863,2.25447635259111
2.27916497514507,2.08550186750879,2.25446583162272
2.27905577361522,2.08549936543982,2.25409953398322
2.27894659953674,2.08527578830924,2.25402962497819
2.27883745289583,2.08518393558927,2.25391554915119
2.2787283336787,2.08514180938361,2.25376667535169
2.27861924187157,2.08499057499738,2.25367498733394
2.27851017746067,2.08493073605107,2.25354059677282
2.27840114043225,2.08490196189101,2.25347531676017
2.27829213077257,2.084572734935,2.25342229702223
2.27818314846788,2.08444548922522,2.25332727267184
2.27807419350446,2.08443722374587,2.25318834724869
2.2779652658686,2.08443329339926,2.253033465062
2.27785636554659,2.08416276479822,2.25285339744281
2.27774749252474,2.08403897997393,2.2528147374009
2.27763864678936,2.08383007307796,2.25268626996733
2.27752982832677,2.08375686473281,2.25237422371431
2.27742103712332,2.08367922730088,2.2522587528503
2.27731227316535,2.08360473626369,2.25219665481416
2.27720353643922,2.08358527766932,2.25211200851401
2.27709482693129,2.08347174963377,2.25208579534185
2.27698614462794,2.08344001204842,2.2519322333101
2.27687748951557,2.08338003211665,2.25190441623847
2.27676886158056,2.08332629420928,2.25183814239751
2.27666026080932,2.08330619554751,2.25182159522634
2.27655168718828,2.0832874546982,2.25175825656704
2.27644314070386,2.0832000464443,2.25169302485975
2.2763346213425,2.0830618619783,2.2516008099943
2.27622612909065,2.08304463239042,2.25160043133963
2.27611766393477,2.08286484895716,2.25154236389221
2.27600922586132,2.08281835126547,2.25136844757639
2.27590081485679,2.08267380693941,2.25127532409905
2.27579243090766,2.08240522799116,2.25123827482641
2.27568407400043,2.0822860865228,2.25072865425804
2.27557574412162,2.08220915734276,2.25054946344059
2.27546744125774,2.08215188451844,2.25054365589046
2.27535916539533,2.08204884517529,2.25053244427104
2.27525091652091,2.08198282178377,2.25053244060852
2.27514269462105,2.08195568181344,2.25047090864262
2.2750344996823,2.0816606961514,2.25045175900542
2.27492633169123,2.08114441949971,2.25033786060959
2.27481819063442,2.08068008654631,2.25015521103092
2.27471007649846,2.0806001296695,2.250017434787
2.27460198926995,2.08050316990461,2.25000190707556
2.2744939289355,2.08048087874902,2.24999777754604
2.27438589548174,2.08040086608213,2.24998242916568
2.27427788889528,2.08038195446179,2.2499095688891
2.27416990916277,2.08022216391734,2.24981331246741
2.27406195627087,2.08011878195379,2.24974565004208
2.27395403020622,2.07995733353688,2.24968792616205
2.2738461309555,2.07985746077474,2.2496650327714
2.27373825850539,2.07979377530026,2.24964535661163
2.27363041284258,2.07978501496572,2.24964335160912
2.27352259395377,2.079709976933,2.24945621466392
2.27341480182567,2.0796738123761,2.24942521107239
2.27330703644499,2.07962655479746,2.24938988956873
2.27319929779847,2.07962435811432,2.24911241352001
2.27309158587284,2.07960648389037,2.249046394702
2.27298390065486,2.07946938406575,2.24904435921634
2.27287624213128,2.07919737816104,2.24903650843644
2.27276861028887,2.07872773025597,2.24883343941475
2.2726610051144,2.07849438315646,2.2488104718381
2.27255342659468,2.07845334419459,2.24859192116107
2.27244587471649,2.07833637023556,2.2482544614574
2.27233834946665,2.07820795392917,2.24825097937157
2.27223085083197,2.07819307819702,2.24816301117923
2.27212337879927,2.07814186611405,2.24814245877661
2.2720159333554,2.07785728231075,2.24798915652238
2.27190851448721,2.07785043857687,2.24775737397141
2.27180112218154,2.07766601693292,2.24727160615575
2.27169375642527,2.0775460995831,2.24724018397154
2.27158641720527,2.07750538666079,2.24708734669123
2.27147910450843,2.07745092854979,2.24705298709585
2.27137181832164,2.07735762153326,2.24704824685633
2.27126455863182,2.07714771457263,2.24699960951629
2.27115732542586,2.07708240767381,2.24669491965064
2.27105011869071,2.07701764672954,2.24652411361524
2.27094293841329,2.0770175420827,2.24651820183623
2.27083578458055,2.07698132823435,2.24645520802991
2.27072865717943,2.07697059175344,2.24633388940991
2.27062155619692,2.07681937643373,2.24600770790399
2.27051448161997,2.07672821439651,2.2459031774465
2.27040743343557,2.07661386580058,2.24579403998674
2.27030041163072,2.07646697250567,2.24573931412467
2.27019341619241,2.07643615221002,2.24567491629069
2.27008644710765,2.07640609355595,2.24563918369431
2.26997950436348,2.07630383739551,2.24562425913944
2.26987258794691,2.07612524595546,2.24554128599168
2.26976569784499,2.07594065499814,2.24536320937382
2.26965883404477,2.07581190154701,2.24527664398286
2.26955199653331,2.07564584174895,2.24506982050363
2.26944518529767,2.07529779050287,2.24502114776156
2.26933840032494,2.07514706494242,2.24490029811196
2.26923164160221,2.07510161497367,2.24467293605477
2.26912490911656,2.07505571876163,2.24460820004761
2.26901820285512,2.07495105635433,2.24455471601569
2.26891152280498,2.07487451167983,2.24438672490821
2.26880486895329,2.07477869378616,2.24429722672202
2.26869824128718,2.07476153725916,2.24411074398811
2.26859163979379,2.07460938242652,2.24393104681018
2.26848506446027,2.07443290680752,2.24391289268073
2.26837851527379,2.07418258549284,2.2439009243236
2.26827199222153,2.07414735812684,2.24388938921657
2.26816549529066,2.07412633583265,2.24383238705986
2.26805902446838,2.0739851796322,2.24329224816144
2.26795257974189,2.07394494335233,2.24328307455165
2.2678461610984,2.07390833013242,2.24311750288149
2.26773976852513,2.07370707427959,2.24288161458715
2.26763340200932,2.0736112501518,2.24276449896869
2.26752706153819,2.07355183351784,2.24258051270139
2.26742074709901,2.07346078591508,2.2424035541888
2.26731445867902,2.07336848612501,2.24227535968335
2.2672081962655,2.07326993804009,2.24223923281861
2.26710195984572,2.07310195815525,2.24216341825362
2.26699574940696,2.07305830206034,2.24212486553244
2.26688956493653,2.07281859690781,2.24211580562345
2.26678340642172,2.0727826351504,2.24186065643074
2.26667727384986,2.07270565435092,2.2417821669815
2.26657116720826,2.07268312440044,2.24169480054308
2.26646508648426,2.07263908005942,2.24153778232749
2.2663590316652,2.07263615264227,2.24149598111035
2.26625300273843,2.07258958912014,2.24137136958924
2.2661469996913,2.07247249854189,2.24126418609154
2.2660410225112,2.0723193442619,2.24122262311221
2.2659350711855,2.07222916944436,2.24110494940946
2.26582914570158,2.07209916392854,2.24109563198437
2.26572324604685,2.07184229745983,2.24060603096009
2.26561737220871,2.07182663502709,2.24059201547055
2.26551152417458,2.07181477206249,2.24058953956757
2.26540570193187,2.07181375867323,2.24054374212609
2.26529990546804,2.07176061358879,2.24052974029738
2.26519413477051,2.07169000783706,2.24050394450623
2.26508838982674,2.07131949356976,2.24047610040202
2.2649826706242,2.07131014081276,2.24046033927873
2.26487697715035,2.0712605426964,2.24041722416085
2.26477130939267,2.07122510304871,2.24034849992778
2.26466566733866,2.07119551165274,2.24034177276266
2.26456005097581,2.07118055008965,2.24032075279141
2.26445446029163,2.07115942156783,2.24030892107315
2.26434889527363,2.07102917167115,2.24025084544523
2.26424335590934,2.07087080651676,2.24022141255616
2.2641378421863,2.07080989023567,2.24001102218216
2.26403235409205,2.07057644562971,2.23953764877291
2.26392689161414,2.0704356959228,2.23952047293625
2.26382145474013,2.0701721178652,2.23949435188567
2.2637160434576,2.07007534970064,2.23941406582397
2.26361065775412,2.07002374107236,2.2393985341822
2.26350529761728,2.06998374422719,2.23925938616327
2.26339996303469,2.0699656484578,2.23921398802354
2.26329465399395,2.06996078344068,2.23918773323663
2.26318937048267,2.06995352959951,2.23917093515463
2.26308411248848,2.0699506689948,2.23910138941489
2.26297887999901,2.06990428852204,2.23894041541014
2.26287367300191,2.06979070471706,2.23885328355096
2.26276849148483,2.06966565107895,2.2387144327737
2.26266333543543,2.06965213818705,2.23864521628859
2.26255820484138,2.06961431856158,2.23862086475758
2.26245309969036,2.06960788596225,2.23850474530619
2.26234801997005,2.06951678763813,2.23834926419866
2.26224296566816,2.06949696230113,2.23824616934338
2.26213793677239,2.06939219491292,2.23798908391336
2.26203293327045,2.0693676510956,2.2379496502306
2.26192795515007,2.06927638367201,2.23779659956527
2.26182300239897,2.06924020788144,2.23777248774513
2.26171807500491,2.0692393338636,2.23774175066029
2.26161317295563,2.06910872478944,2.23764842183679
2.2615082962389,2.06893614533866,2.23763533559318
2.26140344484247,2.06883379486786,2.23749557384467
2.26129861875412,2.06876363941066,2.23687810722426
2.26119381796165,2.06865977197798,2.23661174021468
2.26108904245284,2.06865751230519,2.23656418495405
2.2609842922155,2.06858812586959,2.23653229036647
2.26087956723744,2.06852666105465,2.23626787634023
2.26077486750649,2.06851657124524,2.23595694073528
2.26067019301046,2.06816130412946,2.23590976608436
2.26056554373721,2.06802582564411,2.235779838259
2.26046091967457,2.06795457588936,2.23556793390145
2.26035632081041,2.06793137531681,2.23551144207468
2.26025174713258,2.06775176052087,2.23541329048122
2.26014719862897,2.06764863146613,2.23537379478489
2.26004267528746,2.06760186809644,2.23533243072492
2.25993817709593,2.06758437315125,2.23528010501975
2.25983370404228,2.06748144718469,2.23466613408138
2.25972925611443,2.06727294309218,2.23460518485141
2.2596248333003,2.06704261589209,2.23456734882082
2.2595204355878,2.066901920995,2.23447694815575
2.25941606296487,2.06688402288991,2.23438122267982
2.25931171541946,2.06670517355911,2.23429611323108
2.25920739293952,2.066650136833,2.23427408611109
2.25910309551301,2.06662395225489,2.23425503269357
2.2589988231279,2.06644239125589,2.23414392354413
2.25889457577217,2.06628432306889,2.23414202613997
2.2587903534338,2.06623259694039,2.23401992684156
2.25868615610079,2.06620095327716,2.23383043389501
2.25858198376114,2.06612195313768,2.23366449786028
2.25847783640287,2.06606205292566,2.23360417529647
2.258373714014,2.06604612060171,2.23358755748613
2.25826961658256,2.06593097947681,2.2333934636452
2.25816554409658,2.06591920224746,2.2333791106587
2.25806149654412,2.06591168307618,2.23335174114685
2.25795747391322,2.06576574729811,2.23326855509973
2.25785347619196,2.06554742241316,2.2332258776119
2.25774950336841,2.06553059448864,2.23296681028753
2.25764555543065,2.06551742932432,2.2328712888979
2.25754163236676,2.06531587426212,2.23263570752506
2.25743773416486,2.06531036286846,2.23252418097665
2.25733386081303,2.06526657553544,2.23231418822023
2.25723001229941,2.06505718962941,2.23230934922618
2.25712618861211,2.06487240317557,2.23219076452484
2.25702238973927,2.06480269871739,2.23212112361108
2.25691861566902,2.06480229914584,2.23195505498028
2.25681486638953,2.0648019535833,2.23190038999138
2.25671114188894,2.06479921084369,2.23181320038171
2.25660744215542,2.06469152057025,2.23163948778512
2.25650376717715,2.06465131427905,2.23157660396743
2.25640011694232,2.06455004428679,2.23148698137385
2.25629649143911,2.0645150212421,2.2314188014333
2.25619289065572,2.06440219485376,2.23129627443797
2.25608931458036,2.06434961169046,2.2312686466243
2.25598576320126,2.06404061115728,2.2309518904135
2.25588223650663,2.06391277500617,2.23087080667301
2.25577873448472,2.06367589469511,2.23082069842313
2.25567525712375,2.06363915569803,2.23079269255963
2.255571804412,2.06350201435282,2.23078033017379
2.2554683763377,2.06349294406647,2.23058622598828
2.25536497288914,2.06346946279918,2.23041191661589
2.25526159405459,2.0632242950311,2.23033050171911
2.25515823982233,2.06307808542297,2.23032546002413
2.25505491018066,2.06297727949822,2.23031473650507
2.25495160511787,2.06279197578975,2.23031011611247
2.25484832462228,2.06272301879202,2.22992335183348
2.25474506868221,2.06272277852586,2.22989550592872
2.25464183728598,2.06260821919587,2.22970308483947
2.25453863042192,2.06241131552549,2.22968547601797
2.25443544807839,2.06233683842141,2.22951024541806
2.25433229024372,2.06230056593852,2.22941854426133
2.25422915690628,2.06224236343942,2.22938566621121
2.25412604805445,2.06222015858537,2.22928951635623
2.25402296367658,2.06221727874579,2.22926794618796
2.25391990376108,2.06213264436671,2.22923750110672
2.25381686829632,2.06212904116019,2.22912407841163
2.25371385727072,2.06211642105149,2.22909205528931
2.25361087067268,2.06207815730414,2.22898454431872
2.25350790849062,2.06168951938498,2.22894585973437
2.25340497071296,2.06166439957111,2.22886801424918
2.25330205732814,2.06149384942577,2.22869293738062
2.2531991683246,2.06147635020473,2.22862245464023
2.25309630369079,2.06135709924693,2.22861287748834
2.25299346341518,2.06134816161556,2.22856543179763
2.25289064748622,2.06125325458201,2.22841378694465
2.25278785589239,2.06116079490578,2.22832337282495
2.25268508862217,2.0610631382714,2.22815381581451
2.25258234566406,2.06097282851803,2.22800718539313
2.25247962700656,2.06078389094351,2.2279969086129
2.25237693263817,2.06075682545047,2.22795834947572
2.2522742625474,2.06070277441426,2.227911327916
2.25217161672279,2.06058777527519,2.22790981379969
2.25206899515287,2.06038818800897,2.22773526075292
2.25196639782617,2.06032084862167,2.22741727051469
2.25186382473124,2.06030338282829,2.22731765151911
2.25176127585664,2.06029946981209,2.22726139367834
2.25165875119094,2.06024096147753,2.22715507725056
2.2515562507227,2.06017763399089,2.22714479417731
2.25145377444051,2.05988628221932,2.22706839846071
2.25135132233296,2.05964350460557,2.2270224185899
2.25124889438864,2.05946937655504,2.22694399771554
2.25114649059616,2.05942368609179,2.22672626040263
2.25104411094413,2.05928991651447,2.22651641485073
2.25094175542117,2.05919877387949,2.22640237549517
2.25083942401591,2.0591778952973,2.22617861350555
2.25073711671699,2.05910162746676,2.22609563055922
2.25063483351306,2.05896780453136,2.22588340736521
2.25053257439276,2.05889251191315,2.2258828723219
2.25043033934476,2.05883777921626,2.22562283820973
2.25032812835772,2.05881933705839,2.22551600349898
2.25022594142033,2.05876924851305,2.22510593035848
2.25012377852127,2.05872422898545,2.22506081779922
2.25002163964923,2.05871257103143,2.22504741019414
2.24991952479292,2.05868285201776,2.2250387246077
2.24981743394104,2.05856839572079,2.22496964638804
2.24971536708231,2.05856196566771,2.22487920685034
2.24961332420545,2.05843675243032,2.22456478571022
2.2495113052992,2.05832641024093,2.2244395446089
2.2494093103523,2.05777372979518,2.22434207503842
2.2493073393535,2.05770341762087,2.22423824280467
2.24920539229155,2.05761834380733,2.22419820580309
2.24910346915522,2.05754836633408,2.22392477210873
2.24900156993329,2.05752942850941,2.22390145306783
2.24889969461452,2.05752680638143,2.22388417962161
2.24879784318772,2.05743728147466,2.22385032789737
2.24869601564167,2.05731050923994,2.22377001569348
2.24859421196518,2.05726869348068,2.22365079678746
2.24849243214707,2.05719846528598,2.22337657100234
2.24839067617615,2.05708640482114,2.2230981294215
2.24828894404125,2.05699407873499,2.22303239868094
2.2481872357312,2.05677671916064,2.22298662052864
2.24808555123486,2.0566992971436,2.22297234845673
2.24798389054107,2.05648274523012,2.22272908681962
2.24788225363868,2.05640562601973,2.222588288459
2.24778064051658,2.05631946462841,2.22252871043281
2.24767905116362,2.05622706433306,2.22244552612084
2.2475774855687,2.05618669250013,2.22228735614981
2.2474759437207,2.05612460654468,2.22194919004892
2.24737442560853,2.05610320867954,2.2219447195972
2.24727293122108,2.05581804613372,2.22192552041902
2.24717146054728,2.05555394100662,2.22186002065933
2.24707001357604,2.05547547964838,2.22184216918389
2.24696859029629,2.05545163964705,2.22179114668928
2.24686719069698,2.05533144278856,2.22178598706459
2.24676581476703,2.0553130561775,2.2216447083945
2.24666446249542,2.05528759311144,2.22147110840772
2.24656313387109,2.05517270294439,2.2214701244824
2.24646182888301,2.05504946269282,2.22122582716081
2.24636054752017,2.05500258247137,2.22110572624077
2.24625928977154,2.05492419433512,2.22110479319255
2.24615805562612,2.05487241699558,2.22101489644896
2.2460568450729,2.05482864681566,2.22063419745489
2.24595565810089,2.05481468220718,2.22058798842971
2.2458544946991,2.05476135870996,2.22037064906209
2.24575335485656,2.05458150130031,2.22028869256012
2.2456522385623,2.05454274140604,2.22015404677296
2.24555114580534,2.05451545815934,2.22001794127425
2.24545007657475,2.05448101990723,2.21987856757943
2.24534903085957,2.05438751126201,2.21966098442765
2.24524800864885,2.05420936803139,2.21965331037604
2.24514700993167,2.05416199218524,2.21955780371325
2.24504603469711,2.05408548716364,2.21947702358392
2.24494508293424,2.05399058344518,2.21946901000941
2.24484415463216,2.05389375995241,2.21944958829056
2.24474324977996,2.05380192292728,2.21943089800478
2.24464236836676,2.05348752064716,2.21933821591876
2.24454151038165,2.05346601627994,2.21930172131826
2.24444067581377,2.05315592751082,2.21911749786401
2.24433986465225,2.05310985579619,2.21910399047404
2.24423907688621,2.05287802927145,2.21899382009778
2.24413831250481,2.05285403862034,2.21889869097211
2.24403757149719,2.05263938888378,2.21888129445792
2.24393685385251,2.05254679573355,2.21874016841587
2.24383615955994,2.05249051771101,2.21847469980254
2.24373548860866,2.05233388554145,2.21825610151128
2.24363484098783,2.05198316210439,2.21814754562869
2.24353421668666,2.05196812666295,2.21803796591428
2.24343361569434,2.05192792480023,2.21785876101931
2.24333303800008,2.05192702264693,2.21782212010157
2.24323248359308,2.05177547040238,2.21768867045886
2.24313195246256,2.05175383918141,2.2176048144367
2.24303144459775,2.05165672432512,2.21757093736077
2.24293095998788,2.05151745814932,2.21754435207625
2.2428304986222,2.05133880603269,2.2174400969355
2.24273006048995,2.05106364969732,2.2174105375783
2.24262964558039,2.05096848476506,2.21740734562144
2.24252925388279,2.05096782530025,2.21717086659893
2.24242888538641,2.05096259234476,2.21715760795106
2.24232854008053,2.05086412217231,2.21683600863026
2.24222821795444,2.05085222259417,2.21679138829349
2.24212791899744,2.05081892228466,2.21678380790249
2.24202764319882,2.05065419267794,2.21666289671733
2.24192739054789,2.05048165267311,2.21649371841956
2.24182716103396,2.05045097777823,2.21645466666008
2.24172695464637,2.05036325016363,2.21637010998174
2.24162677137444,2.05026663533614,2.21621703883648
2.2415266112075,2.05020741718086,2.21613874837815
2.24142647413491,2.05005963013726,2.21612889021685
2.24132636014602,2.04999498280933,2.21605177637798
2.24122626923018,2.04997104396354,2.21604864837333
2.24112620137676,2.04992089191887,2.2159364516478
2.24102615657514,2.04990581280055,2.21588936976919
2.2409261348147,2.0498080274575,2.21588487824198
2.24082613608484,2.04960498926452,2.21587010743859
2.24072616037493,2.04952898428225,2.21585978494842
2.2406262076744,2.0492868419726,2.21584764106254
2.24052627797264,2.04903997057574,2.21582794215005
2.24042637125909,2.04899262755336,2.21568297211728
2.24032648752316,2.04881293892678,2.21555103066523
2.24022662675429,2.04874814843793,2.21526670228252
2.24012678894192,2.04851233836081,2.21516093191193
2.2400269740755,2.04840217209879,2.21514412384751
2.23992718214447,2.04836116893746,2.21499886253728
2.23982741313831,2.04815222665231,2.21488135290932
2.23972766704649,2.04783014055085,2.21473073832032
2.23962794385847,2.04782187466195,2.21443737797465
2.23952824356375,2.04775832305853,2.21435030735397
2.23942856615181,2.04765258708805,2.21429894298828
2.23932891161216,2.04759192012178,2.21417776035689
2.23922927993429,2.04758005755819,2.21416961547188
2.23912967110773,2.04753442536978,2.214106392589
2.23903008512199,2.04748194401276,2.21405685756029
2.2389305219666,2.04743622385561,2.21398815911596
2.2388309816311,2.04738627310388,2.21390249906986
2.23873146410502,2.04719954818536,2.2138973803736
2.23863196937792,2.04718454048255,2.21387941057214
2.23853249743935,2.04713609436529,2.21375094284188
2.23843304827887,2.04706668829593,2.21371096103283
2.23833362188606,2.04704267017765,2.21361855214456
2.23823421825049,2.04699773831813,2.21360926128054
2.23813483736175,2.04694530411869,2.21340923564023
2.23803547920943,2.0468240580984,2.21331011463087
2.23793614378313,2.04669533782004,2.21329506656574
2.23783683107245,2.04666931926217,2.2130698643067
2.23773754106701,2.04653556328313,2.21302583081944
2.23763827375643,2.04635679285747,2.21292051816467
2.23753902913033,2.04624771978049,2.2129076501866
2.23743980717836,2.04619198380987,2.21262169394693
2.23734060789014,2.04614776804082,2.21259056778105
2.23724143125534,2.04610210689653,2.2121514987856
2.23714227726361,2.04606725499854,2.21211571241548
2.23704314590461,2.04596453253011,2.21203769071307
2.23694403716801,2.04595691867107,2.21197861307628
2.23684495104348,2.04593564896372,2.21176217627185
2.23674588752072,2.04571846263387,2.21165944064948
2.23664684658941,2.04568445425445,2.21150720540912
2.23654782823926,2.0456498273909,2.21139071199377
2.23644883245996,2.04562977037996,2.21138126709585
2.23634985924123,2.04559823977894,2.21135857930912
2.23625090857279,2.04546275320316,2.21134429300283
2.23615198044437,2.04539828148266,2.2112596477624
2.23605307484569,2.04530891660094,2.21123599027949
2.23595419176651,2.04524298624529,2.21120105956236
2.23585533119656,2.04519860900866,2.21101504971766
2.23575649312561,2.04500780706359,2.21092751962205
2.2356576775434,2.04499078654666,2.21092379283739
2.23555888443972,2.04484681936028,2.21091007368522
2.23546011380434,2.04469894939845,2.21085104801481
2.23536136562704,2.04466563282565,2.21081324457125
2.23526263989761,2.04456466353105,2.21080390465108
2.23516393660584,2.04453694588164,2.21073454881137
2.23506525574154,2.04436959714849,2.21035305184189
2.23496659729453,2.04436885257303,2.21023636207115
2.23486796125461,2.04432035348087,2.21016666705125
2.23476934761161,2.04428811009783,2.21002246573862
2.23467075635536,2.04426772982153,2.20999499810668
2.2345721874757,2.04421484938423,2.20987058722944
2.23447364096248,2.04407915959461,2.209801305951
2.23437511680555,2.04392501174498,2.20975143617843
2.23427661499476,2.04392036210005,2.20970520388409
2.23417813551998,2.04382015238624,2.20965959338385
2.23407967837109,2.04381201867508,2.2093289925731
2.23398124353796,2.04376011290539,2.20915679339598
2.23388283101048,2.04332869278321,2.20909051559496
2.23378444077855,2.0431693934918,2.2090407558537
2.23368607283206,2.04307198170483,2.20890534184749
2.23358772716092,2.04287458253686,2.20884658458629
2.23348940375504,2.04282503220477,2.20875972262892
2.23339110260435,2.04264281990033,2.20866780344177
2.23329282369877,2.04247918819466,2.20838726791135
2.23319456702823,2.04230156257723,2.20816866525161
2.23309633258269,2.04229327143279,2.20813592008649
2.23299812035208,2.0422193510281,2.20813580180474
2.23289993032636,2.04220505603595,2.20800908925891
2.2328017624955,2.04212408084664,2.20791946582466
2.23270361684945,2.04205686715759,2.20763674509527
2.2326054933782,2.04199948079144,2.20762108657381
2.23250739207173,2.04189820858906,2.20760382314018
2.23240931292002,2.0417583124192,2.20758731286809
2.23231125591308,2.04151174508925,2.20754833740703
2.2322132210409,2.04142659547066,2.20750879007658
2.2321152082935,2.04131841786791,2.20747052308526
2.23201721766089,2.04125806405648,2.20746507527689
2.23191924913308,2.04120842034012,2.20742229468354
2.23182130270012,2.04120013880604,2.20714683656889
2.23172337835204,2.04114085088479,2.20709722742188
2.23162547607888,2.0408955421164,2.20674527394967
2.23152759587069,2.04058174718382,2.20666937049835
2.23142973771753,2.04056782909367,2.20649213081122
2.23133190160945,2.04051931764808,2.20638261669808
2.23123408753654,2.04044278407553,2.20637629132083
2.23113629548886,2.04040108540719,2.20636738857235
2.2310385254565,2.04038442133445,2.20619791941523
2.23094077742955,2.04031452658496,2.206112733526
2.23084305139811,2.0399881513827,2.20592172539726
2.23074534735227,2.03985870434394,2.20582973865143
2.23064766528216,2.03972687372031,2.20565040525893
2.23055000517788,2.03969788366791,2.20537611919095
2.23045236702956,2.03944067539207,2.20517273127654
2.23035475082732,2.03939531953982,2.20510676801869
2.23025715656132,2.03910614218888,2.20501969160813
2.23015958422168,2.03908803812497,2.20495594627703
2.23006203379856,2.0389832702873,2.20460623852292
2.22996450528211,2.0388535728624,2.20458130240446
2.22986699866251,2.03881927636012,2.20442963280397
2.22976951392991,2.03871554663305,2.20433887019877
2.2296720510745,2.03864404825813,2.20426259490749
2.22957461008645,2.03846338087278,2.20422541611785
2.22947719095596,2.03846054724281,2.20421649283339
2.22937979367322,2.0381227701808,2.20416374242355
2.22928241822844,2.03808092119521,2.20404508655049
2.22918506461183,2.03807734861133,2.2040233758149
2.22908773281359,2.03807030473102,2.20397311597736
2.22899042282396,2.03791858891439,2.20393076215956
2.22889313463316,2.03786502043382,2.20388639969319
2.22879586823143,2.03782062704292,2.20388332787217
2.22869862360902,2.03775740416129,2.20385178533449
2.22860140075616,2.03774787826363,2.20377547767202
2.22850419966312,2.03772337707623,2.20364873384123
2.22840702032015,2.03766302306486,2.20348410530393
2.22830986271753,2.03757422821672,2.20326044438106
2.22821272684553,2.03722704493009,2.20318403385852
2.22811561269443,2.03698622642996,2.2031691276152
2.22801852025452,2.03683853974877,2.20313871245303
2.2279214495161,2.0368025016946,2.20312835072262
2.22782440046946,2.036426830997,2.20312045976331
2.22772737310491,2.03629764085487,2.20300573846341
2.22763036741277,2.03619843517241,2.20292109089441
2.22753338338336,2.03607456533191,2.20282550303227
2.227436421007,2.0360615509362,2.20272701084495
2.22733948027403,2.03603838667853,2.20269202686439
2.22724256117479,2.03599659451637,2.20267228555502
2.22714566369962,2.03590357952217,2.20263768581965
2.22704878783888,2.03581711318421,2.20234283305537
2.22695193358292,2.03579481897509,2.20231224755781
2.22685510092212,2.03564548083071,2.20229541142608
2.22675828984684,2.03560248532758,2.20223011005866
2.22666150034747,2.03551479807437,2.20221180959994
2.22656473241438,2.03547878366756,2.20209677125155
2.22646798603797,2.03528160452168,2.20184804555318
2.22637126120864,2.03516089405372,2.20168712837845
2.22627455791679,2.03503785196697,2.20167419004192
2.22617787615283,2.03479432265645,2.20145788729859
2.22608121590718,2.0347591356649,2.20141492631411
2.22598457717027,2.03461952493988,2.20130311323989
2.22588795993251,2.03453494225301,2.20123304143533
2.22579136418436,2.03450300140552,2.2007375777016
2.22569478991625,2.03448907737831,2.20033134331295
2.22559823711863,2.03447153136457,2.20030794408381
2.22550170578196,2.03446102299142,2.20023158004774
2.22540519589669,2.03438772664084,2.20014225760638
2.22530870745331,2.03432806422549,2.20006126082547
2.22521224044227,2.03430207742514,2.20005675339731
2.22511579485406,2.03426245738579,2.1999817821108
2.22501937067918,2.03402691833304,2.19996138799452
2.2249229679081,2.0340015725357,2.19992173688158
2.22482658653134,2.03379414857829,2.1998998411407
2.2247302265394,2.03377423225933,2.19989278327027
2.22463388792279,2.03363629522739,2.1997684499323
2.22453757067203,2.03350940727032,2.19963576449745
2.22444127477764,2.03350790353375,2.19957454261662
2.22434500023016,2.0334772821044,2.19943547807911
2.22424874702013,2.03337295405781,2.19932119105128
2.22415251513808,2.03332876020945,2.19919411412861
2.22405630457457,2.03330236117915,2.19915332970188
2.22396011532016,2.03330047015234,2.19910658909268
2.2238639473654,2.03321161715345,2.19872815993301
2.22376780070087,2.03314474118072,2.19871299772787
2.22367167531714,2.03312049299435,2.1986433071485
2.2235755712048,2.03293764953097,2.19835226264271
2.22347948835443,2.03271869123315,2.19812334947425
2.22338342675663,2.03264779212144,2.19794893833322
2.22328738640199,2.03241100502564,2.19776481943269
2.22319136728112,2.03215440448943,2.197330817459
2.22309536938465,2.0320504181953,2.19725322299607
2.22299939270317,2.03196751029452,2.19719466441393
2.22290343722733,2.03196205908127,2.19717643237903
2.22280750294774,2.03186403118826,2.19714691073367
2.22271158985506,2.03186263597895,2.19692810701972
2.22261569793992,2.03183927522641,2.19690460623861
2.22251982719298,2.03157502234529,2.19679034995191
2.22242397760488,2.0313940612459,2.19664746421177
2.22232814916629,2.0313703724327,2.19661409193741
2.22223234186789,2.0313411276125,2.19651109023645
2.22213655570034,2.03118482202696,2.1964512668699
2.22204079065433,2.0311827129395,2.19638809622218
2.22194504672054,2.03111818515419,2.19623622352578
2.22184932388967,2.03103688509663,2.19617965267264
2.22175362215242,2.03093396766807,2.19615859482204
2.22165794149949,2.03091937887482,2.19591352994441
2.22156228192159,2.03090937265597,2.19577766954407
2.22146664340944,2.03082128212211,2.19548925081401
2.22137102595377,2.03081100342936,2.19532675971598
2.2212754295453,2.03073859169789,2.1951786608339
2.22117985417478,2.03030931135718,2.19502736895097
2.22108429983294,2.03014927104206,2.19495897698771
2.22098876651054,2.03010430933988,2.1948635615646
2.22089325419832,2.0299703291392,2.1947880345022
2.22079776288705,2.02986956583339,2.19466750684572
2.2207022925675,2.02985083079205,2.19456380887748
2.22060684323043,2.02979784088165,2.19450839753553
2.22051141486663,2.02974519244932,2.19398958605622
2.22041600746688,2.02970113629236,2.19393147458716
2.22032062102198,2.02966087649664,2.19392123562741
2.22022525552271,2.02959830584989,2.19386581325276
2.22012991095989,2.02954550410531,2.19379668105178
2.22003458732433,2.02909738645759,2.19378587283606
2.21993928460683,2.028904839093,2.19361432356894
2.21984400279822,2.02889472914425,2.193468244948
2.21974874188932,2.02879623891109,2.19344006202038
2.21965350187098,2.02876427926773,2.19340324406193
2.21955828273403,2.02875568375017,2.19323686929536
2.21946308446931,2.02871093693881,2.193236693713
2.21936790706768,2.02865945706083,2.19319333733039
2.21927275051999,2.02854905185418,2.19291374468291
2.21917761481711,2.02845839563821,2.19285061894814
2.21908249994991,2.02830521320537,2.19282476773152
2.21898740590927,2.02823700941238,2.19278796832046
2.21889233268605,2.0281465811239,2.192725182325
2.21879728027116,2.02811335340092,2.19269318530034
2.21870224865549,2.02809436976356,2.19250455703729
2.21860723782993,2.02804227307808,2.19240996102981
2.21851224778539,2.02801646360929,2.19233902851829
2.21841727851278,2.02793539614605,2.19214035527818
2.21832233000302,2.02793526902505,2.19211924839687
2.21822740224704,2.02782871139859,2.19211139830494
2.21813249523575,2.0277944977935,2.19207433480382
2.21803760896011,2.02776800091876,2.19206938163851
2.21794274341104,2.0277116031641,2.19205693204249
2.2178478985795,2.02766701003948,2.19200951108576
2.21775307445643,2.02744751409804,2.19197993093614
2.21765827103281,2.02739162077905,2.19190300010324
2.21756348829959,2.02735949199184,2.19173406409156
2.21746872624774,2.02714306098702,2.19152517073334
2.21737398486824,2.02712858566072,2.1915160344464
2.21727926415207,2.02712364602147,2.1914803338828
2.21718456409022,2.02710747209939,2.19139876442973
2.21708988467369,2.02702297232452,2.19121544990337
2.21699522589348,2.02673537354924,2.19116291883819
2.21690058774059,2.02672369171085,2.19114172574726
2.21680597020603,2.02669297146157,2.19070129856868
2.21671137328083,2.02665832651872,2.19064690429374
2.21661679695599,2.02640302594718,2.19062412761697
2.21652224122257,2.02635998952893,2.19054919094837
2.21642770607159,2.02634458077921,2.19041620194041
2.21633319149409,2.02616644133844,2.19029649235584
2.21623869748111,2.02584502902178,2.19025049000882
2.21614422402373,2.02561165639431,2.19005715827057
2.21604977111298,2.0255887861134,2.18985986286704
2.21595533873994,2.025566249346,2.18975215046233
2.21586092689567,2.02553471000683,2.18972769034172
2.21576653557126,2.02540755637766,2.18972645261487
2.21567216475779,2.02520071339449,2.18966982719595
2.21557781444634,2.024968651307,2.18964431760141
2.215483484628,2.02493384400392,2.18961960187636
2.21538917529389,2.02486770398647,2.18952999821449
2.21529488643509,2.02480270959825,2.18951238890506
2.21520061804273,2.02454895204344,2.18950383079276
2.21510637010792,2.0243077630906,2.18939835953411
2.21501214262178,2.02426544556344,2.1893788949357
2.21491793557545,2.02418120123185,2.18932919378896
2.21482374896005,2.02412166865175,2.18914173818532
2.21472958276672,2.02407941349818,2.18911459233026
2.21463543698662,2.02405043648173,2.18907903845072
2.2145413116109,2.02395955275939,2.18907847603612
2.2144472066307,2.02386534896294,2.18887232847077
2.2143531220372,2.02365613723066,2.18873121300302
2.21425905782156,2.02364876161166,2.18867651996402
2.21416501397496,2.02334112614329,2.18865388278011
2.21407099048858,2.02332528483677,2.18850878916506
2.2139769873536,2.02327522320539,2.18838860967793
2.21388300456122,2.02325416897727,2.18824182780969
2.21378904210263,2.02324176188475,2.18807657740579
2.21369509996904,2.02323657805761,2.18807174362146
2.21360117815165,2.02310136605928,2.1880692579882
2.21350727664168,2.02283023555982,2.18802537458569
2.21341339543036,2.02282329142546,2.18772825678624
2.2133195345089,2.022787563007,2.18759469108808
2.21322569386854,2.02247215877791,2.18733192302555
2.21313187350051,2.02239982323167,2.18730299945376
2.21303807339606,2.02239539274685,2.18730266685369
2.21294429354644,2.02232633258427,2.1872763361073
2.21285053394291,2.02209847993619,2.18708836520746
2.21275679457671,2.0219567525848,2.18703648482492
2.21266307543912,2.02185460719013,2.18687452099646
2.21256937652141,2.02181416415571,2.18685411223924
2.21247569781485,2.02173964874174,2.18682890155702
2.21238203931074,2.0216927154676,2.18681336219801
2.21228840100035,2.02156890107328,2.18679801087118
2.21219478287498,2.02147866624652,2.1867190186558
2.21210118492593,2.02146647631362,2.18659491797996
2.21200760714451,2.02145125513912,2.18653003386125
2.21191404952202,2.02137299460423,2.18647345131689
2.21182051204979,2.02113002012938,2.1863787370716
2.21172699471913,2.02094488109807,2.18636848342859
2.21163349752137,2.02087135467268,2.1862328488879
2.21154002044785,2.0208259847292,2.1861927923277
2.2114465634899,2.02082032245742,2.1860811599605
2.21135312663888,2.02080551430976,2.18595823085993
2.21125970988612,2.02064138995261,2.18588045744468
2.21116631322298,2.02054555449825,2.18562715845685
2.21107293664083,2.02038431150494,2.18550956348702
2.21097958013104,2.02037645776166,2.18546088354798
2.21088624368496,2.02036507524563,2.18530849521354
2.21079292729399,2.0197563621265,2.1853040363813
2.21069963094951,2.01969100591398,2.18527989014445
2.2106063546429,2.0195931720486,2.18526243082972
2.21051309836556,2.01959235984653,2.18520174514929
2.21041986210889,2.01958961295999,2.18513869817483
2.21032664586429,2.01957840563779,2.18510471755084
2.21023344962319,2.01949511872583,2.18510236723397
2.21014027337698,2.01948443344048,2.18484073908395
2.2100471171171,2.01945958118922,2.18482587343045
2.20995398083497,2.01931261771019,2.1848009837312
2.20986086452202,2.01930282684065,2.18451250137399
2.20976776816971,2.01916088287517,2.18448428233547
2.20967469176946,2.01909618618546,2.18429354150301
2.20958163531272,2.01906496967969,2.18423696153096
2.20948859879097,2.01895107606816,2.18422469006989
2.20939558219564,2.01890609672426,2.18420258964032
2.20930258551822,2.01878195082526,2.1841172070016
2.20920960875017,2.01875847674876,2.18410893231174
2.20911665188297,2.01873361565299,2.18407010388674
2.2090237149081,2.01833317624263,2.18397746646617
2.20893079781705,2.01829713712004,2.18393294622786
2.20883790060132,2.01829286017132,2.18380202177415
2.2087450232524,2.01821813767157,2.18372536260576
2.20865216576179,2.0180781006823,2.1837250310237
2.20855932812102,2.01799615910944,2.18366988133389
2.20846651032158,2.01797453236045,2.18363620602211
2.20837371235501,2.01791691510337,2.18336693234463
2.20828093421283,2.01788820903308,2.18331215307752
2.20818817588657,2.017797300922,2.18327573477782
2.20809543736776,2.01774821685311,2.18326872935943
2.20800271864796,2.01734292922818,2.18326716105686
2.20791001971871,2.01733710708276,2.18325753543768
2.20781734057156,2.01730977057619,2.18320113806192
2.20772468119807,2.01722902313107,2.18317011264746
2.2076320415898,2.01714275488158,2.18303165800448
2.20753942173833,2.01710020414655,2.18302882006715
2.20744682163523,2.01698138941522,2.18296297159248
2.20735424127207,2.01684561200108,2.18296220393372
2.20726168064046,2.01674899616063,2.18276032471933
2.20716913973197,2.01669334951626,2.18260592697912
2.2070766185382,2.01659917044807,2.18259007690098
2.20698411705076,2.01646744283444,2.18240471059328
2.20689163526124,2.01639333891368,2.18232045450272
2.20679917316128,2.01630177376516,2.18198906593916
2.20670673074247,2.01613207568031,2.18195221186891
2.20661430799645,2.01610854318341,2.18192001412577
2.20652190491485,2.01609977429918,2.18186958840989
2.20642952148929,2.01608848909128,2.1818505494545
2.20633715771142,2.01591326095865,2.1817488441052
2.20624481357289,2.01588011104671,2.1817429408183
2.20615248906533,2.01580854268942,2.18161184486329
2.20606018418041,2.01572137534537,2.18157907767644
2.20596789890979,2.01544078036601,2.18153543020364
2.20587563324514,2.0153982275471,2.18134114999033
2.20578338717812,2.01538638046852,2.18115719420475
2.20569116070041,2.01534057426643,2.18112847938575
2.20559895380369,2.01510787524857,2.18104967622772
2.20550676647965,2.01501231314065,2.18088418736912
2.20541459871999,2.01501017112832,2.18088296482655
2.2053224505164,2.01500950232469,2.18088273535927
2.20523032186058,2.01495303247601,2.180863716272
2.20513821274424,2.01481222389848,2.18083391993051
2.2050461231591,2.01473904255216,2.18068268605191
2.20495405309687,2.01467488189675,2.18065582182128
2.20486200254928,2.0144285374877,2.18052680921157
2.20476997150806,2.01437313523242,2.18049077597326
2.20467795996494,2.01430805069217,2.18044312332769
2.20458596791166,2.01426999039959,2.18031461171666
2.20449399533997,2.01422479777574,2.18027856911464
2.20440204224162,2.01421664671106,2.18026265725025
2.20431010860835,2.01402884090327,2.18025874796157
2.20421819443195,2.01402446097736,2.18025210603496
2.20412629970416,2.0139993021202,2.18016724548463
2.20403442441676,2.01385207425184,2.18007553574306
2.20394256856153,2.01384176624499,2.17998272845069
2.20385073213025,2.01373128426427,2.17991444237995
2.20375891511471,2.01362165946822,2.1797411932147
2.2036671175067,2.01359387755575,2.17973705293999
2.20357533929801,2.01348505444387,2.17944027396506
2.20348358048044,2.01326646182552,2.17928974231491
2.20339184104582,2.01320684943489,2.17927542279382
2.20330012098594,2.01311530639232,2.17905356979349
2.20320842029263,2.01302780741492,2.17894833951243
2.20311673895771,2.01278428994246,2.1788554841967
2.20302507697301,2.01265603161886,2.17871797414205
2.20293343433036,2.01256393883806,2.17868601562838
2.2028418110216,2.01252906676207,2.17863919076623
2.20275020703858,2.01252429072066,2.17847576852198
2.20265862237314,2.01247697266187,2.17842395559287
2.20256705701714,2.01242122958286,2.17819940467124
2.20247551096244,2.01228676325504,2.1781951337503
2.2023839842009,2.01209084249006,2.17811307623112
2.20229247672439,2.01184339621452,2.17801152199549
2.20220098852479,2.0117469144157,2.17786240303642
2.20210951959397,2.01173489798821,2.17779140463919
2.20201806992383,2.01171252587589,2.17758260364938
2.20192663950625,2.01150419185795,2.17734522897129
2.20183522833312,2.01126817040817,2.17718455376765
2.20174383639636,2.01117375472279,2.17718163450685
2.20165246368786,2.0111183359358,2.17711470206397
2.20156111019953,2.01103479210013,2.17707173233393
2.2014697759233,2.01094021988928,2.17699747771741
2.20137846085107,2.01091697844741,2.17691437720431
2.20128716497478,2.01089103377419,2.17683018276609
2.20119588828636,2.01082507248044,2.17680364339312
2.20110463077775,2.01070095458032,2.1767741009791
2.20101339244088,2.01063426831045,2.17671515120949
2.2009221732677,2.01046027731473,2.17653363219303
2.20083097325017,2.01045643226736,2.17633357638015
2.20073979238023,2.01039629963335,2.1763213629651
2.20064863064986,2.01028082028545,2.17619024138922
2.20055748805101,2.0102437628188,2.17606984363755
2.20046636457567,2.01013011187337,2.17602253504745
2.2003752602158,2.01007280736255,2.17581865500735
2.20028417496339,2.01006528207456,2.17568584121757
2.20019310881042,2.01001360074954,2.17561022288259
2.20010206174889,2.01000771862542,2.17546972956912
2.2000110337708,2.00991199358296,2.17541690142766
2.19992002486814,2.00983862915272,2.17540160751963
2.19982903503292,2.00976217229852,2.17528843366707
2.19973806425716,2.00976020482927,2.17493729279305
2.19964711253286,2.00973745705847,2.17480231111355
2.19955617985207,2.00972778932582,2.17450474409829
2.19946526620679,2.00972549289633,2.17444845650029
2.19937437158907,2.00961039618668,2.17442334331459
2.19928349599093,2.00953355885267,2.17434704484243
2.19919263940443,2.0094751752654,2.17434397353098
2.1991018018216,2.00929235577068,2.1742844347506
2.19901098323451,2.0092498993349,2.17423595365138
2.1989201836352,2.00922126734123,2.17412070460359
2.19882940301574,2.00911929543078,2.17406936903944
2.1987386413682,2.00909856815217,2.17397299985864
2.19864789868465,2.00905725586087,2.17388829829129
2.19855717495716,2.00904276955333,2.1738858500931
2.19846647017782,2.00889943586439,2.17379867398156
2.19837578433871,2.00877780486475,2.17376784613531
2.19828511743193,2.00876350297546,2.17374536920566
2.19819446944958,2.00874631256432,2.17360301942675
2.19810384038374,2.00864652349233,2.17346733169659
2.19801323022654,2.00852767082705,2.17346324669219
2.19792263897007,2.00836375696169,2.17334212092393
2.19783206660647,2.00820422565667,2.17332762019035
2.19774151312785,2.00805739321286,2.17331711237577
2.19765097852633,2.00801865862675,2.17329386631832
2.19756046279405,2.00796717145432,2.17319525219215
2.19746996592315,2.00761733763272,2.17310549806702
2.19737948790576,2.00756689847454,2.17298860937929
2.19728902873403,2.00735685166387,2.17298166974545
2.19719858840011,2.00733828658641,2.17297953995407
2.19710816689616,2.00728354204065,2.17295572746356
2.19701776421434,2.00723809142266,2.17272702664086
2.19692738034681,2.00721353979588,2.17272330823496
2.19683701528575,2.00715275724424,2.17271681646413
2.19674666902332,2.00714298962335,2.17229757913236
2.19665634155172,2.00701886125356,2.17223587376539
2.19656603286312,2.00699731729116,2.17220535162738
2.19647574294972,2.00695847082432,2.17208279861841
2.19638547180371,2.0068233786901,2.17183013826927
2.19629521941728,2.00665785473606,2.17167372486888
2.19620498578266,2.00647254465804,2.17166685593277
2.19611477089203,2.00640979192043,2.17160529704709
2.19602457473763,2.00639882394765,2.17146684231361
2.19593439731166,2.00629984293527,2.17143013759245
2.19584423860635,2.00615300135789,2.17137389479195
2.19575409861393,2.00601437898164,2.17116161268254
2.19566397732664,2.00591869930648,2.17108956161297
2.19557387473671,2.00575096955267,2.17103379842724
2.19548379083639,2.00573854504037,2.17095874485837
2.19539372561792,2.00560572704327,2.170937300918
2.19530367907356,2.00560433528388,2.17087061859286
2.19521365119556,2.00543786111833,2.17082949957237
2.19512364197619,2.00539316669627,2.17076811206257
2.19503365140772,2.00530555783981,2.17075259627895
2.19494367948241,2.00508403158949,2.17072299666673
2.19485372619255,2.00506998278925,2.17049647167434
2.19476379153041,2.0049891177962,2.17047755261602
2.19467387548829,2.00482764373548,2.17041374784302
2.19458397805847,2.00475933901274,2.170379806419
2.19449409923325,2.00470747130525,2.17034707749069
2.19440423900493,2.00470208489718,2.17034328408882
2.19431439736583,2.00460154370083,2.17031961702575
2.19422457430823,2.00452904650173,2.17018540147241
2.19413476982448,2.00433987314263,2.17010643553134
2.19404498390687,2.00433119254407,2.17002339958388
2.19395521654775,2.00420481894798,2.1700070390677
2.19386546773943,2.00412718939835,2.16988307818267
2.19377573747425,2.00404730111535,2.16971576350688
2.19368602574456,2.00387593879862,2.16969557320509
2.19359633254269,2.00381256464623,2.16951931096518
2.193506657861,2.00374902789082,2.16947423212464
2.19341700169183,2.00367174541437,2.16946187972036
2.19332736402755,2.00351483646386,2.16942127517005
2.19323774486052,2.00325203155374,2.16938039429345
2.1931481441831,2.00292819425915,2.16903211341836
2.19305856198767,2.00281740645171,2.16897641552154
2.1929689982666,2.0027844619041,2.16884008876325
2.19287945301229,2.00262280134136,2.1688138924246
2.1927899262171,2.00249820310154,2.16880877666693
2.19270041787344,2.00248796672154,2.1687523208143
2.1926109279737,2.00242676321119,2.16869126419109
2.19252145651028,2.0023682960996,2.16861773926908
2.19243200347559,2.00235118320872,2.16855232288528
2.19234256886203,2.00192100750142,2.16849592723103
2.19225315266202,2.00185666085135,2.16821475825038
2.19216375486798,2.00176391787824,2.1681224810038
2.19207437547234,2.00172756998975,2.16786942667534
2.19198501446752,2.0016945455649,2.16785588504603
2.19189567184595,2.00166696773355,2.16783631316088
2.19180634760008,2.00141472401188,2.16768026993192
2.19171704172234,2.00140865347756,2.16756536345138
2.19162775420519,2.00122232795698,2.16733458514945
2.19153848504107,2.00118519230999,2.16729597517884
2.19144923422244,2.00094702849822,2.16718906136151
2.19136000174177,2.00088812636761,2.1669422135689
2.19127078759152,2.00077485662959,2.16691498132293
2.19118159176416,2.00073981734305,2.16686634267673
2.19109241425216,2.00064441841427,2.16685037646218
2.19100325504801,2.00036703877902,2.16679299276195
2.19091411414418,2.00034582098637,2.16667399347512
2.19082499153318,2.00031087146576,2.16664977114543
2.19073588720748,2.00020798593749,2.16653321817103
2.1906468011596,2.00016386215464,2.16649368962805
2.19055773338203,1.99991909513981,2.16640186549328
2.19046868386729,1.99985971411515,2.16608758789547
2.19037965260787,1.99975147875254,2.16596056677961
2.19029063959631,1.9997511302634,2.16594184600566
2.19020164482511,1.99970911648388,2.16590627190966
2.19011266828682,1.99966413913569,2.16586463414359
2.19002370997395,1.99959871741266,2.16582713994852
2.18993476987904,1.99951918150706,2.16578696587259
2.18984584799464,1.99935266989612,2.1656850358718
2.18975694431329,1.99919113686847,2.1655247707747
2.18966805882753,1.99917522974975,2.16533398232091
2.18957919152992,1.99908155949694,2.16528933633968
2.18949034241302,1.99901848816666,2.16514644773877
2.18940151146938,1.9989620892263,2.16511582503445
2.18931269869159,1.99896124246946,2.16496753421242
2.1892239040722,1.99892345301367,2.16496115777151
2.1891351276038,1.99871753360437,2.16492622827484
2.18904636927897,1.99869343067071,2.16483989667343
2.18895762909028,1.99851789084589,2.16478394833457
2.18886890703034,1.99850941163018,2.1647830247153
2.18878020309174,1.9984522820663,2.16476174078595
2.18869151726707,1.99835256193804,2.16473734362588
2.18860284954893,1.99809747857032,2.16450799523306
2.18851419992995,1.99807072657575,2.16450461011841
2.18842556840272,1.99749885051762,2.16446233000639
2.18833695495987,1.99747694740294,2.16445326626175
2.18824835959402,1.99715858315354,2.16404324583408
2.18815978229779,1.99712086936703,2.16394633715505
2.18807122306382,1.99711635072237,2.16373019895882
2.18798268188473,1.9969145455811,2.16370504289673
2.18789415875318,1.99679224590944,2.16346134468967
2.1878056536618,1.99675879430757,2.16341587583078
2.18771716660324,1.9966650975955,2.1632564407543
2.18762869757016,1.99663312288537,2.16319981791038
2.1875402465552,1.99660509203397,2.16316832085971
2.18745181355105,1.99656544287294,2.16316684468403
2.18736339855036,1.99655592667203,2.16316025904303
2.1872750015458,1.99649417538132,2.1631022932707
2.18718662253005,1.99649260591098,2.16304224790306
2.18709826149578,1.99627607187465,2.16287827064618
2.18700991843569,1.99622806463961,2.16287633096663
2.18692159334247,1.99618680422058,2.16287182468405
2.18683328620879,1.99598425361239,2.16286748684024
2.18674499702738,1.99598055935045,2.16245921246986
2.18665672579091,1.99594371451728,2.16240166303395
2.18656847249211,1.99571319681935,2.16214913740982
2.18648023712368,1.9956546218453,2.16191488309782
2.18639201967835,1.99556185028384,2.16182305799464
2.18630382014882,1.99553971635497,2.16177938919882
2.18621563852783,1.99552091228692,2.16161358632665
2.18612747480809,1.99543496681,2.16159665663948
2.18603932898236,1.99536254296224,2.16156621757781
2.18595120104336,1.99534673771561,2.16155128868727
2.18586309098384,1.99517814506488,2.16117712840714
2.18577499879654,1.99507744615297,2.16107906533032
2.18568692447421,1.99474942962945,2.16098898757713
2.18559886800961,1.99458375484593,2.16098061799143
2.1855108293955,1.99451365168165,2.16076262096658
2.18542280862465,1.99449400887202,2.1607182258731
2.18533480568982,1.99440852336642,2.16067035166597
2.18524682058379,1.99440110419157,2.16063863772987
2.18515885329932,1.99439412022026,2.16051812852151
2.18507090382922,1.99439295557495,2.1603700639335
2.18498297216625,1.9943734086438,2.16032019482825
2.18489505830322,1.99409153317105,2.16028104745714
2.18480716223291,1.9939545201732,2.1602040439224
2.18471928394813,1.99391007318238,2.16018024848744
2.18463142344168,1.99384462159357,2.16011214309242
2.18454358070637,1.99375030950316,2.1600438478224
2.18445575573501,1.99359821588458,2.1599298314833
2.18436794852041,1.99346995101283,2.15987895047472
2.18428015905541,1.99340365581428,2.15971661979231
2.18419238733282,1.99331360741931,2.15967658324458
2.18410463334547,1.99327489213144,2.15953178873575
2.1840168970862,1.99322946127755,2.15942736865667
2.18392917854785,1.99319097149451,2.15925266315542
2.18384147772326,1.99318017261068,2.15908116063863
2.18375379460527,1.99313741222812,2.15895102009567
2.18366612918675,1.99287865573971,2.15887982097812
2.18357848146053,1.9927969605937,2.15879390352514
2.1834908514195,1.99271174379401,2.15859377264356
2.1834032390565,1.99265356124791,2.15858953241872
2.18331564436441,1.99263652139662,2.15855892734836
2.1832280673361,1.99251623337688,2.15854922352192
2.18314050796446,1.99249563402474,2.1584638911082
2.18305296624235,1.99249210829481,2.15830112300529
2.18296544216267,1.99248858518774,2.15829562947477
2.18287793571831,1.99243752217653,2.15825507820791
2.18279044690216,1.99217548265377,2.15825129234131
2.18270297570712,1.99214606924447,2.15817810229594
2.18261552212609,1.9918780248478,2.15807578008421
2.18252808615199,1.99187446093958,2.15806771631688
2.18244066777772,1.99181483673475,2.15806127538415
2.1823532669962,1.99163332420657,2.15796055998739
2.18226588380035,1.99160325626636,2.15785222315551
2.1821785181831,1.99139336565634,2.15784854363474
2.18209117013737,1.99130092026861,2.1577271277961
2.1820038396561,1.99124103184547,2.15750193801773
2.18191652673222,1.99109932634334,2.15749885796753
2.18182923135868,1.99108775553171,2.15734632133543
2.18174195352842,1.99106080873327,2.15731172256741
2.18165469323439,1.99093800661286,2.15725324561838
2.18156745046956,1.9909088288779,2.15722499915961
2.18148022522686,1.99089923753834,2.15704278943656
2.18139301749928,1.99086000627114,2.15695823353247
2.18130582727977,1.99079757555144,2.15693500325389
2.18121865456132,1.99057229283618,2.15660512265272
2.18113149933688,1.99055231076195,2.15652194932598
2.18104436159945,1.9904804449926,2.15634698981737
2.180957241342,1.99046596835399,2.15632321054902
2.18087013855754,1.99038372093984,2.15631610057355
2.18078305323904,1.99033863832957,2.15620874626298
2.1806959853795,1.98997527470179,2.15613984952718
2.18060893497193,1.98989998346856,2.15610343836767
2.18052190200934,1.98983328230152,2.15610289876793
2.18043488648472,1.98981137788181,2.15602954143438
2.1803478883911,1.98978424855623,2.15597727989535
2.18026090772149,1.9896183054296,2.1559538335694
2.18017394446892,1.98955723548266,2.15570445249924
2.1800869986264,1.98954294610635,2.1556465291101
2.18000007018698,1.98947621193475,2.15545555243116
2.17991315914369,1.98944912912683,2.15537109234344
2.17982626548955,1.98944704744342,2.15527491821036
2.17973938921763,1.98940284099626,2.15517759751554
2.17965253032096,1.98934352586743,2.15502882977421
2.16262086122176,1.97359509486519,2.13975645318689
2.14623199152042,1.95875914839821,2.12461863022065
2.13043916036559,1.94334913631838,2.10821630542039
2.11520053080509,1.93090209365878,2.0934914275183
2.10047852185125,1.91670593785058,2.07842188917145
2.08623925009922,1.90246605069619,2.06565549701783
2.07245206001885,1.88934590686421,2.05186776306561
2.05908912654105,1.87675483530048,2.03984009375049
2.04612511698378,1.86395589342463,2.02666897790201
2.033536901993,1.85177190954163,2.01533519931341
2.0213033072107,1.84079892827675,2.00428185595789
2.00940489897243,1.82944298835975,1.9922910681671
1.99782379858749,1.81811233937695,1.98154023981394
1.98654352074574,1.808115252363,1.97095934759154
1.97554883238497,1.79795518792097,1.95982503381678
1.9648256289866,1.78800739919331,1.94787628631832
1.95436082577928,1.77687179918647,1.93754179276376
1.94414226174507,1.76760015847412,1.92889302355387
1.93415861466183,1.75742875453986,1.91923158016891
1.92439932569348,1.74886425881304,1.90943103735403
1.91485453226867,1.74038328670653,1.90082753090464
1.90551500817819,1.73072414026685,1.89229230230143
1.89637210997904,1.72258146982477,1.88231857599306
1.88741772892485,1.71408846702165,1.87300368931363
1.8786442477526,1.70611531235646,1.86426968299164
1.8700445017485,1.69912511794158,1.85526086552801
1.86161174359456,1.69229245924474,1.84764850436714
1.85333961156344,1.68519839570557,1.83835567426929
1.84522210068628,1.67736435754911,1.83058650128511
1.83725353656599,1.66949103879161,1.8231191482083
1.8294285515499,1.66138105147767,1.8154628114644
1.82174206301148,1.65503079651457,1.80775318819979
1.81418925352061,1.64761635475826,1.80089347457453
1.80676555270903,1.64115671958405,1.79316494273815
1.79946662065978,1.63381857840664,1.78573556649285
1.79228833266964,1.62614440732066,1.77855557197279
1.78522676525039,1.6208764242641,1.77154941197113
1.7782781832502,1.61420168102927,1.76440821745045
1.7714390279891,1.60840985213804,1.75718034025204
1.7647059063143,1.60236553070857,1.75120690460519
1.75807558049099,1.59680784820979,1.74536236613477
1.75154495885338,1.59069875494902,1.73836184979449
1.74511108714823,1.58497740902192,1.73226477489528
1.73877114051034,1.57857516097299,1.72655175223076
1.73252241601536,1.57246747754087,1.71996675481265
1.72636232576078,1.56667116481823,1.71412454743213
1.72028839043087,1.56138067908752,1.70891163560197
1.71429823330538,1.55600881414591,1.70259026975328
1.70838957467584,1.55053079275356,1.69653638561168
1.7025602266367,1.54524593634164,1.69076495224983
1.69680808822134,1.54039783898747,1.68501745145674
1.69113114085608,1.53624213063794,1.67930202898383
1.68552744410751,1.53134664092982,1.67414691420568
1.67999513170061,1.52592259282217,1.66846534595029
1.67453240778741,1.5209874673178,1.66326952661249
1.66913754344738,1.5160697717185,1.65775990469637
1.66380887340255,1.51093139889473,1.65280342507352
1.65854479293169,1.50657291440455,1.64721114732245
1.65334375496931,1.50203989700515,1.64246012724267
1.64820426737629,1.49704479792377,1.63712503701116
1.6431248903702,1.49246950656042,1.63256304349577
1.63810423410405,1.48758729513285,1.62771358326688
1.63314095638352,1.48249698470466,1.62287286416555
1.62823376051308,1.47792581512478,1.61774252422954
1.62338139326247,1.47295448570753,1.61278922638791
1.61858264294557,1.46815622996883,1.60836570697241
1.61383633760416,1.46347360329248,1.60396532776417
1.60914134328999,1.45930298872967,1.59900496733658
1.6044965624386,1.45480752004176,1.59454464854427
1.59990093232923,1.45053055428859,1.5900684119112
1.59535342362542,1.44676158486636,1.58585886816482
1.5908530389911,1.44277828443357,1.58157225092954
1.58639881177781,1.4389034580687,1.57758670772932
1.58198980477841,1.4347966008445,1.57322607382774
1.57762510904353,1.4307117752964,1.56894272462233
1.57330384275684,1.42679283112033,1.56453399132936
1.56902515016579,1.42254076405773,1.56018567655009
1.56478820056441,1.41890644707963,1.55581620939309
1.56059218732536,1.4149027804572,1.55189768469047
1.55643632697821,1.41130233113632,1.54751979890246
1.55231985833149,1.40752628969391,1.54296937177766
1.54824204163585,1.40395541263767,1.53922667380296
1.54420215778626,1.40021733580478,1.53502334116776
1.54019950756085,1.39700181186152,1.53146744151471
1.53623341089466,1.39276132460952,1.52730793861134
1.5323032061861,1.38933536683434,1.52318993455784
1.52840824963461,1.38581924496461,1.5196211008294
1.52454791460773,1.38229116568252,1.51639758239006
1.52072159103602,1.3788481874871,1.51286331057348
1.51692868483448,1.37561752327169,1.509060050082
1.51316861734893,1.37193426926174,1.50544955021742
1.50944082482622,1.36829780381635,1.50166535166986
1.50574475790692,1.36442854934453,1.49802209342394
1.50207988113951,1.36089508684584,1.49475710456407
1.49844567251478,1.35758535432796,1.49115054044704
1.49484162301962,1.35475168286258,1.48777127116262
1.4912672362092,1.3513241924734,1.48421556183484
1.48772202779655,1.34779455933293,1.48076583345931
1.48420552525875,1.34468262549817,1.47708062558211
1.48071726745902,1.34134906039224,1.47390168354389
1.47725680428378,1.33845575132552,1.47074502438136
1.47382369629407,1.33499321620355,1.46704449094837
1.47041751439073,1.33164584422055,1.46384300575072
1.46703783949244,1.32837283933541,1.46042807441473
1.46368426222637,1.3254526099968,1.45709071966259
1.46035638263055,1.32238871097997,1.45362744442065
1.45705380986762,1.31950426429864,1.45030044120532
1.45377616194939,1.3161064667618,1.44698904777648
1.45052306547164,1.31282694895475,1.44406982202586
1.44729415535891,1.3098656729887,1.44076067613502
1.44408907461857,1.30701987454199,1.4376489488521
1.44090747410397,1.3042417189318,1.43459885492888
1.43774901228623,1.30120408518989,1.4315048774414
1.43461335503417,1.29858981603984,1.42832320831584
1.43150017540226,1.29576023821247,1.4250335778568
1.42840915342597,1.29333473304805,1.42216058283466
1.4253399759245,1.29053911218043,1.41906777857795
1.42229233631029,1.28768110847834,1.41582274422939
1.4192659344053,1.28510756733897,1.41301700221638
1.41626047626354,1.28293671788747,1.41049347780413
1.41327567399974,1.28050401452267,1.40729404748059
1.41031124562391,1.27784967403042,1.40448982840533
1.40736691488142,1.27490665022637,1.40163150490506
1.40444241109855,1.27224851280083,1.39894850285229
1.40153746903313,1.26972537784515,1.39612338909986
1.39865182873022,1.26713919814497,1.39323706829301
1.39578523538248,1.26452176298364,1.39059545611798
1.39293743919517,1.262050207077,1.38764248409063
1.39010819525553,1.25968100437138,1.38510286264639
1.38729726340635,1.25694010168543,1.38213021358193
1.3845044081237,1.25467406130677,1.37914253914001
1.38172939839846,1.25210205942094,1.37609556314846
1.37897200762167,1.24956600789799,1.37318284391753
1.3762320134735,1.24684767902783,1.37059008616577
1.37350919781567,1.24419349979428,1.36777842400784
1.37080334658723,1.24163254751888,1.36523019388198
1.3681142497036,1.23922826559508,1.36249193321924
1.36544170095867,1.23639491310151,1.35965875785403
1.36278549792991,1.2338455167532,1.35694625928749
1.36014544188638,1.23144149588322,1.35433987843261
1.35752133769951,1.22904212310412,1.35177715670031
1.35491299375654,1.22664715804124,1.34937662218337
1.35232022187658,1.22442899014372,1.34709423581314
1.34974283722912,1.22208999457278,1.34480103236091
1.34718065825499,1.21969298474131,1.34220980715487
1.34463350658959,1.21726828074308,1.33964612287567
1.34210120698839,1.21500494399404,1.33709501835393
1.33958358725459,1.21232836594502,1.33487042182943
1.33708047816884,1.21027552890332,1.33226877550029
1.334591713421,1.2080491322163,1.33016115828436
1.33211712954381,1.20594454548341,1.32758948497649
1.32965656584852,1.20380178050567,1.32531989964117
1.3272098643622,1.20162282651661,1.32278388327833
1.32477686976693,1.19954232649978,1.32046581062686
1.32235742934064,1.19729989139948,1.31789873124201
1.31995139289953,1.19529772328181,1.31547726494841
1.31755861274221,1.19313539375039,1.31313335301988
1.31517894359523,1.19088555105235,1.31090522009094
1.31281224256017,1.18892291392862,1.30868510007059
1.31045836906215,1.1867687846156,1.30629895865088
1.30811718479975,1.18472860799565,1.30395717952123
1.30578855369621,1.1826172896586,1.30182948816728
1.303472341852,1.18045330044929,1.29945709087073
1.3011684174986,1.17844599637515,1.297516329077
1.29887665095355,1.17643353579822,1.29522291291844
1.29659691457659,1.17439683458733,1.2928303053918
1.29432908272706,1.17229354825456,1.29067057549099
1.29207303172233,1.17023176409195,1.28866618789489
1.28982863979732,1.16817063798576,1.28644212114671
1.28759578706506,1.16610978308545,1.28428842617484
1.28537435547828,1.16414638125778,1.28198796959956
1.28316422879194,1.16207559921637,1.27960245938501
1.28096529252676,1.16010813024425,1.27757254035227
1.2787774339336,1.15822049562661,1.27548853904027
1.27660054195878,1.15617971634031,1.27313293276849
1.2744345072103,1.15411499696581,1.27122375193385
1.27227922192479,1.15214267091165,1.26890696265849
1.27013457993537,1.15017047039828,1.26640057311239
1.26800047664027,1.1479822667554,1.26429764354238
1.26587680897223,1.14573860661838,1.26233466033699
1.26376347536859,1.14392837807172,1.26042979355337
1.26166037574218,1.14183510627606,1.25863524454873
1.25956741145287,1.13995426743846,1.25670509071279
1.2574844852798,1.13799919782874,1.2544268767656
1.25541150139431,1.1361430714393,1.25257915574552
1.25334836533343,1.13416075436966,1.25062910996759
1.25129498397411,1.13221985587591,1.24857137837939
1.24925126550796,1.1305469216381,1.24659905899006
1.24721711941664,1.12859056875289,1.2444188267574
1.24519245644778,1.12674698348627,1.2424418384312
1.24317718859151,1.1249144787687,1.24043716370469
1.2411712290575,1.12299273867753,1.23849118190255
1.23917449225251,1.12133890304111,1.23640127065141
1.23718689375847,1.11960100798919,1.23447356036233
1.23520835031113,1.11761604120792,1.23261599071986
1.23323877977903,1.11588955794947,1.23052659036473
1.23127810114313,1.11411127810871,1.22863946734385
1.22932623447677,1.11215408639379,1.2265809453048
1.22738310092612,1.11022725079476,1.22457323515839
1.22544862269106,1.10853124027633,1.222728071669
1.22352272300653,1.10659223197445,1.22107849824773
1.2216053261242,1.10504979035783,1.21915824194414
1.21969635729461,1.10335495769671,1.21714038017531
1.21779574274972,1.10153799927394,1.21529607002872
1.21590340968573,1.0999795340891,1.21337335837982
1.21401928624642,1.09832891915611,1.21149731623057
1.21214330150674,1.09672127765326,1.20988020213977
1.2102753854568,1.09508392087002,1.20831903282495
1.20841546898619,1.09348405387922,1.20656183301052
1.20656348386864,1.09181329446983,1.20460708502416
1.20471936274698,1.09026411200725,1.2028924712614
1.2028830391185,1.08874008109699,1.20122697724723
1.20105444732048,1.08720159417193,1.19936531622306
1.19923352251617,1.0855388214022,1.19767369338012
1.19742020068096,1.08375722374421,1.19606933606708
1.19561441858888,1.08197557321957,1.19416199830726
1.19381611379936,1.08026815022193,1.19235104880273
1.19202522464431,1.07864412508324,1.19055662293331
1.19024169021538,1.07706217728958,1.18877998703514
1.18846545035159,1.07546379086946,1.18710269776404
1.1866964456271,1.07386228512272,1.18524888448128
1.1849346173393,1.0722648893558,1.18354541211431
1.18317990749714,1.07080030384141,1.18178240874253
1.18143225880965,1.06923713836346,1.18007395817178
1.17969161467472,1.06769341452458,1.17824075163531
1.17795791916811,1.06611001649999,1.1763899011323
1.17623111703268,1.06449785389286,1.17471490634619
1.17451115366779,1.06303509991188,1.17314767214024
1.17279797511897,1.06136098437263,1.1713436263913
1.17109152806774,1.05998890156355,1.16967150155672
1.16939175982167,1.05851444684016,1.16793687259286
1.16769861830462,1.0570843491365,1.16620813383123
1.16601205204715,1.05554262235602,1.16455801283509
1.16433201017716,1.0539217531133,1.16301333124382
1.16265844241064,1.05213615967999,1.16160930618221
1.16099129904267,1.05048877449281,1.15994446006911
1.15933053093857,1.04897668744599,1.15833844231221
1.15767608952518,1.04738987529162,1.15661029003085
1.15602792678236,1.04586298715452,1.15476770938799
1.15438599523462,1.04422181782936,1.15308510651971
1.15275024794292,1.042641151359,1.1515563417427
1.15112063849659,1.04106481536485,1.15004108617871
1.14949712100547,1.0395251343559,1.14846968412802
1.14787965009214,1.03803340584463,1.14682279299672
1.14626818088429,1.03665437191272,1.14531379622764
1.14466266900727,1.03526099523201,1.14373887148221
1.14306307057678,1.03376901503457,1.14237508981866
1.14146934219162,1.03249711144027,1.14075248203469
1.13988144092666,1.03109023634852,1.13903138432361
1.13829932432589,1.02970411015296,1.13747850481514
1.13672295039563,1.02836334555528,1.13555345539913
1.13515227759781,1.02668992321639,1.13400362231612
1.13358726484343,1.02528715399349,1.13238338191361
1.13202787148608,1.02388139559953,1.13103705397696
1.13047405731565,1.02249160055983,1.12967765448577
1.12892578255206,1.02099613533182,1.12802169659074
1.12738300783918,1.01964631635864,1.12651842101135
1.12584569423882,1.01824201758506,1.12516783886917
1.12431380322484,1.01697808054156,1.12370661894325
1.12278729667734,1.01572787692724,1.12223424914898
1.12126613687697,1.01458046428629,1.12067452302626
1.11975028649937,1.01336204403354,1.11923459171978
1.11823970860961,1.01198024536248,1.11786780413329
1.11673436665688,1.01042277176895,1.11618909720638
1.11523422446909,1.00877057883389,1.11468768688779
1.11373924624773,1.00727269060243,1.11330368076173
1.11224939656268,1.00569523375392,1.11167108424126
1.11076464034724,1.00418513156658,1.11031027105563
1.10928494289312,1.0029431941425,1.10872887336318
1.10781026984558,1.00169819290153,1.1072668213475
1.10634058719869,1.00031012349308,1.10579807920824
1.10487586129058,0.999129779045093,1.10433925728571
1.1034160587988,0.997828943194988,1.10279239103658
1.10196114673585,0.996599238736596,1.10139176373548
1.10051109244459,0.995311201684713,1.0998178634204
1.09906586359397,0.993877397871168,1.09842070860577
1.09762542817459,0.992460742950679,1.09694619612554
1.09618975449453,0.99109981593534,1.09545148152123
1.09475881117512,0.989780489604287,1.09400906390494
1.09333256714683,0.988476345164685,1.09276867995969
1.09191099164524,0.987331542266153,1.09146201943263
1.09049405420706,0.985858927434879,1.08987255008104
1.08908172466617,0.984670677083474,1.08869187435459
1.08767397314984,0.983343949808626,1.08724121623225
1.08627077007486,0.981995067152063,1.08581834381698
1.08487208614386,0.980642671528927,1.08452092111392
1.08347789234163,0.979477470409963,1.08302619254287
1.0820881599315,0.978134794213634,1.08182131218502
1.0807028604518,0.976964190971629,1.08039062514625
1.07932196571233,0.975696325437788,1.07904306157707
1.07794544779098,0.974487030888874,1.07784560106981
1.07657327903027,0.972994666417644,1.07645298051794
1.07520543203405,0.971661407917655,1.0751828500105
1.07384187966424,0.970390206805454,1.07386837787153
1.07248259503757,0.969117590984618,1.07256956229832
1.07112755152238,0.968014419156746,1.07125382532645
1.06977672273555,0.966673982468558,1.06997555590967
1.06843008253937,0.965500096213513,1.06879478117683
1.06708760503851,0.964220653779653,1.06737423473533
1.06574926457705,0.962926205389449,1.06598008500253
1.06441503573553,0.961630345589213,1.06468859471909
1.06308489332806,0.960451246577949,1.06338836353918
1.06175881239944,0.95920680046617,1.06210062267235
1.06043676822238,0.957954537232525,1.06077959836797
1.05911873629472,0.95695840113778,1.05958406890922
1.05780469233673,0.955620769118911,1.05826013457691
1.05649461228836,0.954351281736968,1.05696844116636
1.0551884723067,0.953207055262587,1.0557461228518
1.05388624876326,0.952008668900262,1.05456115093555
1.05258791824151,0.950881683875855,1.0531425865484
1.05129345753428,0.949752235204942,1.05190382136432
1.05000284364132,0.948536248944365,1.05060337394232
1.04871605376679,0.947391872210735,1.04930734376765
1.04743306531692,0.946125053984791,1.04800896364311
1.04615385589757,0.944837370383751,1.04682891338732
1.04487840331189,0.94361912082844,1.04557646554123
1.04360668555806,0.942480010675134,1.04435840420656
1.04233868082695,0.941222811087373,1.04306373478757
1.0410743674999,0.939932445794551,1.04165644646209
1.03981372414652,0.938695463461421,1.04045902716108
1.03855672952251,0.937548444752665,1.03919181282651
1.03730336256748,0.936335057026607,1.03776890898782
1.03605360240286,0.935241635083853,1.03658608115856
1.03480742832983,0.93418374880545,1.03512021180793
1.03356481982722,0.933087578514481,1.03394497532851
1.03232575654951,0.931878820447492,1.03274746702299
1.03109021832483,0.930560579780873,1.03151533052894
1.02985818515297,0.92943334003625,1.03026959432378
1.02862963720348,0.928273988078823,1.02911797021036
1.02740455481369,0.927250844524718,1.02807629380462
1.02618291848689,0.926182117516311,1.02677154062548
1.02496470889043,0.925005964836065,1.02568421590053
1.02374990685388,0.92379723757787,1.02441882650087
1.02253849336724,0.92273434835677,1.02331063848176
1.02133044957914,0.921758299729639,1.02197807580064
1.0201257567951,0.920662878047908,1.02084319991522
1.01892439647577,0.919517988356607,1.01973706033782
1.01772635023522,0.918418094894381,1.01847462047777
1.01653159983928,0.917174993051211,1.01742295868957
1.01534012720383,0.916116001247159,1.01611490219402
1.01415191439322,0.915027788140597,1.01492861895532
1.01296694361857,0.913858482611609,1.01372926009613
1.01178519723624,0.912849375293095,1.01266392706972
1.01060665774623,0.911876898807239,1.0115044386932
1.0094313077906,0.910841666861241,1.01036022484642
1.00825913015199,0.909710444175653,1.00916655431027
1.00709010775206,0.908536559424259,1.00793107994822
1.00592422365,0.90744636340885,1.00694373739437
1.0047614610411,0.906300894377613,1.00562967952662
1.00360180325525,0.905159560232133,1.00448824398544
1.00244523375551,0.904203646861557,1.00319876400095
1.00129173613673,0.90316729408229,1.00195548085447
1.00014129412413,0.90213568445586,1.00076055296773
0.998993891571909,0.901086207599351,0.999513915179163
0.997849512461909,0.899925099929127,0.998409103879544
0.996708140902265,0.898784898677945,0.997312562158897
0.995569761126078,0.897737898455975,0.996220665653122
0.994434357490111,0.896706396207145,0.995017309376217
0.993301914473499,0.895718647757869,0.993982317881045
0.992172416676477,0.894801902451211,0.992861608833015
0.991045848819118,0.893746945757259,0.991747337584242
0.989922195740101,0.892673462190654,0.990739291364402
0.98880144239548,0.891682003945696,0.98960399698755
0.987683573857479,0.890542423135705,0.988429833291188
0.986568575313297,0.889441309510151,0.987329654402183
0.985456432063932,0.88825633600794,0.98634321859257
0.984347129523018,0.887150829084162,0.985301425649819
0.983240653215676,0.886251810937047,0.984267318149446
0.982136988777381,0.885198870878413,0.983154146391399
0.981036121952845,0.884043959050166,0.982126801985286
0.979938038594909,0.883027790868191,0.981240339215175
0.978842724663454,0.88194813200742,0.980098284860035
0.977750166224325,0.881030508740284,0.97896488432805
0.976660349448266,0.880036819561903,0.977952527788167
0.975573260609867,0.878933646527068,0.977073146512938
0.974488886086534,0.877945736041298,0.97600094618524
0.973407212357457,0.877002767916117,0.974938194834841
0.972328226002603,0.875996915672994,0.973904660612875
0.971251913701716,0.874973367651407,0.972769847679107
0.97017826223333,0.874051031639619,0.971795935332678
0.969107258473794,0.87302994014961,0.970755438334448
0.96803888939631,0.872128333790337,0.969702492905768
0.966973142069984,0.871126204225928,0.968624924880646
0.965910003658883,0.870040053484676,0.967584511330651
0.964849461421113,0.86904465178202,0.966578364460967
0.963791502707896,0.868095693714108,0.965618103137486
0.96273611496267,0.867109231125299,0.964543612417939
0.961683285720193,0.866043776887245,0.9635522904908
0.96063300260566,0.865002039806297,0.962553023249552
0.959585253333828,0.864133362522659,0.961386376947626
0.958540025708159,0.863144043680953,0.960303921481472
0.957497307619963,0.862291236941814,0.959183228894571
0.956457087047556,0.861341042868943,0.9581696859854
0.955419352055436,0.860353500920548,0.957144473255603
0.954384090793451,0.859332497386404,0.956055954963671
0.953351291495994,0.858358474223875,0.955088362977794
0.952320942481198,0.857370516383972,0.9540298208787
0.951293032150145,0.856450649168252,0.953060358890126
0.95026754898608,0.855444336925812,0.952138283754591
0.949244481553639,0.854492256251221,0.951172534702541
0.948223818498082,0.853584413959515,0.950206532585866
0.94720554854454,0.852677558155299,0.949115728671551
0.946189660497263,0.851670938565378,0.948167640520267
0.945176143238885,0.850889885524379,0.947237813905819
0.944164985729695,0.84997337218375,0.946205864878492
0.94315617700691,0.849078489279723,0.945230636149022
0.942149706183968,0.848216176481321,0.944270036107282
0.941145562449819,0.84717679801133,0.94320988800844
0.94014373506823,0.846314047613208,0.942291574271702
0.939144213377096,0.845479042795524,0.941330070614477
0.93814698678776,0.844428913361695,0.940291225555284
0.937152044784337,0.843500831874403,0.939367924620267
0.936159376923052,0.842494681364906,0.938386793871978
0.93516897283158,0.841426943237242,0.937492669621426
0.934180822208399,0.840576062584269,0.936519212433607
0.933194914822141,0.839644306331391,0.93553414649264
0.932211240510962,0.838799696402333,0.934568444416257
0.931229789181911,0.837906444952397,0.933541500272941
0.930250550810312,0.837009986173665,0.932506961340179
0.929273515439141,0.836065421828715,0.93145862608071
0.928298673178431,0.835284922013558,0.930431156389141
0.92732601420466,0.834333916862711,0.929540173532954
0.926355528760163,0.833487162180944,0.928584953849538
0.925387207152545,0.832583252016072,0.92765223711052
0.924421039754096,0.831653318098903,0.926696861258905
0.923457017001222,0.830710534953766,0.925788246044975
0.922495129393871,0.829946107151192,0.924735259588433
0.921535367494977,0.829105507659463,0.923901326109119
0.920577721929902,0.828162262754524,0.922894629310481
0.919622183385886,0.827298355866252,0.921909888099461
0.918668742611502,0.826372761408195,0.920970946455129
0.917717390416125,0.825502109307522,0.919963660782477
0.916768117669393,0.824611858218639,0.918953289519984
0.915820915300685,0.823724708031913,0.918048178789781
0.914875774298602,0.822965138791652,0.917113820145177
0.913932685710448,0.822148685390724,0.916364880635585
0.912991640641727,0.821251217589606,0.915452347771331
0.912052630255635,0.820384583410821,0.914523915037518
0.911115645772565,0.819566636190583,0.913490151857682
0.910180678469613,0.81869824795111,0.912578006349362
0.90924771968009,0.817781676206474,0.911539676052093
0.908316760793044,0.816871626759433,0.910682264279854
0.907387793252776,0.816080393374096,0.909783318656049
0.906460808558378,0.815244672490054,0.908873095471649
0.905535798263254,0.814328034459275,0.90795809250269
0.904612753974672,0.813484727785767,0.907056425578186
0.903691667353294,0.81253163117803,0.906059679200699
0.902772530112734,0.811797750125018,0.905111464413438
0.901855334019104,0.810964979622094,0.904097665375468
0.900940070890577,0.81004363917323,0.903200587462187
0.900026732596943,0.809134209888243,0.902261739064124
0.899115311059181,0.808307111758353,0.901407819196249
0.898205798249026,0.807550802210968,0.900390975675006
0.89729818618855,0.806864133764697,0.899575460048087
0.896392466949736,0.805992311231471,0.89871693720618
0.895488632654067,0.805159052797749,0.897880716988036
0.894586675472111,0.804362690726856,0.897122973545694
0.89368658762312,0.803522281555432,0.896285282451616
0.892788361374619,0.802715023597194,0.895385428227547
0.891891989042015,0.801902979952395,0.894552685536024
0.890997462988199,0.800998714362537,0.893725150985679
0.890104775623155,0.800194315109942,0.892901912521779
0.889213919403576,0.799379434484088,0.891995162514499
0.888324886832478,0.798492119961353,0.891062040464177
0.887437670458825,0.797768530364397,0.890166944713838
0.886552262877154,0.796990266768616,0.889288361170258
0.885668656727202,0.79623719049855,0.888434244153144
0.884786844693539,0.795392588050062,0.887590127899244
0.883906819505206,0.794579762322541,0.886658705502694
0.883028573935355,0.793868791048738,0.88572295312694
0.882152100800895,0.793110875641012,0.884871564626621
0.881277392962133,0.792284190236411,0.883916027961878
0.880404443322432,0.791479294962612,0.883077663661864
0.879533244827862,0.79072332638167,0.882259464379637
0.87866379046686,0.789944766582074,0.881385715485563
0.877796073269888,0.789166233823359,0.880659715637769
0.876930086309101,0.788389609921153,0.87983922164797
0.876065822698014,0.787595668068129,0.879029353664039
0.875203275591176,0.786760351787749,0.878068559993103
0.874342438183837,0.786024695392297,0.877119077821594
0.873483303711636,0.785224761549836,0.876317041643528
0.872625865450275,0.784392664837846,0.875568615093984
0.871770116715206,0.783674380669202,0.87472594008506
0.870916050861316,0.782881566345129,0.873905011006048
0.870063661282622,0.782144097884161,0.872953189368994
0.869212941411959,0.781338964782523,0.87214839244606
0.868363884720681,0.780594755661181,0.871281576981685
0.867516484718357,0.779747529225849,0.870469967341606
0.866670734952474,0.779047691812218,0.869695702554392
0.865826629008145,0.778340356277918,0.868944281771986
0.864984160507814,0.777588617206857,0.86805810741065
0.864143323110966,0.776791292168596,0.867346425351594
0.863304110513845,0.776071648278057,0.866567570828369
0.862466516449167,0.775327120487185,0.865610672890108
0.861630534685839,0.774523541035525,0.864804056367135
0.860796159028685,0.773747468310435,0.864092326522551
0.859963383318163,0.772993560890955,0.863274388798556
0.8591322014301,0.772195502666677,0.862374425444828
0.858302607275418,0.771526593018123,0.861517277496428
0.857474594799865,0.770880607556053,0.860763067641116
0.856648157983754,0.770100432317145,0.860082791445204
0.855823290841697,0.769345660389472,0.85936482347219
0.854999987422346,0.768640193777096,0.858641316015056
0.854178241808135,0.767936493583229,0.857930816654992
0.853358048115025,0.767263369917806,0.85710843521342
0.852539400492253,0.76651929721459,0.856320048188926
0.851722293122079,0.765770151049906,0.85548674614126
0.850906720219538,0.765033412431756,0.854716744498571
0.850092676032196,0.764358539887731,0.853941666794075
0.849280154839906,0.763596188398132,0.853139403655977
0.848469150954566,0.762848567734429,0.852353175242514
0.84765965871988,0.762114247596972,0.851556729537207
0.846851672511124,0.761448911092657,0.850808382902226
0.846045186734908,0.760765664477765,0.85002121923909
0.845240195828944,0.760003179642248,0.849279982490212
0.844436694261818,0.759305426735161,0.848508426054435
0.843634676532763,0.758651587686682,0.847682187684019
0.842834137171426,0.757927726600427,0.846886373799552
0.842035070737654,0.757188851666776,0.846090170088568
0.841237471821264,0.756413847350933,0.845302967656147
0.840441335041827,0.755638854205465,0.844494214849192
0.839646655048451,0.754951048365769,0.843562388231705
0.838853426519563,0.754127065708065,0.842721518128537
0.838061644162695,0.753541591582618,0.841976337846898
0.837271302714275,0.752890936101719,0.841216016433656
0.836482396939414,0.752156211351575,0.840434860097533
0.8356949216317,0.751512390002061,0.839647244442506
0.83490887161299,0.750799624262612,0.838709465388233
0.834124241733208,0.750086812619355,0.837944409885359
0.833341026870139,0.749420630262849,0.837223700720646
0.832559221929234,0.748906174433203,0.83642580801875
0.831778821843405,0.748152514782279,0.83571502211423
0.830999821572832,0.747419705926655,0.834871644183083
0.830222216104766,0.746587478701827,0.834084826873772
0.829446000453335,0.745904840694656,0.833294421346645
0.828671169659357,0.745195648177889,0.832596081398847
0.82789771879014,0.744424819071345,0.831796373719296
0.827125642939305,0.743704460154136,0.831056584156842
0.826354937226591,0.743039677368656,0.8302981867522
0.825585596797673,0.742454568142594,0.829527888315701
0.824817616823979,0.741660910256635,0.828721412529905
0.824050992502506,0.740948660730707,0.827980297973305
0.823285719055645,0.740311267973608,0.82722184836708
0.822521791730993,0.739608745646445,0.826472265034593
0.821759205801186,0.738949211095254,0.825671053344408
0.820997956563717,0.738300098737062,0.824888099007427
0.820238039340765,0.737654962593937,0.8241494514766
0.819479449479021,0.737014881929775,0.823460721689388
0.818722182349516,0.73625147104732,0.822751702450793
0.817966233347456,0.735560268854954,0.822045406108632
0.817211597892049,0.734881668650007,0.821158971341258
0.816458271426342,0.734162549358539,0.820482253468987
0.815706249417052,0.733465021928421,0.81972824485883
0.814955527354408,0.732720991856922,0.818968552905784
0.814206100751983,0.732127994171997,0.818245503342788
0.813457965146536,0.731362471172775,0.817598884533438
0.812711116097853,0.730771483594627,0.816848013511159
0.811965549188587,0.730049246888348,0.816011358134503
0.811221260024102,0.72936128016876,0.815206399289289
0.81047824423232,0.7287030663217,0.814460388349027
0.809736497463563,0.728023621112869,0.813769673579855
0.808996015390401,0.727415477383991,0.813043765334102
0.808256793707502,0.726786026517887,0.812338776092836
0.807518828131484,0.726133122670529,0.811593589230143
0.806782114400759,0.725450318207794,0.810811050848021
0.806046648275392,0.7248402096602,0.810067576484529
0.805312425536953,0.724219602683176,0.80936806596476
0.804579441988369,0.723539748600358,0.808627635944721
0.803847693453784,0.722881099970696,0.807956446393926
0.803117175778413,0.722206815323205,0.807180818926722
0.802387884828402,0.721509777273179,0.806338944162513
0.801659816490689,0.72082128898298,0.805639990244343
0.800932966672861,0.720186790634015,0.804931679849181
0.80020733130302,0.71955318107102,0.804163564731867
0.799482906329645,0.718909240515198,0.803434867569501
0.798759687721452,0.718267345391475,0.802788420886349
0.798037671467267,0.71763289779511,0.802026455336737
0.797316853575887,0.716989832850128,0.801246148770156
0.79659723007595,0.716330713753369,0.800605026313696
0.795878797015801,0.715770190831938,0.799871456730948
0.795161550463367,0.715132350150887,0.79917907684917
0.794445486506021,0.714487435922678,0.7984581409724
0.793730601250459,0.713883173550859,0.797727267306094
0.793016890822573,0.713286315327245,0.796999185980697
0.792304351367322,0.712681216131129,0.796222913336134
0.791592979048609,0.712018043418232,0.795637600069264
0.790882770049156,0.711348819747878,0.794892545985146
0.790173720570383,0.710741529186759,0.794259786287159
0.789465826832284,0.710071360884877,0.793530575880917
0.788759085073308,0.709401264322836,0.792866527450331
0.788053491550237,0.708869891528785,0.792081292972591
0.787349042538068,0.708176853385439,0.791373724721541
0.786645734329897,0.707602897664533,0.790663728716837
0.785943563236798,0.706988706064645,0.789937456602438
0.785242525587709,0.706309403717226,0.789331524595865
0.784542617729319,0.705647140316963,0.788551733766021
0.783843836025949,0.705027248469788,0.787800559714484
0.783146176859444,0.704408689567096,0.787098184559539
0.782449636629054,0.703731444694813,0.786332906824633
0.781754211751331,0.703167393529919,0.785695048756698
0.78105989866001,0.702541138513487,0.785057102514523
0.780366693805905,0.701909483293882,0.784384518108889
0.779674593656798,0.70127637259877,0.783721025648727
0.77898359469733,0.700597631539461,0.783100549482666
0.778293693428896,0.699873292302509,0.782499223482191
0.777604886369538,0.699245060825961,0.781870065947948
0.776917170053839,0.698583323402989,0.781118267729754
0.776230541032819,0.697935994646915,0.780339458494581
0.77554499587383,0.697317330117788,0.779656703701571
0.774860531160455,0.696699565340078,0.779048127523263
0.774177143492403,0.696081238654823,0.778310849881204
0.773494829485413,0.695457547044088,0.777565347687036
0.772813585771146,0.694760640726865,0.776902939669695
0.772133408997092,0.694126916019701,0.776289588696558
0.771454295826466,0.69343296904217,0.775637536738007
0.770776242938113,0.692799574597772,0.774969376143547
0.77009924702641,0.692148979159122,0.774287752017961
0.769423304801168,0.691590887929948,0.773561540585228
0.768748412987536,0.690982665549716,0.772903703265399
0.768074568325909,0.690307980412691,0.772295535860534
0.767401767571828,0.689606998850085,0.771658137091001
0.766730007495893,0.689014647754879,0.771008481184586
0.766059284883664,0.688472673306136,0.7704089885418
0.765389596535571,0.687928466520546,0.769743716840794
0.764720939266824,0.687418073921672,0.769056375923388
0.76405330990732,0.686849146950465,0.768432798143906
0.763386705301554,0.686210513210119,0.767824476934293
0.762721122308528,0.685583115569246,0.767160229123257
0.762056557801663,0.684960995089909,0.766468625127551
0.761393008668714,0.684390133053202,0.765817492889499
0.760730471811675,0.683808192315807,0.765183424526635
0.760068944146701,0.683227238206674,0.764514708441902
0.759408422604016,0.682619539356027,0.763897030015478
0.758748904127829,0.682048688076335,0.763240760298354
0.758090385676251,0.681458498567022,0.762582870266515
0.757432864221206,0.680851646411147,0.762011038821835
0.756776336748355,0.680269193778502,0.761449457146584
0.756120800257005,0.679636182365576,0.760785779187236
0.755466251760034,0.679018527966178,0.760132762796893
0.754812688283802,0.67843960015155,0.759491183998991
0.754160106868077,0.677840814271059,0.758786301925971
0.753508504565949,0.677289360514459,0.758056129499778
0.752857878443755,0.676591980302488,0.757383429313203
0.752208225580996,0.676005529479698,0.756733557321892
0.751559543070258,0.675343830377597,0.756025025991107
0.750911828017138,0.674760338052024,0.755375793859737
0.750265077540163,0.674177454998937,0.75475062106446
0.749619288770714,0.673634096841512,0.753982695830245
0.74897445885295,0.673056452654252,0.753369624442815
0.748330584943732,0.6725451557687,0.752779402945622
0.747687664212547,0.671962568778827,0.752178965779117
0.747045693841436,0.671351748641486,0.751521177998367
0.746404671024916,0.670782361120403,0.75086116149499
0.745764592969909,0.670209215332835,0.750230494442695
0.745125456895669,0.669651049461122,0.749552983778451
0.744487260033709,0.669043066420287,0.74892859496758
0.743849999627728,0.668392921665899,0.74829955475998
0.743213672933543,0.667771036663303,0.747640463589142
0.742578277219011,0.667265621908375,0.74700133225873
0.741943809763969,0.666707632456275,0.746296752664906
0.741310267860154,0.666156693096774,0.745641857732227
0.74067764881114,0.665613902395104,0.745035342014079
0.740045949932267,0.66503610432686,0.744386927277051
0.739415168550572,0.664470970009149,0.743783496055218
0.738785302004723,0.663882050216531,0.743160597674089
0.738156347644951,0.663298936881494,0.742450113755068
0.737528302832981,0.662708680183155,0.741787544436356
0.736901164941969,0.662151049986837,0.741167531269817
0.736274931356432,0.661566757612527,0.740567060228314
0.735649599472189,0.66099618110846,0.740016410313145
0.735025166696288,0.660397664976168,0.7393341572664
0.734401630446947,0.659836987346511,0.738642242190195
0.733778988153489,0.659253518239034,0.738067765140462
0.733157237256277,0.658761275939925,0.7374031575513
0.732536375206651,0.658161505365184,0.736741990489718
0.731916399466869,0.65759755097489,0.736172486215235
0.731297307510038,0.657009689089702,0.735534394726555
0.730679096820058,0.65646081804288,0.734928943572192
0.730061764891558,0.655947952666985,0.734313197430227
0.729445309229837,0.655431996746987,0.73366277954346
0.7288297273508,0.654892696944214,0.733086649324575
0.728215016780902,0.654340485434113,0.732508626529212
0.727601175057085,0.653788043910095,0.731860063777471
0.726988199726722,0.65320476087214,0.731255250132256
0.726376088347554,0.652664013168313,0.730582935449676
0.725764838487638,0.652044883674147,0.72995146565196
0.72515444772528,0.65153646243924,0.729381417656676
0.724544913648988,0.65097319158299,0.728808527534803
0.723936233857405,0.650493246895758,0.728201863862214
0.723328405959259,0.649930357577502,0.727566047402174
0.722721427573304,0.649421091288742,0.726946214414223
0.722115296328263,0.648931417351336,0.726291266541977
0.721510009862776,0.648364497317623,0.725668229966889
0.72090556582534,0.647774255869069,0.725091458155591
0.720301961874258,0.647221593145198,0.724467370759063
0.719699195677584,0.64677923587898,0.723847331999685
0.719097264913067,0.646234715471518,0.723253762348216
0.718496167268098,0.645707208768453,0.722607446682513
0.71789590043966,0.64523117573162,0.721969398143105
0.717296462134269,0.644672484266295,0.721360486444518
0.716697850067926,0.64400839814427,0.720797901991527
0.716100061966065,0.643513940734695,0.720194844937839
0.715503095563497,0.642971079954447,0.719640150641895
0.714906948604364,0.642456754192498,0.719053769926761
0.714311618842081,0.641863649994178,0.718498996833866
0.713717104039293,0.641333544115729,0.7179627491644
0.713123401967819,0.640733738686114,0.717361885715989
0.712530510408604,0.640193841323395,0.716834218670251
0.711938427151669,0.639690968997513,0.716217983254555
0.711347149996062,0.639163646287444,0.715613429335572
0.710756676749805,0.638639827781425,0.71496851712466
0.710167005229854,0.638218678629574,0.714375828116625
0.70957813326204,0.637685674258894,0.713865923565859
0.708990058681031,0.637207802277818,0.713154936339971
0.708402779330274,0.636648510747776,0.71252266460699
0.707816293061957,0.636087533768346,0.711903791383428
0.707230597736957,0.635551649656437,0.71135946142107
0.706645691224791,0.635027451524415,0.710744044062848
0.706061571403577,0.634512873684738,0.710190915425053
0.705478236159979,0.633914801406441,0.709614018858119
0.704895683389167,0.633358229592612,0.708986176114067
0.704313910994771,0.632894861181467,0.708355197487294
0.703732916888834,0.632285703784428,0.70781206493141
0.703152698991764,0.631776172437022,0.707159758766335
0.702573255232299,0.631230050165274,0.706613386362176
0.701994583547452,0.630676765747577,0.706037888122459
0.701416681882473,0.630201473072229,0.705419504167045
0.700839548190802,0.629632921082054,0.704849622747796
0.700263180434031,0.629111402808806,0.704324007739507
0.699687576581854,0.628575485880111,0.703792934336585
0.699112734612027,0.628067505532518,0.703227218179527
0.698538652510326,0.627564232754148,0.702700010384052
0.697965328270505,0.627049641596459,0.702160469916308
0.697392759894252,0.626541216101089,0.701587317097711
0.696820945391148,0.626003713167249,0.701004884413013
0.696249882778628,0.625490701175372,0.700542364388813
0.695679570081934,0.624938994707278,0.699871784780443
0.69511000533408,0.624482107506016,0.699336585368604
0.694541186575808,0.623961097858765,0.698752723155092
0.693973111855548,0.623432611888687,0.698235683609056
0.69340577922938,0.622965392503601,0.697744468268312
0.692839186760989,0.622436264838943,0.697198900741118
0.692273332521632,0.621931539808181,0.696624823252815
0.691708214590093,0.621426639113103,0.696067516269347
0.691143831052648,0.620892645653327,0.695433260179186
0.690580180003021,0.620383600587569,0.694880510143766
0.690017259542353,0.619865507706151,0.69436176586266
0.689455067779155,0.619385425054255,0.693799741674401
0.688893602829278,0.618901114419921,0.69318990176417
0.688332862815867,0.618381985600343,0.692564361635919
0.687772845869331,0.617891344488863,0.691984949862134
0.6872135501273,0.617415097952635,0.691397873029869
0.686654973734592,0.616812637407686,0.690841145337865
0.686097114843171,0.616318504216129,0.690284955971241
0.685539971612117,0.615808282054335,0.689767871493254
0.684983542207582,0.615334237257484,0.689226815315719
0.684427824802762,0.614852821948976,0.688631929007447
0.683872817577853,0.614381999852478,0.688127671987978
0.683318518720021,0.613866015879867,0.687561950912895
0.682764926423364,0.613397510944512,0.686991984226681
0.682212038888876,0.61287717405073,0.686416303065811
0.681659854324416,0.612408370644959,0.685878136510201
0.681108370944667,0.611912760553,0.685320266341964
0.680557586971105,0.611397445830361,0.68477113320283
0.680007500631966,0.610877236372628,0.68418413499779
0.679458110162209,0.610369565564258,0.683685477242195
0.678909413803483,0.609899131447209,0.683172837768477
0.678361409804093,0.609450940438597,0.682657976070692
0.677814096418965,0.608990486236698,0.68217886395822
0.677267471909619,0.608462250395475,0.681568989508894
0.676721534544125,0.607993308427511,0.681110284094242
0.676176282597082,0.607532891131654,0.680624809919234
0.675631714349576,0.607020932499428,0.680131927246431
0.675087828089152,0.606552058202528,0.679588773430824
0.674544622109781,0.606050241461449,0.679046046092517
0.674002094711826,0.605581528450635,0.678446265632104
0.673460244202015,0.605091686138737,0.67792571137858
0.672919068893402,0.604618806888305,0.677374308774805
0.672378567105343,0.604156002895737,0.676856430987929
0.671838737163458,0.603696347236726,0.676344447819379
0.671299577399606,0.603174860615313,0.675808859516532
0.67076108615185,0.6026938347623,0.675300350525494
0.670223261764425,0.602226352936126,0.674705064941041
0.669686102587714,0.601746897507713,0.674189967333175
0.669149606978211,0.601262389945714,0.673721417277957
0.668613773298492,0.600769216451353,0.673116378424801
0.66807859991719,0.60030938135696,0.672638535604562
0.667544085208958,0.599899071596255,0.67215630630286
0.667010227554445,0.599427163869126,0.671597184498768
0.666477025340264,0.5989279464865,0.671187983057895
0.665944476958962,0.598473859488321,0.670668034406821
0.665412580808994,0.597976714151908,0.670103278522629
0.664881335294691,0.597459283540605,0.669640640641798
0.664350738826233,0.596973380854131,0.669086944643732
0.663820789819619,0.596481206317753,0.668548913731046
0.663291486696641,0.595964674231195,0.668018382719737
0.662762827884853,0.595427476845303,0.66743307915918
0.662234811817546,0.594940302926189,0.66687658566421
0.661707436933717,0.594430515518003,0.666281401955265
0.661180701678044,0.59393230105692,0.665789592036557
0.660654604500855,0.593426711291021,0.665240377211829
0.660129143858107,0.592948436076254,0.664756221649075
0.659604318211349,0.592503923319778,0.664269819366093
0.659080126027707,0.591966782123154,0.663720659207353
0.658556565779846,0.591510667982242,0.663179970357677
0.658033635945951,0.591007573444921,0.662638927915623
0.657511335009696,0.590563945049978,0.662120007656585
0.65698966146022,0.590150363344635,0.661635469195886
0.6564686137921,0.589685778085559,0.661126122185637
0.655948190505324,0.589231977402401,0.660573872009944
0.655428390105267,0.588815792291081,0.659999879823169
0.654909211102665,0.588388824948909,0.659490847187629
0.654390652013586,0.587883004018237,0.658989496203452
0.65387271135941,0.587376046387235,0.658458340045661
0.6533553876668,0.586902348005095,0.657930293849492
0.652838679467677,0.58644675195387,0.657354986117215
0.652322585299197,0.58596301917963,0.656767734175042
0.651807103703724,0.585491327597264,0.656239310831215
0.651292233228805,0.584999243279081,0.655699342716468
0.650777972427151,0.58451663930786,0.655178333816903
0.650264319856604,0.583997084067909,0.654698734898562
0.649751274080118,0.583590964139425,0.654187150945818
0.649238833665735,0.583127417917207,0.65370860790715
0.648726997186559,0.58262829003967,0.653236127498927
0.648215763220734,0.582165985264859,0.652765303909912
0.647705130351417,0.581674123332191,0.652234993891094
0.64719509716676,0.581234962579701,0.651778889849143
0.646685662259882,0.580771273054401,0.651298089328966
0.646176824228846,0.580300543108184,0.65080896193523
0.645668581676637,0.579848197834325,0.650348243121962
0.645160933211142,0.579442521311463,0.649859166621007
0.64465387744512,0.578986568034145,0.649287424454305
0.644147412996185,0.578562715497821,0.648807587676965
0.643641538486784,0.5780786148078,0.648311864230023
0.643136252544168,0.577643412649466,0.647795701782729
0.642631553800376,0.577199611962631,0.647266211127498
0.642127440892211,0.576763364045719,0.646763763306927
0.641623912461218,0.576291502169761,0.646272520811815
0.641120967153658,0.575867801129527,0.645807964848392
0.640618603620495,0.575392636849791,0.645303359098427
0.640116820517366,0.574964397717286,0.644821725537877
0.639615616504561,0.574475452760696,0.644294355404528
0.639114990247007,0.574019601186737,0.643783622025237
0.638614940414239,0.573500043161314,0.643279891794307
0.638115465680385,0.573049954268577,0.642731249353582
0.637616564724141,0.572557172781552,0.642250618486305
0.637118236228751,0.572080534859648,0.641763636123108
0.636620478881987,0.57160408319579,0.641313227508136
0.636123291376129,0.571093882667694,0.640809036673351
0.635626672407942,0.570632732730806,0.640329724816293
0.635130620678656,0.57023331731223,0.639881715289464
0.634635134893948,0.569811146819508,0.639410428753344
0.634140213763917,0.569367939287962,0.638977287579171
0.633645856003072,0.568857642870246,0.638529366306639
0.633152060330302,0.568406302362471,0.63800356484293
0.632658825468862,0.567938927856795,0.637503852271904
0.632166150146355,0.567488314685023,0.637043267111587
0.631674033094706,0.567073055639816,0.636527227589871
0.631182473050147,0.566658182384612,0.63603484394803
0.630691468753196,0.56620389839216,0.635572181043287
0.630201018948641,0.565769264865813,0.635082790745163
0.629711122385512,0.56534769856219,0.634621269391001
0.629221777817073,0.564909431338345,0.63411827952609
0.628732984000795,0.564500785128784,0.633689820541931
0.62824473969834,0.564076283045252,0.633218836692549
0.627757043675542,0.563619167194374,0.632790945620351
0.627269894702387,0.563207405743278,0.632280584868705
0.626783291552999,0.562763599437091,0.631752681648505
0.626297233005612,0.56228865389478,0.631304624970311
0.625811717842564,0.561831920093236,0.630754423620777
0.625326744850268,0.56140879847101,0.630267678176888
0.624842312819199,0.561008944318853,0.629737371139442
0.624358420543876,0.560567375628824,0.629279274839669
0.623875066822843,0.56012862867542,0.628800872491007
0.623392250458649,0.559668624035148,0.628338110597661
0.622909970257835,0.559202824559108,0.627841925110447
0.622428225030911,0.558829142815569,0.627352295114612
0.621947013592343,0.558397335690984,0.626868729657899
0.621466334760532,0.557977130256951,0.626421535388679
0.6209861873578,0.557502981164172,0.625964652725458
0.620506570210368,0.557071619069074,0.625406364360097
0.620027482148344,0.556612458443352,0.624916284082883
0.619548922005702,0.556223520394192,0.624348848590712
0.619070888620266,0.55580827402042,0.623922322820485
0.618593380833696,0.555387466428702,0.623504486491019
0.618116397491466,0.554962862549192,0.623030998735714
0.617639937442851,0.554515156637042,0.622545897568787
0.617163999540908,0.554113923000682,0.62208474443667
0.616688582642461,0.553639102621233,0.621593087578293
0.616213685608087,0.553235857442391,0.62102516356646
0.615739307302093,0.552766529584431,0.620547942913405
0.615265446592505,0.55231805282275,0.62003459285558
0.61479210235105,0.551885326928367,0.619541590169951
0.614319273453141,0.551497514934562,0.619008270319123
0.613846958777859,0.551063987210583,0.618535914482881
0.613375157207939,0.550704781630333,0.618053561825251
0.612903867629752,0.55027780270279,0.617540945408894
0.612433088933293,0.54984767535515,0.616993087650043
0.61196282001216,0.549445024317442,0.616530599452127
0.611493059763543,0.54904590075432,0.616079564359337
0.611023807088207,0.548608901937285,0.615556476651108
0.610555060890475,0.548164903199337,0.615067713054291
0.610086820078215,0.547732760236128,0.614586910621968
0.609619083562823,0.547372803377286,0.614133967337212
0.609151850259209,0.546923045680698,0.613665204073559
0.608685119085781,0.546502925327411,0.613134863848214
0.608218888964431,0.546063891229596,0.612698118283953
0.607753158820519,0.545634014307546,0.612226473744973
0.607287927582859,0.545216171469602,0.611768946030612
0.606823194183702,0.544796337541959,0.611346022593012
0.606358957558726,0.544398122988155,0.61091653541329
0.605895216647016,0.54395739859347,0.610436339823158
0.605431970391053,0.543549797993418,0.609940145887796
0.604969217736699,0.543138452690916,0.609457744316519
0.604506957633181,0.542715866639236,0.608991302518164
0.604045189033078,0.542268016700311,0.608570342693914
0.603583910892307,0.54182015253349,0.608174128753635
0.603123122170107,0.541425980152635,0.607717984878233
0.602662821829029,0.541056188233192,0.607287943490685
0.602203008834916,0.540597461403791,0.606862766417507
0.601743682156893,0.540194134953673,0.606371067559996
0.601284840767355,0.539750479215274,0.605938248011417
0.600826483641948,0.539353316827234,0.605461783464619
0.600368609759559,0.538984412129483,0.604982955840913
0.5999112181023,0.538655032752094,0.604510507987376
0.599454307655497,0.53823685195281,0.603998288042007
0.598997877407676,0.537802629705619,0.603521656639173
0.598541926350546,0.537321063852778,0.603016600534744
0.598086453478991,0.536930580398162,0.602533980953578
0.597631457791052,0.536533569589154,0.602079066859419
0.597176938287917,0.536165999039149,0.601651151187575
0.596722893973908,0.535767092151332,0.601148334410954
0.596269323856463,0.535310171421386,0.600694683744453
0.595816226946131,0.534918665768492,0.600276979265127
0.59536360225655,0.534505467665086,0.599835057114309
0.594911448804444,0.534089074261233,0.599360422852837
0.5944597656096,0.533695517369064,0.598915201863954
0.594008551694862,0.533219816683214,0.598494916766254
0.593557806086119,0.532836737268494,0.598023407186874
0.593107527812286,0.532459392078803,0.597609661360233
0.592657715905298,0.532099590767241,0.597118211133175
0.592208369400093,0.531766066675179,0.596681513965404
0.591759487334603,0.531373987495398,0.59624439574491
0.59131106874974,0.530997278982959,0.595821532850381
0.590863112689382,0.530569397306058,0.595319249503577
0.590415618200364,0.530178125319601,0.594853624148266
0.589968584332465,0.529814672947755,0.594422731564019
0.589522010138394,0.529440619236153,0.59399901657399
0.589075894673779,0.529089385663435,0.59357129689957
0.588630236997156,0.528616812301129,0.593106591349939
0.588185036169956,0.528219362444175,0.592670339963567
0.587740291256495,0.527791783609104,0.59222827523616
0.587296001323958,0.527300699777187,0.591775665148668
0.586852165442392,0.526891843246286,0.591343640849351
0.586408782684691,0.526548718717381,0.590914540712343
0.585965852126586,0.526184257721892,0.590488248609756
0.585523372846634,0.525748326208323,0.590073422914219
0.585081343926204,0.525374543249007,0.589629039264824
0.584639764449468,0.525015372518526,0.589232583485979
0.584198633503388,0.524626608436016,0.588853076288136
0.583757950177707,0.524290859062383,0.588388727702974
0.583317713564934,0.523898219755125,0.587986590700339
0.582877922760338,0.523505622553718,0.587551865927732
0.582438576861929,0.523099844936759,0.58716173496851
0.581999674970457,0.522714793492839,0.586751214075575
0.581561216189392,0.522298351002334,0.586330836233883
0.581123199624918,0.521872261969086,0.585886520677846
0.58068562438592,0.521453473457888,0.585444108389879
0.580248489583975,0.521101620996949,0.58502403626524
0.579811794333339,0.520714431464112,0.584584209332027
0.579375537750938,0.520321588264586,0.584148996822496
0.578939718956355,0.519865699191813,0.583735837331175
0.578504337071822,0.519458379654993,0.583245280599482
0.578069391222209,0.519058177903824,0.58278693323185
0.577634880535012,0.518690158059188,0.582345713496313
0.577200804140342,0.518287189280403,0.581914581249397
0.576767161170918,0.517903772189467,0.581477881134325
0.576333950762052,0.51752779845336,0.581014169011241
0.575901172051643,0.517160108837007,0.580574756957931
0.575468824180163,0.516797573180199,0.58016637944352
0.575036906290651,0.516368109423137,0.579771963402715
0.574605417528697,0.515969674631035,0.579368707355366
0.574174357042438,0.515616498665354,0.57895017797258
0.573743723982543,0.51519045969099,0.578508263720919
0.573313517502206,0.514777476734177,0.578040789758664
0.572883736757135,0.51438125342127,0.577617950765436
0.572454380905542,0.514027269599876,0.577159730440545
0.572025449108133,0.513635595548841,0.576735076714999
0.571596940528098,0.513225348845849,0.576309560144891
0.571168854331103,0.512841560831922,0.575856813823294
0.570741189685277,0.512479176727926,0.57544782242265
0.570313945761205,0.512094199629094,0.575064220242186
0.569887121731918,0.51172326041489,0.574641961935881
0.569460716772881,0.51130458870263,0.574205738547321
0.569034730061987,0.510929995279562,0.573796028308384
0.568609160779545,0.510559831911959,0.573390310822968
0.568184008108273,0.510147737524055,0.572972852853127
0.567759271233283,0.509783206927014,0.572543104435983
0.567334949342079,0.509368690788669,0.572173224894809
0.566911041624544,0.508985591272021,0.571702511315391
0.56648754727293,0.508600644725357,0.571309608547258
0.566064465481848,0.508234065629438,0.570918322442265
0.565641795448264,0.50782170574986,0.570484835528456
0.565219536371483,0.507448285971126,0.570065661952283
0.564797687453146,0.507104408588181,0.569607373949291
0.564376247897217,0.506746907875672,0.569189692405278
0.563955216909975,0.50635953032521,0.56881128635243
0.563534593700006,0.505981093981203,0.568407593719851
0.563114377478191,0.505599522086602,0.56796649302133
0.562694567457702,0.505236467294535,0.567547556594509
0.56227516285399,0.504871910861892,0.567111503496405
0.561856162884776,0.504544742666312,0.566711388834597
0.561437566770044,0.504177868132791,0.566313499922681
0.561019373732029,0.503823635022994,0.565853808590359
0.560601582995214,0.503412958197668,0.565483846753561
0.560184193786316,0.503044711423599,0.565081593388278
0.559767205334279,0.502639690175753,0.564664833124489
0.559350616870267,0.502275714612069,0.564268886752235
0.558934427627654,0.50185257563321,0.563820271811259
0.558518636842015,0.501513473068393,0.563392711396897
0.558103243751121,0.50113760344662,0.562997459919106
0.557688247594925,0.50081828951564,0.56258527245531
0.557273647615558,0.500447810477054,0.562146527745828
0.556859443057321,0.50010400571519,0.561693773002271
0.556445633166672,0.499738510831207,0.561265844961013
0.556032217192223,0.499381089608489,0.560831511887885
0.55561919438473,0.49898129068734,0.560390038848498
0.555206563997083,0.498622940889958,0.559997806572952
0.554794325284302,0.498247725053968,0.559584119198776
0.554382477503524,0.497943775673694,0.559171967631862
0.553971019913998,0.49755781587901,0.558738468691143
0.553559951777078,0.497156617699696,0.558372145622449
0.553149272356211,0.496839950553174,0.557988103904463
0.552738980916932,0.496505091795589,0.557616215373591
0.552329076726859,0.496186515011913,0.557165640006313
0.551919559055677,0.495826880179988,0.556729381972749
0.551510427175137,0.495468744237782,0.556332323989879
0.551101680359048,0.495107470255836,0.555936008771461
0.550693317883265,0.494787643589756,0.555549841870044
0.550285339025685,0.494435279686926,0.555141836940062
0.549877743066237,0.494064579330312,0.554678596421365
0.549470529286877,0.493719150472738,0.554223597505174
0.549063696971578,0.49338273672887,0.553807530055466
0.548657245406325,0.493022212536039,0.553407960531646
0.548251173879102,0.492681435123552,0.552973205542007
0.547845481679892,0.492322603745107,0.552592488803092
0.547440168100665,0.491956213050715,0.552214864368172
0.547035232435372,0.491583737005393,0.551845131067886
0.546630673979934,0.491231839749804,0.551440980703193
0.546226492032243,0.49087216873217,0.551019704878436
0.545822685892144,0.490526923411905,0.550592969958945
0.545419254861437,0.490183841816876,0.550182007379361
0.545016198243865,0.489803501839883,0.549796066207185
0.544613515345107,0.489407782544725,0.549389125423487
0.544211205472773,0.489014391394629,0.548990003693023
0.543809267936393,0.488640971425673,0.548590899475746
0.543407702047414,0.488294560447672,0.548176888208139
0.543006507119191,0.487944893013477,0.547793842395228
0.542605682466981,0.48761232944571,0.547351514394508
0.542205227407934,0.487237604667162,0.54694631048081
0.541805141261087,0.486899209278958,0.546569029675574
0.541405423347359,0.48653347955984,0.54617974228262
0.541006072989539,0.486231434743066,0.54581453081521
0.540607089512286,0.485848730273068,0.545441799120439
0.540208472242117,0.485466966462039,0.545050653685032
0.539810220507401,0.485173085993567,0.544662817254435
0.539412333638355,0.484833413616188,0.544335254550353
0.539014810967034,0.48450163146872,0.543968534246443
0.538617651827325,0.48415624016449,0.543573246250591
0.538220855554941,0.483849691644347,0.543169842093313
0.537824421487416,0.483472948707397,0.542767735321694
0.537428348964093,0.483162883614106,0.542317692314991
0.537032637326124,0.482862409445183,0.54193301246202
0.53663728591646,0.482502590868678,0.541524583913935
0.536242294079843,0.482141586835926,0.541115785088465
0.535847661162802,0.48178691892293,0.540743237511238
0.535453386513646,0.481437599246853,0.540364035189721
0.535059469482457,0.481088924412157,0.539955438421955
0.534665909421086,0.480729621558323,0.53957936544096
0.53427270568314,0.480372092772838,0.539180373848223
0.533879857623985,0.48000861862031,0.5387691013055
0.533487364600731,0.479648867827456,0.538380915151697
0.533095225972232,0.479320975625625,0.537958786068313
0.532703441099076,0.478995466670297,0.537547781264998
0.532312009343579,0.478641790170127,0.537130100574059
0.531920930069781,0.478314020159765,0.536678971893288
0.531530202643439,0.47793796238287,0.536326218069925
0.53113982643202,0.477598098414089,0.535964054710883
0.530749800804693,0.477231436720787,0.535600914754815
0.530360125132328,0.476867314926185,0.535241267830644
0.529970798787485,0.476542121480846,0.534866595722759
0.529581821144412,0.476174754529562,0.53451522746595
0.529193191579034,0.475847274121405,0.534114628993344
0.528804909468952,0.475488196596844,0.53371996163558
0.528416974193434,0.475133602257864,0.533302087065972
0.528029385133411,0.47482196130729,0.532923345492767
0.527642141671468,0.474441824774692,0.532525886586016
0.527255243191842,0.474163175328397,0.532129337889933
0.526868689080414,0.473817998947138,0.531756598333232
0.526482478724702,0.473449719239611,0.531380480858179
0.526096611513858,0.473120974411281,0.531006310308072
0.525711086838659,0.472752716080299,0.5306128295911
0.525325904091506,0.472402063218664,0.530239447377205
0.524941062666413,0.472035656231528,0.529856012134527
0.524556561959003,0.471690533900154,0.529459099045025
0.524172401366504,0.471358832711583,0.529060976989625
0.523788580287743,0.470990234403142,0.528649001166604
0.523405098123138,0.470648209602573,0.528239914203309
0.523021954274693,0.470298399603493,0.527862139709736
0.522639148145996,0.469964832262577,0.527467968725391
0.52225667914221,0.469633042503668,0.527081242874279
0.521874546670066,0.469300617846122,0.526709109678804
0.521492750137861,0.468980872704312,0.526345305835201
0.521111288955453,0.468665555280926,0.525994099759509
0.520730162534252,0.468306083540547,0.525559728900496
0.520349370287214,0.467966408398308,0.525175967511389
0.519968911628843,0.467594341084741,0.524784096214764
0.519588785975175,0.467259591476498,0.524394478152375
0.519208992743782,0.466933730842854,0.524004311278333
0.518829531353761,0.466574187252806,0.523612663505175
0.51845040122573,0.466247808312989,0.523221360613167
0.518071601781825,0.465896591580393,0.522848187899344
0.51769313244569,0.465574630480645,0.522454026374046
0.517314992642476,0.465275927655723,0.52209413026297
0.516937181798835,0.464938106849798,0.521695268350755
0.516559699342912,0.464616186166399,0.521360369745408
0.516182544704344,0.464282123846769,0.520984833554032
0.515805717314252,0.463932729266243,0.52063617046987
0.515429216605235,0.463595944042575,0.520259958660922
0.515053042011368,0.463253050770582,0.519895442195651
0.514677192968195,0.462924283024494,0.519502897778401
0.514301668912724,0.46258020498918,0.519146887429499
0.513926469283422,0.462256286063786,0.518754768231159
0.513551593520212,0.461925038623577,0.5184029179432
0.513177041064463,0.461620558023423,0.517991252907615
0.51280281135899,0.46128121895451,0.517623614075176
0.512428903848046,0.460926612067059,0.517233312335135
0.51205531797732,0.460586657922526,0.516868114737545
0.511682053193929,0.460253458781372,0.516510100622182
0.511309108946414,0.459900396408082,0.516114163408734
0.510936484684737,0.459545947454646,0.515747813144592
0.510564179860272,0.459246397291924,0.515361833012774
0.510192193925805,0.458883145778921,0.515006582912511
0.509820526335527,0.458554582548852,0.51465064416241
0.509449176545027,0.458221096966472,0.514235692421059
0.509078144011292,0.457833963283894,0.513878939834868
0.508707428192697,0.45751700738915,0.513532368830818
0.508337028549004,0.457225887977155,0.513125148729455
0.507966944541357,0.456931340943633,0.512713186412512
0.507597175632275,0.456591289847217,0.512368238704496
0.507227721285649,0.456276478574572,0.51200483664325
0.506858580966738,0.455966054980729,0.511642203485846
0.506489754142161,0.455652444180238,0.511267891425824
0.506121240279899,0.455301180386092,0.510920075173902
0.505753038849281,0.454967619940941,0.510515726709984
0.505385149320989,0.454660794564989,0.510153855604527
0.505017571167045,0.454300853234615,0.509778488669262
0.504650303860815,0.45394518020929,0.50940605642903
0.504283346876997,0.453633276138966,0.509011631825333
0.503916699691619,0.453342920534993,0.508647966191304
0.503550361782037,0.453018189239579,0.508241050905455
0.503184332626927,0.452721371198896,0.507866714964132
0.502818611706282,0.452376542737581,0.507532823108209
0.502453198501409,0.452065611122932,0.507178333659526
0.502088092494922,0.45170393604439,0.506795513039569
0.501723293170738,0.451340712546283,0.506457816432961
0.501358800014076,0.450999082100053,0.506112310118307
0.500994612511448,0.450699330004697,0.505771081757865
0.500630730150657,0.450423587351947,0.50542820035217
0.500267152420792,0.450079613713834,0.505035327561825
0.499903878812225,0.449729831020382,0.504690495840965
0.499540908816606,0.44939180507964,0.504330154463006
0.499178241926858,0.449059137306692,0.503952077834729
0.498815877637172,0.448750718357546,0.50359107638917
0.498453815443006,0.448409854484983,0.503199436021002
0.498092054841079,0.44807341229979,0.502840318726539
0.497730595329365,0.447750896546304,0.502476149330731
0.497369436407092,0.447415309028138,0.502154556749907
0.497008577574733,0.447095624964575,0.501777499209774
0.496648018334011,0.446797248230602,0.501392333369475
0.496287758187883,0.446495241559151,0.501047973765143
0.495927796640546,0.446202478931596,0.500719485368485
0.495568133197428,0.445798899884456,0.50036542280864
0.495208767365182,0.445499065123389,0.500041891945295
0.494849698651688,0.445165770974705,0.49971480192544
0.494490926566044,0.44482814128565,0.499400449987794
0.494132450618565,0.444480345905195,0.499052261310398
0.493774270320775,0.44409540214277,0.498692708539974
0.493416385185409,0.44379630600156,0.498335957768941
0.493058794726403,0.44346766391197,0.497940858129871
0.492701498458893,0.443132030335784,0.497599504787309
0.492344495899211,0.442840960682719,0.497248503463581
0.491987786564883,0.44255028544305,0.496902014752721
0.491631369974618,0.442208663662738,0.496515580135467
0.491275245648314,0.441879225704163,0.496128539399733
0.490919413107046,0.441578533968041,0.495769799414852
0.490563871873067,0.441265971023582,0.495404598424957
0.4902086214698,0.440915835066075,0.495051411868055
0.48985366142184,0.440577803883414,0.494621618286439
0.489498991254943,0.440279143557292,0.49426517280063
0.48914461049603,0.439917206980377,0.493943181281806
0.488790518673174,0.439585113150493,0.493593525306023
0.488436715315607,0.439234992555869,0.493267636184594
0.488083199953706,0.438946414874994,0.492889996019412
0.487729972118997,0.438625810259948,0.492541638679579
0.487377031344147,0.438318829801167,0.492214032877799
0.48702437716296,0.437989996788533,0.491852834129031
0.486672009110378,0.437690779613919,0.491485039656085
0.486319926722471,0.437378291527668,0.491150382513638
0.485968129536437,0.437022924815247,0.490799084080046
0.485616617090601,0.436705438157004,0.490426295392348
0.485265388924403,0.436412650771923,0.490054335941431
0.484914444578403,0.436079673785039,0.489733233580913
0.484563783594273,0.435786758271724,0.489408934737358
0.484213405514794,0.435443823981634,0.48905254926722
0.483863309883852,0.43509013986937,0.488706281921289
0.483513496246438,0.434747800336403,0.48835619951523
0.483163964148639,0.434440810499131,0.488052110490076
0.482814713137637,0.434118443338289,0.487695758234898
0.482465742761707,0.433819468355944,0.48732159798182
0.482117052570211,0.433524636822411,0.486976221037386
0.481768642113597,0.433216879755907,0.486634457305462
0.481420510943392,0.432910032539849,0.486314894911351
0.481072658612203,0.432607965952603,0.485924490170362
0.480725084673708,0.432266903350298,0.48557240371834
0.480377788682659,0.431949336669477,0.485224892672675
0.480030770194873,0.431637444496785,0.484881159988835
0.479684028767233,0.431284037720912,0.484491332927641
0.47933756395768,0.431005350695168,0.484146500171755
0.478991375325214,0.430690090082511,0.483818522043221
0.478645462429889,0.430438148391746,0.483434572944728
0.478299824832808,0.430157541809235,0.483128889103547
0.477954462096121,0.429858416533672,0.482763208969583
0.477609373783024,0.429561574110463,0.482416685852726
0.477264559457751,0.429293054874253,0.482079269533546
0.476920018685574,0.428979056541384,0.481734429874846
0.476575751032798,0.42866453608346,0.481381885558186
0.476231756066761,0.428365307418358,0.481044986158659
0.475888033355826,0.428051993724067,0.480714877666999
0.475544582469381,0.427767087824734,0.480384920932088
0.475201402977834,0.427487848540386,0.480015582405642
0.474858494452611,0.427147269484453,0.479644183577764
0.474515856466153,0.426860390096865,0.479306974989653
0.474173488591912,0.426534358437711,0.479002001784995
0.473831390404347,0.426253901459729,0.478637486573221
0.473489561478922,0.425924251180786,0.478276682216164
0.473148001392105,0.425619311647254,0.477962151068702
0.472806709721358,0.425358335599895,0.477632540403941
0.472465686045144,0.425079191419225,0.477296484862729
0.472124929942913,0.424782439207746,0.476956398341606
0.471784440995107,0.424497909972025,0.47660669488488
0.471444218783154,0.424224155981924,0.47626375217427
0.471104262889463,0.423919692515831,0.475934814854959
0.470764572897426,0.423606308798885,0.4756261414785
0.470425148391409,0.423276634171296,0.475292999304584
0.470085988956754,0.422969024530545,0.474997370533415
0.469747094179771,0.422670061943119,0.474652090073814
0.469408463647739,0.42236858357511,0.474315253802631
0.469070096948904,0.42205592563412,0.474001475832072
0.468731993672469,0.421744481047044,0.473672203926402
0.468394153408601,0.421440082752574,0.473348364631128
0.468056575748417,0.421151167137434,0.472982625855175
0.467719260283992,0.420841393373179,0.472648971682088
0.467382206608348,0.42054840972811,0.472291786974199
0.467045414315453,0.420273820582464,0.47196777258159
0.466708883000222,0.419962349079142,0.471678409389486
0.466372612258508,0.419662281626386,0.471353397781397
0.466036601687103,0.419334434317441,0.471026276347339
0.465700850883734,0.41903261236374,0.470710729231405
0.465365359447062,0.418701326673809,0.470395332994842
0.465030126976676,0.418413328001516,0.470074835599522
0.46469515307309,0.418101437702878,0.469736426558451
0.464360437337744,0.417804987304415,0.469370204719636
0.464025979372998,0.417493150365071,0.469003385201406
0.46369177878213,0.417225961115482,0.468697258497855
0.463357835169333,0.416942244316027,0.468352040006712
0.463024148139712,0.416661505446192,0.4679986088004
0.462690717299283,0.416335683067647,0.467636425780657
0.462357542254967,0.416042585076559,0.467265648548552
0.462024622614591,0.415766805267961,0.466917802998054
0.46169195798688,0.415481076290814,0.466601597429668
0.46135954798146,0.41518045002579,0.466260384124851
0.461027392208853,0.414877675907095,0.465958661679075
0.460695490280473,0.414571700513599,0.465612372175926
0.460363841808623,0.414255917787626,0.465287255132842
0.460032446406496,0.41393140310503,0.464972545428066
0.459701303688168,0.413661361508788,0.464640949610965
0.459370413268597,0.413378418108941,0.464284908994713
0.459039774763623,0.413091643572734,0.46393882977999
0.458709387789959,0.412758415164994,0.463570496557247
0.458379251965195,0.412477755881018,0.463265299833046
0.458049366907792,0.412173249613314,0.462924029150853
0.457719732237077,0.411837943145178,0.462548864528368
0.457390347573247,0.411553784270968,0.462251637439832
0.457061212537361,0.411274696078761,0.461926786704868
0.456732326751337,0.411010495588542,0.461554364019197
0.456403689837955,0.410710509909974,0.461262080790793
0.456075301420848,0.410431532976996,0.460857278189788
0.455747161124502,0.410159836605891,0.460517064793744
0.455419268574255,0.409880821431242,0.460199459146848
0.455091623396293,0.409587134609912,0.459829844020625
0.454764225217645,0.409309568001664,0.459509632220895
0.454437073666187,0.40902629142602,0.459219577958291
0.454110168370631,0.408748496481833,0.458861093232159
0.45378350896053,0.408449077780152,0.458527101376473
0.45345709506627,0.408159855524716,0.458198180001032
0.453130926319071,0.407870101810432,0.457896426671233
0.452805002350984,0.40756518598558,0.457584510963361
0.452479322794886,0.407251471137639,0.457259861463332
0.45215388728448,0.406959558980837,0.456961655116111
0.451828695454293,0.406675753166625,0.456627672141817
0.45150374693967,0.406378816708486,0.456294819869182
0.451179041376777,0.406074641022339,0.455969340069207
0.450854578402592,0.405775600126905,0.455632893866926
0.450530357654909,0.405457457304652,0.455346437234084
0.45020637877233,0.405181317436399,0.455026413711411
0.449882641394268,0.404871405777665,0.454716565457471
0.44955914516094,0.4045856900343,0.45439889754053
0.449235889713366,0.404266453504915,0.45401999272137
0.448912874693369,0.403950869585751,0.453648988118951
0.448590099743568,0.403697587756229,0.4533576613009
0.448267564507381,0.40340803406221,0.452983328599925
0.447945268629017,0.403068951949109,0.452671850189815
0.447623211753479,0.402761891909388,0.452307687305423
0.447301393526558,0.402487268671808,0.45199452657735
0.446979813594831,0.402177177395998,0.451667023229195
0.446658471605662,0.401879932397525,0.451355773422454
0.446337367207195,0.40160724473165,0.451052525508697
0.446016500048354,0.401349656857872,0.450697130992288
0.445695869778842,0.401073712464267,0.450364544972108
0.445375476049137,0.40079253865726,0.450037273237407
0.445055318510487,0.400469610167468,0.449696261106347
0.444735396814916,0.400159506536957,0.449368776369135
0.444415710615212,0.399855021733507,0.449041382988526
0.444096259564931,0.399571144558849,0.448696549455364
0.443777043318393,0.399290259705737,0.44834701470183
0.443458061530679,0.398982680040978,0.448016123546499
0.44313931385763,0.398704121954287,0.447723543097235
0.442820799955844,0.398420025445651,0.447415903174222
0.442502519482674,0.39813198212742,0.447100475248571
0.442184472096226,0.397842216194126,0.446761722220488
0.441866657455357,0.397571096622266,0.446455966706517
0.441549075219671,0.397295013725036,0.44616397047863
0.441231725049519,0.397029629555424,0.445868399511596
0.440914606605997,0.396735060014338,0.445569567639376
0.440597719550941,0.396453418872657,0.445209540519532
0.440281063546929,0.396176413824748,0.444888325405614
0.439964638257273,0.395899129889854,0.444597440131528
0.439648443346024,0.395598435005745,0.444293396104562
0.439332478477965,0.395321468105265,0.443988676249117
0.439016743318609,0.395041699186925,0.443668175780973
0.4387012375342,0.394769644884925,0.443294302826278
0.438385960791707,0.394491120531566,0.442988003642522
0.438070912758824,0.394198083112542,0.442675553811449
0.43775609310397,0.393950397210208,0.442316146833628
0.437441501496281,0.393668667960172,0.44199729254014
0.437127137605614,0.393374543250273,0.441677461392219
0.436813001102542,0.393087195467154,0.441351705695457
0.436499091658352,0.392795383136958,0.441032416445289
0.436185408945042,0.392502224942557,0.440723209012047
0.435871952635323,0.392219612604767,0.440425791220324
0.435558722402612,0.391964358685637,0.440131613442501
0.435245717921033,0.391680412420507,0.439818551699399
0.434932938865413,0.391350281834058,0.439506614065966
0.434620384911284,0.391054974177264,0.439208774085731
0.434308055734873,0.390745735036156,0.438862327860094
0.433995951013111,0.390469770429393,0.438502322057938
0.43368407042362,0.390158195999716,0.438185928749615
0.433372413644719,0.389885134453533,0.437885715215487
0.433060980355417,0.38959159548871,0.437608268889961
0.432749770235416,0.38934198211466,0.437297188414679
0.432438782965103,0.389090445555905,0.43698847409786
0.432128018225552,0.388829764016134,0.436694187520324
0.431817475698522,0.388554433745383,0.43639409705133
0.431507155066453,0.388280578422919,0.436113542221802
0.431197056012467,0.387981075689458,0.435789387134706
0.430887178220363,0.387689195923977,0.435490852668488
0.430577521374616,0.38741158707197,0.435141497785629
0.430268085160376,0.387134160347981,0.434849164167844
0.429958869263466,0.386852434306473,0.434521518544836
0.429649873370379,0.386578439453722,0.434250778277016
0.429341097168276,0.386282354561175,0.433953179896225
0.429032540344987,0.386001163475473,0.433646962993025
0.428724202589004,0.385749465370578,0.43334433281013
0.428416083589485,0.385501524357522,0.433020804437803
0.428108183036247,0.385234996271856,0.432701637615507
0.427800500619766,0.384977193534578,0.432404350155329
0.427493036031178,0.384679950819417,0.432067377317898
0.427185788962271,0.384381059538524,0.431733853410464
0.42687875910549,0.384087669568238,0.431441001038082
0.42657194615393,0.383819815308839,0.431085130865709
0.426265349801336,0.383549550349386,0.43077230527864
0.425958969742101,0.383279841131871,0.430489511335287
0.425652805671266,0.383007951185214,0.430200922011236
0.425346857284515,0.382766465862055,0.429908824843024
0.425041124278175,0.382501767087297,0.429603181965582
0.424735606349213,0.382229121120454,0.429303527409842
0.424430303195237,0.381951002922259,0.429014708218395
0.424125214514491,0.381701885319316,0.428702581156201
0.423820340005855,0.381453605401534,0.428410242451053
0.423515679368842,0.381155385886442,0.428120102128355
0.423211232303598,0.380880137682544,0.427827851965668
0.422906998510898,0.380584908260271,0.42753529742247
0.422602977692147,0.380344422052993,0.42725533025804
0.422299169549374,0.380024117800409,0.426978288731505
0.421995573785236,0.379758397983085,0.426683360435723
0.421692190103011,0.379497519337751,0.426377417582466
0.421389018206599,0.379242654056573,0.426071911281659
0.42108605780052,0.378967443763972,0.425792795066567
0.420783308589912,0.378684678283399,0.425472561023923
0.420480770280528,0.378437575845833,0.425157746277165
0.420178442578737,0.37816312833335,0.424857470002665
0.419876325191521,0.377844169160993,0.424589681156605
0.419574417826471,0.377587149013428,0.424273741963016
0.419272720191789,0.377284646481381,0.423988055312065
0.418971231996285,0.377017566878309,0.423658882929385
0.418669952949373,0.376742844478083,0.423302506276818
0.418368882761075,0.37644208545491,0.422988465704688
0.418068021142011,0.376169659349159,0.422703887214832
0.417767367803407,0.375911618252834,0.422446838494112
0.417466922457083,0.375628913208039,0.422110198427826
0.417166684815461,0.37537092890883,0.421800454918784
0.416866654591558,0.375126447156241,0.421463857988568
0.416566831498983,0.374870109380067,0.421187383309945
0.416267215251941,0.37458170456427,0.420868115020721
0.415967805565225,0.374368016175603,0.42058400123622
0.415668602154221,0.374092622679142,0.420274701375927
0.4153696047349,0.373833352078023,0.419995895352827
0.41507081302382,0.373548037988298,0.419673696725113
0.414772226738124,0.373258628614436,0.419394781404763
0.414473845595539,0.372966166521025,0.419085477530416
0.41417566931437,0.372734599538152,0.418796729484561
0.413877697613505,0.372491815136555,0.418477616111829
0.413579930212409,0.372238315638312,0.418188899171837
0.413282366831124,0.371995052115755,0.417873583630068
0.412985007190268,0.371742542173846,0.417564953628202
0.41268785101103,0.37147174214986,0.417268578688026
0.412390898015173,0.371215661226994,0.416991560055599
0.412094147925029,0.370947560990969,0.416702687159849
0.4117976004635,0.370722137495643,0.416395308451421
0.411501255354055,0.37044200131069,0.416126792743474
0.411205112320728,0.370167113594743,0.415753173391233
0.410909171088118,0.369893360307836,0.415476027818532
0.410613431381386,0.369634280161865,0.415149220049016
0.410317892926254,0.369356697334964,0.414861557487255
0.410022555449004,0.369068125502363,0.414579631610698
0.409727418676475,0.368808049449853,0.414290181961261
0.409432482336065,0.368563570881822,0.413990894736495
0.409137746155725,0.368317258823136,0.413743099797817
0.408843209863959,0.368058031613013,0.413441710910415
0.408548873189825,0.36778967952001,0.413136360635452
0.40825473586293,0.367492367103963,0.412854442090828
0.40796079761343,0.367239600392227,0.412544541866228
0.407667058172029,0.366995856474884,0.412253334830878
0.407373517269978,0.366735163918381,0.411966679420568
0.407080174639071,0.366451329240883,0.411662826505098
0.406787030011645,0.366159023715044,0.41136962001983
0.406494083120581,0.365922011125994,0.41107105866859
0.406201333699297,0.365658762279146,0.410781585968216
0.405908781481752,0.365387964315213,0.410490725189692
0.405616426202442,0.365122069311018,0.410229540434102
0.405324267596398,0.36484167780876,0.409927914513294
0.405032305399185,0.364596884407406,0.409579459202246
0.404740539346902,0.364312574997183,0.409263946067283
0.40444896917618,0.364066457767345,0.408973321848852
0.404157594624179,0.363811198824887,0.408662504649331
0.403866415428588,0.363574876665994,0.408334239765502
0.403575431327623,0.363343344862985,0.408068210425095
0.403284642060027,0.363056682437977,0.407732875659091
0.402994047365065,0.362796981640371,0.407408706274906
0.402703646982528,0.36254769629047,0.407154282219746
0.402413440652727,0.362310093553299,0.406869828965624
0.402123428116493,0.362072958337051,0.406566737261615
0.401833609115176,0.361804268177535,0.406310708371105
0.401543983390645,0.361538453030135,0.406015835544835
0.401254550685283,0.361261803453834,0.405736968576261
0.400965310741989,0.36098707338197,0.405432911350372
0.400676263304174,0.360765029290973,0.405139471267039
0.400387408115764,0.36050607064408,0.404848889748958
0.400098744921191,0.360244688246815,0.404553396323054
0.399810273465401,0.359989423173331,0.404261155047983
0.399521993493845,0.359692762137204,0.403978485768197
0.39923390475248,0.359437292889183,0.403681341177143
0.398946006987772,0.359191227531551,0.403412442628856
0.398658299946686,0.358904992930174,0.40309734406837
0.398370783376693,0.358681597219244,0.402815825824343
0.398083457025765,0.358433422419025,0.402551986811613
0.397796320642372,0.358183156796015,0.402276659464286
0.397509373975483,0.357915756510169,0.40200360456172
0.397222616774566,0.357657405482184,0.401719199374077
0.396936048789584,0.35739949744688,0.401436201176835
0.396649669770993,0.357174841091219,0.401138298128006
0.396363479469745,0.356891798534137,0.400871673414269
0.396077477637283,0.35664879206673,0.40056327573249
0.39579166402554,0.356412709484598,0.400292564268798
0.395506038386938,0.356153735950936,0.400033812070203
0.39522060047439,0.355911812820088,0.399751989452559
0.394935350041293,0.35563696228746,0.399462433375607
0.394650286841531,0.355382498126598,0.399195565997209
0.394365410629471,0.355102286182349,0.398894554463155
0.394080721159965,0.354835199674536,0.398608835926883
0.393796218188346,0.354595828948514,0.398308509383072
0.393511901470426,0.354333765630646,0.39802441111845
0.393227770762499,0.354050637565237,0.397735145065874
0.392943825821334,0.353804042661811,0.397441305373525
0.39266006640418,0.353513316734804,0.397171684336325
0.392376492268758,0.353300575272931,0.396870369772618
0.392093103173267,0.353053748306996,0.396583837795171
0.391809898876376,0.352789122905514,0.396296456709285
0.391526879137227,0.352536262390226,0.396018559156021
0.391244043715433,0.352288289178272,0.395736694252106
0.390961392371076,0.352035663735175,0.395449624728218
0.390678924864706,0.351807572163375,0.395194235020444
0.390396640957339,0.351542126241504,0.394907228268192
0.390114540410459,0.351306088318231,0.394651483157679
0.389832622986013,0.351060713133889,0.394357221715819
0.38955088844641,0.350805044129491,0.394096257509378
0.389269336554524,0.350567133217203,0.393807014477722
0.388987967073688,0.35030567300937,0.393547105350097
0.388706779767695,0.350029448279494,0.393278359930351
0.388425774400796,0.349795317181757,0.393017262488947
0.388144950737701,0.349530344016469,0.39276294052981
0.387864308543575,0.349282806988404,0.392476457113883
0.387583847584037,0.34902479323022,0.392211035452641
0.387303567625162,0.34875645891998,0.391889623636835
0.387023468433476,0.348487077492101,0.391599299669757
0.386743549775956,0.348250785774458,0.391287765613881
0.386463811420032,0.348004710556955,0.391012879781752
0.38618425313358,0.347746978187994,0.390732618968341
0.385904874684925,0.347463629785204,0.390461509929103
0.385625675842839,0.347216626801517,0.390194861244938
0.385346656376541,0.346972942098239,0.389923369794231
0.385067816055693,0.346725866872879,0.389604485081228
0.384789154650399,0.346483720599008,0.38933646063936
0.384510671931209,0.346254395062879,0.389028551803651
0.384232367669111,0.346020175402587,0.388761594645478
0.383954241635533,0.345767403857875,0.38850070860105
0.383676293602345,0.345537296128048,0.388256706838587
0.383398523341851,0.345288955251134,0.387913155730718
0.383120930626793,0.345062498614976,0.387631600127426
0.38284351523035,0.344827319146463,0.387346031380704
0.382566276926133,0.344593310697422,0.387076148457211
0.382289215488188,0.344352670969279,0.386774216599344
0.382012330690992,0.344116496033315,0.386465860784479
0.381735622309454,0.343882590294354,0.3861883261418
0.381459090118912,0.343658864323576,0.385889246245291
0.381182733895134,0.343449435169586,0.385616283381656
0.380906553414315,0.343236405569139,0.385330727264433
0.380630548453076,0.343003014322999,0.385088401108322
0.380354718788467,0.342736411832438,0.384814454526158
0.380079064197958,0.342502000948042,0.384533603923382
0.379803584459445,0.342263044201738,0.384243572203524
0.379528279351246,0.342000253837702,0.383957743454194
0.3792531486521,0.341760825620217,0.383664625727716
0.378978192141167,0.341538875437128,0.383391376267181
0.378703409598026,0.341314063708048,0.383110996743124
0.378428800802673,0.341054074530221,0.382843570131922
0.378154365535522,0.340804598273044,0.38257858003173
0.377880103577403,0.340544907731677,0.382318392808683
0.37760601470956,0.340295170874932,0.38205757256403
0.377332098713653,0.340024896619922,0.381752838627232
0.377058355371754,0.339755166046119,0.381510042151503
0.376784784466345,0.33952068937878,0.381246571245314
0.376511385780321,0.339304566666058,0.380963042000105
0.376238159096986,0.339063155124661,0.380705568254483
0.375965104200053,0.338810318990103,0.380452958261239
0.375692220873641,0.338592853752995,0.380187855494224
0.375419508902279,0.338358713408704,0.379900874547132
0.375146968070899,0.338113107038795,0.379648914899915
0.374874598164839,0.337864655557096,0.379392166803867
0.374602398969839,0.337620735627011,0.379097365392381
0.374330370272043,0.337400743482799,0.378803536406403
0.374058511857997,0.337150129221198,0.378547704276121
0.373786823514647,0.336910741188951,0.378279811419095
0.373515305029337,0.336680629030977,0.377962300411791
0.373243956189812,0.336442292457596,0.377703950940026
0.372972776784214,0.33619307701307,0.377423934289193
0.372701766601081,0.335930675494333,0.377166828839348
0.372430925429347,0.335669308186385,0.376902094233042
0.37216025305834,0.3354031458732,0.376634446010244
0.371889749277783,0.335137180444314,0.376385578353296
0.371619413877791,0.334904837952221,0.376128814624919
0.371349246648869,0.334663768870375,0.375874923201514
0.371079247381917,0.334429260718331,0.375595437795044
0.37080941586822,0.334197462306856,0.375293049182367
0.370539751899454,0.333955850032508,0.375009437170907
0.370270255267684,0.333727292090262,0.374732080006778
0.37000092576536,0.333466857830016,0.37445890053358
0.369731763185317,0.33324427165568,0.374178731537295
0.369462767320778,0.333009641180278,0.373904687449537
0.369193937965348,0.332755532145092,0.373637810744181
0.368925274913016,0.332514888086377,0.373352384091905
0.368656777958151,0.332296647248557,0.37308034640542
0.368388446895506,0.33207336907669,0.372823805287626
0.368120281520212,0.331842372068801,0.372555353991899
0.36785228162778,0.331597042353085,0.37228820069701
0.367584447014101,0.331343265268905,0.372016194130541
0.36731677747544,0.331135599209119,0.371763888874204
0.367049272808441,0.330912013110102,0.371478178125547
0.366781932810124,0.330671438140782,0.371227638395765
0.36651475727788,0.330444634046082,0.370974924048267
0.366247746009479,0.330187648187993,0.370702200451804
0.365980898803058,0.329979422063575,0.370432675405423
0.365714215457132,0.329741789497991,0.370146026635484
0.365447695770581,0.329516195448613,0.369858018764661
0.36518133954266,0.329268989329993,0.369576460068472
0.36491514657299,0.329021143061585,0.369312698650497
0.36464911666156,0.32880875974799,0.369083480869
0.36438324960873,0.328604314365163,0.368803171095114
0.364117545215221,0.32833667618163,0.368504680614368
0.363852003282126,0.328119339043666,0.368219743736582
0.363586623610896,0.327884898042013,0.367976859563975
0.36332140600335,0.327639213296546,0.367707255380348
0.363056350261669,0.32738442106551,0.367435813077004
0.362791456188395,0.327155851202875,0.367150999603995
0.362526723586433,0.326907998587171,0.366889413521044
0.362262152259045,0.32666685152163,0.366637510555167
0.361997742009856,0.326440846916261,0.366374565810841
0.361733492642848,0.326177185277332,0.366135568896867
0.361469403962359,0.325975494457371,0.365877381169706
0.361205475773086,0.325727108337257,0.36558913409528
0.36094170788008,0.325443794639389,0.365316818759286
0.36067810008875,0.325218976609789,0.365058933614139
0.360414652204855,0.324980938157345,0.364823076993017
0.360151364034509,0.324748071360129,0.364565807401367
0.359888235384181,0.324522227014842,0.364279189121359
0.359625266060688,0.324266062007785,0.364026668440713
0.359362455871199,0.324031040166912,0.363758551128221
0.359099804623232,0.323803307944861,0.363499652544584
0.358837312124657,0.323577162340507,0.363226651331032
0.358574978183688,0.323339006679059,0.362969346278311
0.35831280260889,0.323090073858244,0.362701913794915
0.358050785209172,0.322878087343843,0.362415340663944
0.357788925793789,0.322631454490083,0.362133724822071
0.357527224172342,0.322377580726724,0.361859703725159
0.357265680154776,0.322121964547742,0.361595470253759
0.357004293551377,0.321915716729285,0.361340966470567
0.356743064172776,0.32168635248701,0.361083529879723
0.356481991829945,0.321457532075973,0.36083145422635
0.356221076334194,0.32123570112632,0.360571406499347
0.355960317497176,0.320981689567711,0.360335712090232
0.355699715130882,0.320792382558795,0.360087868396579
0.355439269047641,0.320584589753232,0.359778225274041
0.355178979060121,0.320383503836307,0.359500568496475
0.354918844981323,0.320167070934431,0.359259921828488
0.354658866624588,0.319919649507179,0.358989554013831
0.354399043803589,0.319657198712386,0.358728659207617
0.354139376332334,0.319403746497682,0.358440048844959
0.353879864025167,0.31918987133644,0.358148929779155
0.35362050669676,0.318954403132589,0.357884845832878
0.35336130416212,0.318715476905958,0.357622248590048
0.353102256236585,0.318489677890172,0.357384715863449
0.352843362735822,0.318237379331505,0.357125843927502
0.352584623475827,0.317990833964658,0.356894017628718
0.352326038272927,0.317752049496959,0.356636305568619
0.352067606943775,0.317500703286136,0.356388232165512
0.351809329305351,0.317250441702295,0.356154457155169
0.351551205174964,0.316998108061416,0.355883711761155
0.351293234370244,0.316746564577922,0.355619547370998
0.351035416709149,0.316495962052614,0.355356824655963
0.350777752009962,0.316256628205469,0.355105331178241
0.350520240091285,0.31605428583435,0.354838407293218
0.350262880772047,0.315841294243773,0.35458594555978
0.350005673871497,0.315589621090786,0.354340535391205
0.349748619209203,0.315371052938811,0.354073267411141
0.349491716605056,0.315140693608799,0.353807368131171
0.349234965879265,0.314919940101072,0.35353410978487
0.348978366852358,0.314701146557308,0.35327116528889
0.348721919345181,0.314492246536103,0.353039487432301
0.348465623178898,0.314212726794345,0.352780342118512
0.348209478174987,0.313978297855494,0.352525013438199
0.347953484155245,0.31376327916565,0.352287901579314
0.347697640941781,0.313540242153517,0.352043077391552
0.34744194835702,0.313325381979732,0.3517765097217
0.347186406223699,0.313095562131029,0.351510590964655
0.34693101436487,0.312844302247535,0.351240518127902
0.346675772603895,0.312638607975451,0.350966959285128
0.346420680764447,0.312431158330272,0.350698287172459
0.346165738670511,0.312198741232926,0.350449297586063
0.345910946146382,0.311985027398201,0.350193427874871
0.345656303016662,0.311749311281353,0.349941563667156
0.345401809106263,0.311516228774109,0.349680604554626
0.345147464240404,0.311319090844639,0.3494028474538
0.344893268244611,0.311081494083711,0.34915004084354
0.344639220944717,0.310842761720445,0.348890107661068
0.344385322166859,0.310640608269277,0.348625398338216
0.34413157173748,0.310405052213848,0.348359197935154
0.343877969483326,0.310167168893977,0.348100511320916
0.343624515231447,0.30997618859136,0.347849264788607
0.343371208809197,0.309749890372143,0.347606682882531
0.343118050044228,0.309525618255646,0.347352301651513
0.342865038764497,0.309312527929177,0.347097853571426
0.34261217479826,0.309061993806998,0.346873932443046
0.342359457974072,0.308866583790781,0.346623182971628
0.34210688812079,0.308634512862315,0.346363579684781
0.341854465067566,0.308399036484329,0.346110827350317
0.341602188643852,0.308168182621905,0.345864402487293
0.341350058679395,0.307933820182522,0.345634933226079
0.341098075004241,0.30770067027567,0.345409287617664
0.34084623744873,0.307478102019294,0.345162691315693
0.340594545843497,0.307253309089009,0.344903377584059
0.340343000019471,0.307045881835166,0.344669062417269
0.340091599807877,0.306817280301652,0.344397960533995
0.339840345040229,0.306589706889735,0.34413230281563
0.339589235548336,0.306380885123874,0.34387918637264
0.339338271164298,0.306162201410445,0.34364027115346
0.339087451720506,0.305938619972548,0.343414625310555
0.33883677704964,0.30569498276233,0.343164348007409
0.338586246984673,0.305461619736387,0.342907880016428
0.338335861358862,0.305255793842654,0.342638799639438
0.338085620005756,0.305023416720443,0.342351840753376
0.337835522759189,0.30480281105619,0.342083546154758
0.337585569453286,0.304592769033025,0.341783851166183
0.337335759922452,0.304371405236333,0.341569754884798
0.337086094001383,0.304152278295043,0.341303450781014
0.336836571525058,0.303932678918584,0.34104728431912
0.33658719232874,0.303724266011719,0.340815582238074
0.336337956247975,0.303501685998627,0.340541379379322
0.336088863118594,0.303273561615829,0.340254070064016
0.335839912776708,0.303052504076639,0.340028057512508
0.335591105058712,0.30282966720666,0.339803699347491
0.33534243980128,0.302574169303426,0.339563097052411
0.335093916841368,0.302349716725722,0.339311181269053
0.334845536016209,0.302122403646292,0.339082504870475
0.33459729716332,0.301898595821226,0.338836609055879
0.334349200120491,0.301663885379679,0.338599173944519
0.334101244725794,0.301451166239252,0.338354449866428
0.333853430817576,0.301212765260442,0.338090113940087
0.333605758234461,0.301011849693712,0.337811115609409
0.333358226815349,0.300771877560656,0.337547372776489
0.333110836399416,0.300528185119064,0.337281925412817
0.332863586826111,0.300302603956505,0.337026968986419
0.332616477935159,0.300075139843385,0.336750893225864
0.332369509566558,0.299830981546477,0.336498955829986
0.332122681560577,0.299613834633564,0.336253859185471
0.331875993757759,0.299368485820448,0.336005981438835
0.331629445998919,0.299152897089676,0.335764414498989
0.33138303812514,0.298938047780163,0.335513688748868
0.33113676997778,0.298716285089543,0.335263975096457
0.330890641398462,0.298504706551658,0.3349789394099
0.330644652229082,0.298283607233108,0.334733578508079
0.330398802311801,0.298055624377531,0.334499225493836
0.330153091489051,0.297829337655833,0.334252137371261
0.329907519603529,0.297632374353074,0.333988332367636
0.329662086498201,0.297406773195485,0.333753134400403
0.329416792016296,0.297192972206181,0.333531735096657
0.329171636001311,0.296947613491926,0.333302454534448
0.328926618297008,0.296730256714275,0.333083282028675
0.32868173874741,0.296514565816646,0.332846211119969
0.328436997196809,0.296278859489959,0.332618895246488
0.328192393489754,0.29606641339591,0.332401770527545
0.327947927471063,0.295840101582494,0.332156566347718
0.32770359898581,0.295627279374451,0.331909442363574
0.327459407879334,0.295366372316293,0.331655862480807
0.327215353997234,0.295110790817933,0.331405132436478
0.326971437185368,0.294900338798053,0.331152375085514
0.326727657289855,0.294672537165476,0.330922687332604
0.326484014157072,0.294442597442932,0.330710571494553
0.326240507633654,0.294241191093752,0.330452557363278
0.325997137566497,0.294023147385794,0.330179014167338
0.325753903802749,0.293788623810097,0.3299282806558
0.325510806189819,0.293582312571346,0.329673112488602
0.325267844575371,0.293361565396434,0.329458745141076
0.325025018807324,0.293162773143377,0.329189149314934
0.324782328733851,0.292918317269894,0.328941425724377
0.324539774203381,0.292711105221328,0.328689890897639
0.324297355064597,0.292483298818378,0.328451909867888
0.324055071166434,0.292281038255015,0.32820975774835
0.32381292235808,0.292034023381853,0.327963204475181
0.323570908488976,0.29180903985528,0.327753098097513
0.323329029408814,0.291611138907997,0.32750003672345
0.323087284967536,0.291396826803919,0.32725340045376
0.322845675015336,0.291198900392586,0.326989940284144
0.322604199402657,0.29097446319348,0.32674686386472
0.322362857980192,0.290733279931154,0.326494867991265
0.322121650598882,0.290531747775824,0.326265602649663
0.321880577109917,0.290314562913724,0.326037377209246
0.321639637364733,0.290094931389307,0.325817877654755
0.321398831215016,0.289891330371676,0.325583968357862
0.321158158512696,0.289679347027393,0.325336607155597
0.320917619109951,0.289440037529464,0.325062100230299
0.320677212859202,0.289206340042879,0.324830338528011
0.320436939613118,0.289010242874974,0.324605699147248
0.320196799224609,0.288802209967717,0.324366741074497
0.319956791546832,0.288593967196419,0.324147860700304
0.319716916433186,0.288399148747936,0.323895159026248
0.319477173737313,0.288192302751133,0.32365185099656
0.319237563313095,0.287957408009947,0.323432780288471
0.31899808501466,0.287746392562137,0.323184349861799
0.318758738696374,0.287524515434405,0.322939482627308
0.318519524212845,0.287317304075467,0.322698447831818
0.31828044141892,0.287121054925018,0.322450947570461
0.318041490169687,0.286910329951481,0.322195880185871
0.317802670320472,0.286704310440943,0.321962284853641
0.31756398172684,0.286471956143684,0.3217252456957
0.317325424244594,0.28627597162106,0.321483282495364
0.317086997729774,0.286071862548932,0.321251692408988
0.316848702038657,0.285874792823435,0.321011164492097
0.316610537027758,0.285664842087616,0.320787351044873
0.316372502553826,0.285477065106588,0.320563288865371
0.316134598473846,0.285259551405141,0.320299461695315
0.315896824645038,0.285036799380905,0.320024853101075
0.315659180924857,0.284825192326815,0.319782830008137
0.315421667170992,0.28461010945184,0.319557299960488
0.315184283241363,0.284378676937269,0.319346463876294
0.314947028994125,0.284162068369734,0.319110012418855
0.314709904287665,0.28394176430703,0.318900591410724
0.314472908980603,0.283747049123003,0.318638789820381
0.314236042931787,0.283510901589556,0.318410650184399
0.313999306000299,0.283302901022437,0.318190131254102
0.31376269804545,0.28308408365302,0.317950423577123
0.313526218926781,0.282864442649643,0.317725036684968
0.313289868504062,0.282652479722581,0.317512149255672
0.313053646637292,0.282452819392932,0.317272582210219
0.3128175531867,0.282236009587526,0.317047937594631
0.312581588012739,0.282037500229273,0.316823256141676
0.312345750976093,0.281814243978989,0.316581232842186
0.312110041937672,0.281605402937449,0.316325062068622
0.311874460758611,0.281421318060352,0.31610056788555
0.311639007300271,0.281244123404034,0.31588948262944
0.311403681424241,0.281037306613426,0.315649812533355
0.311168482992331,0.280806306385848,0.315412982021565
0.310933411866578,0.280583821864848,0.315190625706273
0.310698467909242,0.280335779856834,0.314955683684431
0.310463650982807,0.280130332239594,0.314747628472698
0.31022896094998,0.279914106752199,0.31450285557836
0.309994397673689,0.279714340287109,0.314273119363375
0.309759961017086,0.279505590683767,0.314016967999931
0.309525650843543,0.279284116892183,0.313744252469455
0.309291467016653,0.279069586322684,0.313533123461726
0.309057409400231,0.278876931507,0.313262910962212
0.308823477858311,0.278648359959569,0.313019956638992
0.308589672255146,0.278427515799908,0.312774967471113
0.30835599245521,0.278238395500631,0.312509207745189
0.308122438323193,0.278039649308208,0.312271665207261
0.307889009724006,0.277824040798955,0.312061385888919
0.307655706522776,0.277630643235781,0.311845765875833
0.307422528584848,0.277396182081355,0.311592807436743
0.307189475775783,0.27721998135814,0.311372401429857
0.306956547961358,0.277007116293155,0.31115217063842
0.306723745007568,0.276820531075509,0.310910121297644
0.306491066780622,0.276629538027674,0.31064926747225
0.306258513146942,0.276416176349173,0.310413564360138
0.306026083973168,0.276203776557079,0.310177422188924
0.305793779126153,0.275971022474533,0.309947581592328
0.305561598472961,0.275741353668147,0.309724587647888
0.305329541880871,0.275550452758056,0.309491386569349
0.305097609217377,0.275345315540758,0.309216342101569
0.304865800350181,0.275121612504092,0.30897504194555
0.304634115147199,0.274906050189552,0.308722402045027
0.304402553476557,0.274702099130819,0.308470933581394
0.304171115206594,0.274482147370997,0.308217973462655
0.303939800205858,0.274272076684749,0.307958532448886
0.303708608343106,0.274059844375006,0.307745861396844
0.303477539487306,0.273839929726536,0.307517532100381
0.303246593507634,0.273608459284013,0.307286190790926
0.303015770273476,0.273420846793093,0.30705093348642
0.302785069654425,0.273211725292142,0.306819221510408
0.302554491520281,0.273010264798196,0.306606629984498
0.302324035741053,0.272789201991545,0.306384998483645
0.302093702186957,0.272580985859212,0.306156002640861
0.301863490728412,0.272372708727302,0.305922904643148
0.301633401236048,0.272173393505658,0.305690758159413
0.301403433580696,0.271952945957498,0.305428326837115
0.301173587633395,0.271755745245972,0.305209394855565
0.300943863265387,0.271549227782826,0.304966160824829
0.30071426034812,0.271336452725477,0.304735858669894
0.300484778753243,0.271132453502769,0.304516497079624
0.300255418352611,0.270943311404915,0.304283435731572
0.300026179018281,0.270724835474422,0.304055864891405
0.299797060622512,0.270524030785834,0.30381657890029
0.299568063037766,0.270315382038193,0.30362684158029
0.299339186136705,0.270133150620714,0.303383713757567
0.299110429792194,0.269917798305721,0.303189528934734
0.298881793877299,0.269693625848873,0.302967034395751
0.298653278265284,0.269510703808127,0.302714079868563
0.298424882829615,0.269301328098438,0.302487586942254
0.298196607443957,0.269097868329588,0.302252401004181
0.297968451982175,0.268897187329208,0.302046969332069
0.29774041631833,0.268705301500359,0.301845790444183
0.297512500326685,0.268502588720509,0.301620976245122
0.297284703881697,0.268315574210124,0.301385356632644
0.297057026858023,0.268121682828183,0.301137423640353
0.296829469130518,0.267913303867659,0.300926446218974
0.296602030574229,0.267695194540777,0.300705966309163
0.296374711064405,0.267492018361909,0.300476320012402
0.296147510476486,0.267293524981685,0.300254882087275
0.29592042868611,0.267108290387375,0.300021082938424
0.29569346556911,0.266916626452818,0.299805915416546
0.295466621001512,0.266706216720662,0.299563568462643
0.295239894859538,0.266514812887571,0.29933632924452
0.295013287019602,0.266323863520449,0.29912890316728
0.294786797358313,0.266117096597732,0.2988830323806
0.294560425752471,0.265905617026484,0.298652006673674
0.294334172079071,0.265714483319606,0.298430466420373
0.294108036215298,0.2655017071747,0.298201495358575
0.29388201803853,0.265299252816928,0.297984845715006
0.293656117426336,0.265111778091431,0.297749919643849
0.293430334256475,0.264898993498589,0.297507106901492
0.293204668406899,0.264695322920725,0.297281674663225
0.292979119755747,0.264510647432705,0.297050224025699
0.29275368818135,0.264302180856773,0.296792983950828
0.292528373562228,0.264102519310902,0.296531691639433
0.292303175777089,0.26389267157494,0.296285196904984
0.292078094704831,0.263684630829019,0.296085344597664
0.291853130224539,0.26349121877362,0.295882550119064
0.291628282215487,0.263311854789149,0.295650101096084
0.291403550557135,0.263120460061001,0.295416766361359
0.291178935129131,0.2629191950847,0.295181178441143
0.29095443581131,0.262735820842108,0.294957513899484
0.290730052483691,0.262527725052298,0.294722056499282
0.290505785026482,0.262329345672407,0.294482970807303
0.290281633320075,0.26212889387928,0.294265754548512
0.290057597245045,0.261930080947291,0.294017446580658
0.289833676682157,0.261735735169263,0.293791805302577
0.289609871512354,0.261545522618791,0.293542616621006
0.289386181616768,0.261347132922555,0.293324380254087
0.289162606876713,0.261122525211836,0.293079306609511
0.288939147173685,0.26092648696195,0.292827652582153
0.288715802389363,0.260736225180566,0.292616129715054
0.288492572405611,0.260553803337274,0.292395645793079
0.288269457104472,0.260353224762808,0.292166417409342
0.288046456368172,0.260168150965771,0.291922823423385
0.287823570079119,0.259977545963629,0.291704885392332
0.287600798119901,0.259774355882211,0.291476433008647
0.287378140373286,0.259544406636013,0.291244008187826
0.287155596722225,0.259350725120868,0.291010821627351
0.286933167049844,0.259180489320956,0.29078710301654
0.286710851239454,0.258977034651521,0.290555316173279
0.286488649174541,0.258778481202439,0.290357462607712
0.286266560738772,0.258587112755571,0.290133763639968
0.286044585815992,0.258401128432977,0.289909890351779
0.285822724290222,0.258221750257681,0.289679492057839
0.285600976045663,0.258015897596845,0.28945889330818
0.285379340966694,0.257831665128656,0.289230540743606
0.285157818937867,0.257609514650309,0.289009143539399
0.284936409843915,0.257396781051313,0.288814492755872
0.284715113569745,0.257164885808396,0.288582851819621
0.284493930000439,0.256968376083877,0.288354253739728
0.284272859021257,0.256769646502761,0.288149821261747
0.284051900517632,0.256565600034747,0.287932992693246
0.283831054375172,0.256362764863917,0.287709047390159
0.283610320479661,0.256146833177947,0.287511029315064
0.283389698717056,0.255936364414169,0.287300392333671
0.283169188973487,0.255748016908886,0.287071621178657
0.282948791135258,0.255544528145567,0.286834540621274
0.282728505088847,0.255344076541606,0.286625362025158
0.282508330720904,0.255143412442021,0.286411047523891
0.282288267918249,0.254939200265607,0.286208464501686
0.282068316567878,0.254725783713227,0.285953670581614
0.281848476556956,0.254522471583911,0.285714246701282
0.281628747772819,0.254329590559302,0.285476992885473
0.281409130102977,0.254142490452704,0.285241195813068
0.281189623435106,0.253956434796707,0.285026241145478
0.280970227657056,0.253736019378332,0.284794627132469
0.280750942656845,0.253555174714264,0.284563307117629
0.280531768322661,0.253367475962837,0.28434789435235
0.280312704542862,0.2531837172175,0.284090925109034
0.280093751205974,0.252993502152586,0.283883767039296
0.27987490820069,0.252783215471964,0.283661533377375
0.279656175415874,0.252589843619886,0.283437015687531
0.279437552740557,0.252399758828041,0.283218419575373
0.279219040063936,0.252198289604014,0.283016610408799
0.279000637275377,0.252004274038903,0.282783193309567
0.278782344264413,0.251818742619094,0.282539642212603
0.278564160920741,0.251626323760748,0.282322291360698
0.278346087134226,0.25142144194474,0.282090023269936
0.278128122794899,0.251249983327034,0.281859696799152
0.277910267792957,0.251057809629556,0.281650626162453
0.277692522018759,0.250872393915718,0.281436945621205
0.277474885362833,0.250667463525349,0.28120514999919
0.277257357715869,0.250459248652709,0.280987495035091
0.277039938968722,0.250281142058467,0.28075374176722
0.27682262901241,0.250076704372217,0.280536028615028
0.276605427738115,0.249888306986784,0.280333312104915
0.276388335037183,0.24970154501807,0.280091027798185
0.276171350801122,0.249511507095602,0.279868094500359
0.275954474921602,0.249325856558319,0.279662825936825
0.275737707290456,0.2491264605995,0.279449306671166
0.275521047799679,0.248920695060726,0.279217989670265
0.275304496341428,0.24873179828588,0.278978628054435
0.27508805280802,0.248537321265908,0.278736303883591
0.274871717091933,0.248347171670405,0.27847845269931
0.274655489085807,0.248148369883006,0.2782753151479
0.274439368682441,0.247968758660603,0.278046184052672
0.274223355774793,0.247760284092447,0.27781709876166
0.274007450255984,0.247555195959406,0.277592523810805
0.273791652019292,0.247336985740586,0.27736685787655
0.273575960958154,0.247137084896377,0.277152325384571
0.273360376966165,0.246948642797229,0.276932821118628
0.27314489993708,0.246753145612236,0.276722011923136
0.272929529764813,0.246564724655514,0.27651749356528
0.272714266343431,0.246392092014102,0.276265453510594
0.272499109567165,0.246207530692951,0.276067505190982
0.272284059330398,0.24601735769293,0.275860061963831
0.272069115527671,0.245813356187607,0.27566111663302
0.271854278053684,0.24561924813933,0.275426722458648
0.271639546803289,0.245403090471683,0.275214501825735
0.271424921671498,0.245195677877711,0.27497861821554
0.271210402553476,0.244987339352422,0.274728740972141
0.270995989344544,0.244771682373951,0.274496558466827
0.270781681940178,0.244565669688666,0.274303153307326
0.270567480236009,0.244372264511233,0.274104423291572
0.270353384127822,0.244191329899429,0.273912086504014
0.270139393511555,0.243979006316078,0.273700122126409
0.269925508283302,0.243793336322612,0.273479998930648
0.269711728339308,0.243609841104793,0.27324751337257
0.269498053575974,0.243433036407742,0.273025555378414
0.269284483889851,0.243268081266198,0.272807612807737
0.269071019177644,0.243071216396878,0.27259306612639
0.26885765933621,0.24289238648188,0.272372061697218
0.268644404262558,0.242692943683793,0.272192036154844
0.268431253853849,0.242496969078232,0.271987184830609
0.268218208007394,0.242328149707515,0.271798492443127
0.268005266620657,0.242119744828829,0.271582902584244
0.267792429591251,0.241927526232292,0.271344489800204
0.267579696816941,0.24176040398721,0.271161858492465
0.26736706819564,0.24158701097181,0.270943833109411
0.267154543625413,0.241402787375955,0.2707404528732
0.266942123004474,0.24120287116968,0.270523986958777
0.266729806231186,0.241012311231067,0.270317107250901
0.26651759320406,0.240839794820205,0.270109717635804
0.266305483821759,0.240645918186234,0.269909671486296
0.26609347798309,0.240445780982127,0.269707367920331
0.265881575587011,0.240256812902355,0.269503591248009
0.265669776532628,0.24006869148816,0.269294121475759
0.265458080719192,0.239856774568117,0.269072253500498
0.265246488046105,0.23966901772403,0.268833442671425
0.265034998412912,0.23946663989534,0.268603977485774
0.264823611719307,0.239319202928191,0.268377435905992
0.264612327865131,0.239137024484623,0.26817999687271
0.264401146750369,0.238934471595175,0.267936642908595
0.264190068275153,0.238731179982423,0.267704518597228
0.263979092339761,0.238531731976638,0.267486155801029
0.263768218844616,0.238348316644338,0.267278784397899
0.263557447690284,0.238167869368792,0.267073212558519
0.26334677877748,0.237987291476248,0.266864800344323
0.263136212007059,0.237800321091255,0.266645365172864
0.262925747280021,0.237603207740004,0.26644503404706
0.262715384497514,0.237412267581325,0.266215629100838
0.262505123560823,0.237213677978357,0.266019568556938
0.262294964371382,0.237019815789641,0.265821723886992
0.262084906830765,0.236844042395524,0.26560388478664
0.261874950840689,0.236655267983972,0.265367120800024
0.261665096303015,0.236461654905703,0.26516470013751
0.261455343119744,0.236285630268542,0.2649565184772
0.26124569119302,0.236082430052238,0.264733608305628
0.26103614042513,0.235898730276646,0.26452104664698
0.260826690718501,0.235710752985257,0.264320841818779
0.260617341975699,0.235522034274853,0.264112311610646
0.260408094099436,0.235329753160998,0.263907459347321
0.260198946992559,0.235133327267402,0.263671985638186
0.25998990055806,0.234953427780341,0.263463989499078
0.259780954699068,0.234772576274319,0.263245864540695
0.259572109318852,0.234614309237039,0.263023222429705
0.259363364320821,0.23442340866877,0.262813513693312
0.259154719608525,0.234246938364008,0.262610832676501
0.25894617508565,0.234051402620065,0.262371691470279
0.258737730656023,0.233854791008083,0.262151508848359
0.258529386223606,0.233657138701045,0.261934673921046
0.258321141692505,0.233478528980213,0.261743183796566
0.258112996966957,0.233281455245548,0.261520940203681
0.257904951951342,0.23309789376926,0.261320901495029
0.257697006550176,0.232929941783802,0.261081945105607
0.257489160668109,0.232762172314771,0.260841735477244
0.257281414209932,0.232548966674633,0.260626315915229
0.257073767080571,0.232361712329901,0.260424355283085
0.256866219185088,0.23220114395281,0.260239204587501
0.25665877042868,0.232016902535733,0.260031365782303
0.256451420716683,0.231807302075619,0.259811390268037
0.256244169954565,0.231604109725461,0.259602993154936
0.256037018047931,0.231422632526654,0.259382037704176
0.255829964902522,0.231235051594183,0.259198059750313
0.255623010424211,0.231034134063986,0.258975798176831
0.255416154519008,0.230858951318562,0.258780885524147
0.255209397093056,0.230658051685051,0.258583470868244
0.255002738052632,0.23048555802852,0.258374966000019
0.254796177304147,0.230305164683156,0.258146814074726
0.254589714754147,0.230115064456121,0.25792721883825
0.254383350309308,0.229926784035336,0.257725320434134
0.254177083876441,0.22974141782533,0.257532609861908
0.25397091536249,0.229556434292431,0.257356257654475
0.25376484467453,0.22936720450656,0.257146472851868
0.25355887171977,0.229197056095232,0.256936409537662
0.25335299640555,0.229020814560995,0.256722814027824
0.253147218639341,0.228823751098113,0.256509493835596
0.252941538328747,0.22865152229102,0.256324958520678
0.252735955381501,0.228472952219045,0.256097964911858
0.252530469705471,0.228307782057929,0.255888342655567
0.25232508120865,0.228116753170742,0.255672218291284
0.252119789799167,0.227924005260347,0.255468419585429
0.251914595385278,0.227712015064954,0.255262777538595
0.25170949787537,0.227526534191527,0.255045166308628
0.251504497177959,0.227342738031561,0.254828696123976
0.251299593201691,0.227135773296026,0.254624619333333
0.251094785855342,0.226955906073344,0.254412238163232
0.250890075047815,0.226780203891884,0.25420858328351
0.250685460688144,0.226580869130772,0.25400795630252
0.250480942685491,0.226393985909818,0.253818933310751
0.250276520949145,0.226227721614781,0.253595404129088
0.250072195388524,0.226055061893155,0.253391693875036
0.249867965913173,0.225875945042055,0.253184564045912
0.249663832432767,0.225694483435375,0.252976823504861
0.249459794857104,0.225505169409263,0.252776440949505
0.249255853096114,0.22533522287072,0.252553996393741
0.249052007059849,0.225127122339678,0.252350987973719
0.248848256658492,0.224926004869157,0.252139106334314
0.248644601802349,0.224757482011517,0.251932753761955
0.248441042401854,0.224579563424631,0.251719877162331
0.248237578367567,0.224383330567192,0.251523798361398
0.248034209610172,0.224211077184419,0.251305725959774
0.247830936040479,0.224039754542985,0.251057482038498
0.247627757569425,0.223830444489778,0.250855112543727
0.24742467410807,0.223623236210756,0.250666506454151
0.247221685567598,0.223429305522431,0.250471304053394
0.247018791859321,0.223240717866516,0.250280310126632
0.246815992894671,0.223044100640873,0.250084438644755
0.246613288585207,0.222871742144138,0.249897231673553
0.24641067884261,0.222695399750316,0.249701852523466
0.246208163578687,0.222503499229602,0.249486076509354
0.246005742705364,0.222321771646288,0.249254655213095
0.245803416134695,0.222141883392621,0.249034252221895
0.245601183778853,0.221960496854008,0.248842801638353
0.245399045550136,0.221768466387611,0.248640001043058
0.245197001360964,0.221565800867382,0.248450622870914
0.244995051123878,0.221375720141766,0.248235455309981
0.244793194751542,0.221188025882759,0.248022166271832
0.244591432156742,0.221011710624166,0.247828372772489
0.244389763252384,0.220837342284864,0.247627138890722
0.244188187951497,0.220661584335818,0.24744581037113
0.243986706167229,0.220477330464407,0.247247366490471
0.243785317812852,0.220300996399107,0.247032489805239
0.243584022801755,0.220138768965834,0.246850781631193
0.243382821047451,0.219962994673787,0.246637080128295
0.243181712463569,0.219805368598786,0.246450602860699
0.242980696963862,0.219623088102784,0.246251569100991
0.242779774462199,0.21944260805926,0.246055603105133
0.242578944872572,0.219263640823616,0.245839650448132
0.24237820810909,0.219111566646019,0.245671370356695
0.242177564085982,0.218921154381126,0.245460711606104
0.241977012717595,0.218736126578293,0.245276855241941
0.241776553918395,0.218577067083871,0.245080429708777
0.241576187602967,0.218388963246501,0.244894402673223
0.241375913686012,0.218205188036049,0.244673103699262
0.241175732082353,0.218036692255558,0.244472265546576
0.240975642706927,0.217853596017748,0.244272506737301
0.240775645474791,0.217671318032594,0.244091174592256
0.240575740301116,0.2174971534255,0.243880823535223
0.240375927101193,0.217323383212834,0.243666219341243
0.240176205790431,0.217153263165364,0.243450878482918
0.239976576284351,0.216972993232266,0.243267440341919
0.239777038498595,0.216825072847995,0.243062513628061
0.239577592348918,0.216649892892114,0.242856094058863
0.239378237751194,0.216477546400609,0.242671408771533
0.23917897462141,0.216283347523362,0.242466792623138
0.23897980287567,0.216088737054297,0.242237996527271
0.238780722430193,0.21590336125859,0.242028684367494
0.238581733201314,0.215709099392048,0.241833518704635
0.238382835105483,0.215532790663044,0.241634182349354
0.238184028059262,0.215360594601725,0.241451100770154
0.23798531197933,0.215174229767956,0.241237822100829
0.237786686782481,0.214987021809859,0.24104758693479
0.237588152385621,0.214815309165889,0.240857738853203
0.237389708705772,0.214635061315827,0.240643375420354
0.237191355660068,0.214480030280781,0.240453285104397
0.236993093165756,0.214285577635564,0.240273126784869
0.236794921140199,0.214111086865853,0.24006239667797
0.23659683950087,0.213934833005741,0.23985519559984
0.236398848165358,0.2137696371507,0.239646406156747
0.236200947051361,0.213596964451016,0.239425216908065
0.236003136076693,0.213407816316369,0.23923319356211
0.235805415159278,0.213229583892804,0.239018859569255
0.235607784217152,0.21306723776904,0.238826511485938
0.235410243168465,0.212921322266974,0.238619881021686
0.235212791931477,0.21274964463322,0.238409939827287
0.235015430424559,0.212559816172721,0.238205651160872
0.234818158566194,0.212384130415692,0.238010712340142
0.234620976274975,0.212183238364145,0.237808280117386
0.234423883469609,0.212008991626642,0.237604045401618
0.234226880068909,0.211853130602408,0.237406015298861
0.234029965991803,0.211667379328246,0.237216475960756
0.233833141157326,0.21146294849678,0.237006516971241
0.233636405484623,0.211294055168198,0.236809400110276
0.233439758892951,0.211117344619904,0.236607439686765
0.233243201301676,0.21093351176858,0.236380028279007
0.233046732630272,0.210759003037432,0.23619171510955
0.232850352798324,0.210590674935206,0.235975032074889
0.232654061725524,0.210423258170876,0.235783285906538
0.232457859331676,0.210238010698257,0.235592327682233
0.232261745536689,0.210051318116262,0.235397373815094
0.232065720260583,0.20987201809526,0.235206221636549
0.231869783423485,0.209685149137955,0.235007545704938
0.23167393494563,0.209504001358007,0.234805451636291
0.231478174747363,0.209335234657486,0.234606449300606
0.231282502749134,0.209169252400923,0.234414174787892
0.231086918871501,0.208990383840775,0.234209879974188
0.23089142303513,0.20880317205482,0.23398666738976
0.230696015160795,0.208621511012393,0.233758661793533
0.230500695169374,0.208462013681277,0.233557569087905
0.230305462981855,0.208294248106846,0.233368868003032
0.23011031851933,0.208094967064437,0.233159419334507
0.229915261702999,0.207929328856889,0.232968015718518
0.229720292454167,0.207752043003634,0.232778811105156
0.229525410694244,0.207574625613371,0.232569273004787
0.22933061634475,0.207410792523283,0.232362351910723
0.229135909327305,0.207257456617724,0.232189389744992
0.228941289563639,0.20707736902845,0.23200098747755
0.228746756975584,0.206913249627046,0.231789190447346
0.228552311485078,0.206742665212833,0.231585254904332
0.228357953014165,0.206546731755587,0.231381155798046
0.228163681484992,0.206385817799982,0.231178817122667
0.227969496819811,0.206203582812133,0.230987506086852
0.227775398940978,0.206010262487774,0.230795210662687
0.227581387770955,0.205860225776795,0.230615764181705
0.227387463232304,0.205664909111421,0.230432787738804
0.227193625247695,0.205491184519296,0.230231342130763
0.226999873739897,0.20531890677247,0.2300380267907
0.226806208631787,0.205140861736865,0.22983387835378
0.226612629846342,0.204972456580133,0.229642415051656
0.226419137306642,0.204810798135759,0.229435682253866
0.226225730935872,0.204625538008144,0.229254827437429
0.226032410657317,0.20446819309983,0.229041481893113
0.225839176394366,0.20429866780264,0.228843025566393
0.22564602807051,0.204107158358366,0.228627787543688
0.225452965609341,0.203940172592734,0.228430400615315
0.225259988934554,0.203788757950534,0.228222293549212
0.225067097969946,0.203595976697381,0.22804169966027
0.224874292639414,0.203417010119246,0.227839542753763
0.224681572866958,0.20324884995543,0.227650603039751
0.224488938576677,0.203067839394052,0.227436502006155
0.224296389692773,0.202886953722431,0.227244276643093
0.224103926139548,0.202716496731872,0.227052050573236
0.223911547841405,0.202534673042008,0.226863326014633
0.223719254722846,0.202382064611777,0.226660353865633
0.223527046708474,0.202194147637271,0.226464576184224
0.223334923722994,0.202012398921759,0.226289158499537
0.223142885691208,0.201833793511518,0.22607888608358
0.222950932538019,0.201667157248554,0.22587889655249
0.222759064188429,0.201489007885969,0.225710449286019
0.222567280567541,0.201347888226459,0.225518840909013
0.222375581600554,0.20118560561186,0.225296563624243
0.22218396721277,0.201023641720027,0.225087637825117
0.221992437329587,0.200872189439261,0.22488609349251
0.221800991876503,0.200717505453648,0.224688365976175
0.221609630779113,0.20053489467686,0.224476074684396
0.221418353963111,0.200358856058179,0.224268442644908
0.221227161354291,0.20018585842457,0.224081938355106
0.221036052878541,0.200026776948516,0.223895030318855
0.220845028461852,0.199865942365776,0.223687231384532
0.220654088030307,0.199694060732888,0.223496862161298
0.220463231510091,0.199532783208411,0.223295462263446
0.220272458827484,0.199361131880018,0.223103790694521
0.220081769908863,0.199189553145746,0.222897963748971
0.219891164680704,0.199019392007152,0.222719315142056
0.219700643069577,0.198846861790481,0.222507141464571
0.21951020500215,0.198676638935936,0.222322109459218
0.219319850405188,0.19850103958393,0.222140122357526
0.219129579205551,0.198321925519354,0.221954933746845
0.218939391330195,0.19815018253879,0.221777826739629
0.218749286706174,0.197985367830394,0.22157370125986
0.218559265260635,0.197811446419662,0.221396250168275
0.218369326920824,0.19765191863648,0.221186226523751
0.218179471614078,0.197471344629131,0.221007272831156
0.217989699267832,0.197292409021678,0.220801078738939
0.217800009809617,0.197129686365231,0.220615950581686
0.217610403167056,0.196958585712735,0.220440420349057
0.21742087926787,0.196774648279477,0.2202397406997
0.217231438039871,0.196619249144803,0.220051814916316
0.217042079410969,0.196467643648068,0.219868055718511
0.216852803309166,0.1962779977867,0.219683050735276
0.216663609662559,0.196119811887712,0.219453542481531
0.216474498399338,0.195946707172783,0.219257971930695
0.216285469447787,0.195783022348634,0.219058674737852
0.216096522736285,0.195639899727166,0.218871774390136
0.215907658193304,0.195469030930531,0.218677008826079
0.215718875747407,0.195296080390983,0.218493914672188
0.215530175327253,0.195110374998962,0.218299022104407
0.215341556861592,0.194948706565445,0.21808644578466
0.215153020279269,0.194770547287221,0.217903764397133
0.214964565509218,0.194603299033367,0.21771883777567
0.21477619248047,0.194429244567675,0.217534426222915
0.214587901122144,0.194273613598303,0.217352145705631
0.214399691363455,0.194105621705877,0.217162949247201
0.214211563133707,0.193960669321297,0.216949873813213
0.214023516362296,0.193786934637728,0.216732245258578
0.213835550978713,0.193607038229209,0.216527555342097
0.213647666912537,0.193429507497126,0.216342440151085
0.213459864093439,0.193252331486557,0.216158590934905
0.213272142451182,0.193065628295995,0.215956231655493
0.21308450191562,0.192889781375689,0.215750427356806
0.212896942416698,0.192723872015252,0.215557305652472
0.212709463884451,0.192547276381443,0.215361496649652
0.212522066249004,0.192376818759958,0.215180832508841
0.212334749440574,0.192206671889347,0.215001294983772
0.212147513389469,0.192021417966397,0.214812994845588
0.211960358026083,0.191842504944504,0.214618323384093
0.211773283280905,0.19169418125759,0.214437293826343
0.21158628908451,0.191524647566878,0.214266462788839
0.211399375367564,0.191352981986902,0.214071172748917
0.211212542060824,0.191212872698714,0.213888082876938
0.211025789095134,0.191045520375765,0.213697683356026
0.210839116401427,0.190878998022988,0.213519155268195
0.210652523910728,0.190717878291349,0.213321022045828
0.210466011554147,0.190528171675103,0.213156833440223
0.210279579262887,0.190337747479888,0.212957828811934
0.210093226968235,0.190173466247997,0.212762777451899
0.20990695460157,0.190005875231629,0.212570282577934
0.209720762094357,0.189816067377962,0.212394617659791
0.20953464937815,0.189647926372831,0.21219543524373
0.209348616384592,0.189489148193375,0.211975648523569
0.209162663045412,0.189315252737782,0.21181281612566
0.208976789292428,0.189160099639835,0.211648476624347
0.208790995057544,0.189006316432908,0.211476062260324
0.208605280272752,0.188844225193902,0.211279050119731
0.208419644870133,0.188675332187716,0.211108419235006
0.208234088781853,0.188492710853017,0.210919993796675
0.208048611940165,0.188316436669611,0.210742248815744
0.20786321427741,0.188132122380677,0.21055457474971
0.207677895726014,0.187958475940692,0.21036708983631
0.20749265621849,0.187780841172725,0.21016152009108
0.207307495687439,0.187604316102863,0.209956616465406
0.207122414065546,0.187439645367028,0.20977144361784
0.206937411285583,0.187279964434685,0.209569300587041
0.206752487280407,0.187112234993992,0.209391739849108
0.206567641982963,0.186930988469061,0.209182508168661
0.206382875326278,0.186769077465257,0.208961609468475
0.206198187243468,0.186598207709549,0.208760556093789
0.206013577667732,0.186448202160216,0.208558665443062
0.205829046532355,0.186277151639844,0.208380581036669
0.205644593770707,0.186111345710492,0.208185862384986
0.205460219316243,0.185944000557673,0.208002932419314
0.205275923102503,0.185788206654046,0.207828097202774
0.205091705063109,0.185611743027553,0.207625220783438
0.204907565131772,0.185443236304354,0.207448900737705
0.204723503242283,0.185272131997177,0.207253864037402
0.204539519328519,0.185110468721002,0.207058831219322
0.204355613324442,0.184945552743383,0.206874834500832
0.204171785164096,0.184774459058716,0.206674781754209
0.20398803478161,0.184603850066616,0.206497080782561
0.203804362111196,0.184426562707698,0.206318676709892
0.203620767087149,0.184270842903208,0.206157346299842
0.203437249643848,0.184093718813223,0.205943249137227
0.203253809715755,0.183929319867915,0.20572833714517
0.203070447237414,0.183777931991377,0.205539094245487
0.202887162143455,0.183622598188348,0.205362905164971
0.202703954368587,0.183464988817605,0.205174652259736
0.202520823847604,0.183295708557579,0.204994657728824
0.202337770515381,0.183109941786723,0.20480301196501
0.202154794306876,0.182931554309262,0.204644448989683
0.201971895157129,0.182756343051518,0.204467976455579
0.201789073001262,0.18259901157013,0.204282842356805
0.201606327774479,0.182433466709025,0.204095485147577
0.201423659412067,0.182265137569921,0.203924297309585
0.201241067849393,0.182114910523945,0.203738334814438
0.201058553021904,0.181949278875097,0.203562795000104
0.200876114865133,0.181773623785166,0.203369576746399
0.20069375331469,0.181611163160142,0.203174521784756
0.200511468306267,0.181436998862922,0.202999631244425
0.200329259775639,0.181292981852755,0.202827972286138
0.200147127658659,0.181142645454588,0.202643240160044
0.199965071891263,0.180964715696663,0.202429786675962
0.199783092409466,0.180801934567224,0.202228193318839
0.199601189149364,0.180635027075946,0.202039334762683
0.199419362047132,0.180473987886643,0.201867285405219
0.199237611039029,0.180294185679029,0.201710263474415
0.199055936061388,0.180127447873501,0.201533560005171
0.198874337050628,0.179953363281403,0.201342008410531
0.198692813943243,0.179805943859544,0.201146688174906
0.198511366675809,0.179666426361148,0.200980197551515
0.198329995184982,0.179509165256926,0.200804078357948
0.198148699407495,0.179365424025699,0.200627017278612
0.197967479280161,0.179191417328046,0.200427370344099
0.197786334739874,0.179023921860523,0.200245144702835
0.197605265723605,0.178867811545524,0.2000703560004
0.197424272168404,0.178683754085705,0.199857569348764
0.1972433540114,0.178513084702889,0.199676234640454
0.1970625111898,0.178345412588471,0.199481717875384
0.196881743640891,0.178185030344242,0.199258345742609
0.196701051302036,0.178000231400003,0.199050625272916
0.196520434110678,0.177848569136659,0.198842876433295
0.196339892004338,0.177699247943962,0.198667364093494
0.196159424920612,0.177519349203847,0.198482755606997
0.195979032797178,0.177346922358413,0.198282693007581
0.19579871557179,0.177190289255357,0.198113448519818
0.195618473182277,0.177037346003305,0.197930958173205
0.195438305566549,0.176879407480202,0.197725094684886
0.195258212662591,0.176720543803358,0.197538437398877
0.195078194408466,0.176557369849387,0.197353552592524
0.194898250742314,0.176394899859658,0.19719109532209
0.194718381602352,0.176259061292614,0.197017210244827
0.194538586926873,0.176076167754264,0.196841671571481
0.194358866654248,0.175922282243779,0.196640051503293
0.194179220722921,0.175751650512813,0.196463027476481
0.193999649071418,0.175587515881119,0.196282098032971
0.193820151638336,0.175413996079174,0.196106169284718
0.19364072836235,0.175253277783685,0.195932619353321
0.193461379182213,0.175096254726764,0.195751042820871
0.193282104036751,0.174928135299769,0.195595648819863
0.193102902864866,0.174747648850319,0.195413546049963
0.192923775605538,0.174582305124381,0.195238753907807
0.192744722197819,0.174429887022215,0.19505791741065
0.19256574258084,0.174278337311793,0.194853011731081
0.192386836693804,0.174134080213466,0.194674909500603
0.19220800447599,0.173959511066865,0.194499460029332
0.192029245866755,0.173782004620903,0.194296994176167
0.191850560805526,0.173629059917753,0.19412180673999
0.191671949231807,0.173491827165563,0.193933861322693
0.191493411085179,0.173335137071193,0.193751721604604
0.191314946305293,0.173181227472463,0.19358368719953
0.191136554831877,0.173028892039806,0.193416950810119
0.190958236604733,0.172888619098265,0.193220488827806
0.190779991563737,0.172717086511393,0.193051086072525
0.190601819648838,0.172551292544352,0.192881406628085
0.190423720800062,0.172406356508953,0.192694866390986
0.190245694957504,0.17225461520284,0.1925008115471
0.190067742061336,0.172097641762816,0.192327611683078
0.189889862051803,0.171926552852095,0.192151964038248
0.189712054869223,0.171755389482402,0.191975207832639
0.189534320453987,0.171570096261073,0.191792166195374
0.18935665874656,0.171404667459247,0.19159900593495
0.189179069687479,0.171258509433035,0.191419869703517
0.189001553217355,0.17111069340599,0.191266924080661
0.188824109276871,0.170966698277655,0.191081430834505
0.188646737806783,0.170798450438939,0.190908116091222
0.188469438747919,0.170644766540524,0.190755029706905
0.18829221204118,0.170487639659737,0.190578484104693
0.188115057627539,0.170313906317369,0.190415143641825
0.187937975448043,0.170158226962069,0.190228302962191
0.187760965443808,0.170012469454293,0.190044557164745
0.187584027556024,0.169850946433076,0.189866255460787
0.187407161725952,0.169692401095761,0.18969472110749
0.187230367894926,0.169525509750105,0.189515137991841
0.18705364600435,0.169355425414634,0.189336400262695
0.1868769959957,0.169202427239406,0.189180058487427
0.186700417810524,0.169041390138057,0.189004572077518
0.18652391139044,0.168900147597249,0.188828637911379
0.18634747667714,0.16873416892583,0.188666724545548
0.186171113612383,0.168576662639889,0.18849581479293
0.185994822138002,0.168426969131173,0.18833001237752
0.185818602195899,0.168267238400491,0.188166113285314
0.185642453728048,0.168106312907324,0.187992956220716
0.185466376676494,0.167938401815014,0.187810924225483
0.18529037098335,0.167767198540231,0.187622693838153
0.185114436590801,0.167590895381721,0.187443543126714
0.184938573441103,0.167428411882502,0.187251171813186
0.18476278147658,0.167256324428659,0.187062711409848
0.184587060639628,0.167103600101323,0.186888487038025
0.184411410872713,0.166950938052714,0.186713149998257
0.184235832118368,0.166787821016301,0.186529754186315
0.184060324319199,0.166640190642224,0.18636500135095
0.183884887417879,0.166486106801961,0.186188324180387
0.183709521357153,0.166330301942738,0.186030620470667
0.183534226079832,0.166166623946197,0.185849319627399
0.1833590015288,0.166010853065775,0.18565977067522
0.183183847647007,0.165863476869281,0.185465557745267
0.183008764377474,0.165707795310898,0.185270411469764
0.182833751663289,0.165540353866314,0.185080015628969
0.182658809447612,0.165375231888947,0.184910113849934
0.182483937673667,0.165196529327756,0.184747541077004
0.182309136284751,0.1650242019489,0.184572753950212
0.182134405224226,0.164884000866578,0.184390673521351
0.181959744435525,0.164738496464373,0.184193132670608
0.181785153862148,0.164581044144112,0.184007648662952
0.181610633447663,0.164428791830153,0.183820086899918
0.181436183135706,0.164275644579714,0.183617797444452
0.181261802869981,0.164099167771205,0.183421684639663
0.18108749259426,0.163971128747602,0.183258703776703
0.180913252252384,0.163815512555954,0.183092090957082
0.180739081788258,0.16367700382172,0.182918934123426
0.180564981145857,0.163542871496305,0.182769400335628
0.180390950269224,0.163393965275916,0.182576148408345
0.180216989102468,0.16324982595184,0.182390137880566
0.180043097589765,0.163076932994538,0.182207383270839
0.179869275675358,0.162933251526276,0.182052327922107
0.179695523303557,0.162776847498399,0.181870037931811
0.17952184041874,0.162635036363293,0.181694182448859
0.179348226965351,0.162476479493409,0.181503787635454
0.1791746828879,0.162318649182727,0.181318564956415
0.179001208130963,0.162164198832713,0.181155933646298
0.178827802639185,0.162007570431729,0.180994498858972
0.178654466357274,0.161834371388153,0.180830595353567
0.178481199230006,0.161668473666177,0.180658724202491
0.178308001202224,0.161505488981187,0.180483786130059
0.178134872218835,0.161350112993066,0.180335507818086
0.177961812224812,0.161198683531127,0.18016115472757
0.177788821165195,0.161024920919765,0.17999459770361
0.177615898985089,0.160858336495694,0.179826243016141
0.177443045629665,0.160689548292291,0.179657172390383
0.177270261044159,0.160532489190827,0.179476732641689
0.177097545173871,0.160391360564859,0.179288346358053
0.17692489796417,0.160258594319681,0.179138030166871
0.176752319360485,0.160105212521349,0.178955510820816
0.176579809308315,0.159948487603406,0.178774316750114
0.176407367753221,0.159797639552078,0.178613796624914
0.176234994640829,0.159656772193325,0.17844250356806
0.17606268991683,0.159490666343628,0.178269314172547
0.175890453526981,0.159330481319163,0.178099837156488
0.175718285417102,0.15918172273965,0.177928920484649
0.175546185533077,0.159032471553212,0.17773236388246
0.175374153820856,0.158860130851083,0.177579664015146
0.175202190226451,0.158713946530041,0.17740363932539
0.175030294695941,0.158558256410718,0.177218185175668
0.174858467175466,0.158399509071608,0.17703600610432
0.174686707611232,0.158256682016334,0.176871454942753
0.174515015949509,0.158117993349538,0.176715972983919
0.174343392136628,0.157946277382234,0.17651995585687
0.174171836118986,0.157796945249397,0.176367613001508
0.174000347843043,0.157648604181796,0.176169504335208
0.173828927255322,0.157500200587037,0.176005152529376
0.17365757430241,0.157354922011022,0.175828426863579
0.173486288930957,0.157213593098726,0.175654287203394
0.173315071087676,0.157049738297908,0.175502346006192
0.173143920719341,0.156869702411922,0.175325276066983
0.172972837772793,0.156703715589792,0.175144392434925
0.172801822194933,0.156543226489901,0.174962137528427
0.172630873932725,0.156392728124106,0.174801222483091
0.172459992933196,0.156242974827368,0.174658326686302
0.172289179143435,0.156065202981627,0.174449518555023
0.172118432510594,0.155909851934475,0.174279242179262
0.171947752981887,0.15575778641624,0.174115258593046
0.171777140504591,0.155599525624674,0.173955672568713
0.171606595026043,0.155440305851944,0.173776952002647
0.171436116493646,0.155278999732124,0.173608312297412
0.171265704854859,0.155131975890559,0.173445540858557
0.171095360057209,0.154986709138181,0.173276479656168
0.170925082048281,0.154839443919978,0.173087801249947
0.170754870775722,0.154683618819554,0.172944584256186
0.170584726187241,0.154540708858017,0.172766894221499
0.17041464823061,0.154403544687288,0.172585522490973
0.170244636853659,0.154261908624061,0.172424196793816
0.170074692004282,0.154111553360835,0.172241991366966
0.169904813630433,0.153957649856171,0.172075387035195
0.169735001680127,0.153804110722886,0.171912160930719
0.169565256101441,0.153654636972459,0.17175010499813
0.169395576842512,0.153494999437604,0.171569309445368
0.169225963851537,0.153343157385417,0.17137978247756
0.169056417076775,0.153196763169983,0.171224762700892
0.168886936466546,0.153038796848772,0.171057977481728
0.168717521969228,0.152882041016957,0.170892751429861
0.168548173533262,0.152716364321703,0.170741014325125
0.168378891107148,0.152568013592508,0.170564407393226
0.168209674639446,0.152405174241756,0.170401417193083
0.168040524078777,0.152265687936169,0.170242814859222
0.167871439373822,0.152114358801593,0.170073016781653
0.167702420473321,0.151945509374472,0.169905967639825
0.167533467326074,0.151779335526975,0.16974299431579
0.167364579880942,0.151628077229935,0.169574507976018
0.167195758086844,0.151488114232717,0.169387566622316
0.167027001892759,0.151340600380539,0.169200042815403
0.166858311247726,0.151185510569035,0.16902425258424
0.166689686100844,0.151025646352762,0.16883747718602
0.166521126401268,0.150877156350421,0.168675973825264
0.166352632098217,0.150716462011811,0.16850307514431
0.166184203140965,0.150567024207061,0.168333611507413
0.166015839478847,0.150395895111448,0.168162379063037
0.165847541061256,0.150254564042679,0.168004990036201
0.165679307837646,0.150088534055402,0.167839473040922
0.165511139757526,0.149938063020498,0.167672974306409
0.165343036770466,0.149785401343708,0.167508947231031
0.165174998826096,0.14962644739747,0.167343625190375
0.1650070258741,0.149468574183706,0.16717386490906
0.164839117864224,0.149326264288407,0.167003304099387
0.164671274746272,0.149174760803053,0.166820885179138
0.164503496470105,0.14901493977111,0.166671980001183
0.164335782985642,0.148857684797522,0.166508369733138
0.164168134242861,0.148709115296518,0.166328518763417
0.164000550191797,0.14856426616355,0.166160799017731
0.163833030782544,0.148406473824771,0.165989209373551
0.163665575965252,0.148262662286404,0.165795548643372
0.16349818569013,0.148103128120659,0.16564496774519
0.163330859907444,0.147944813113705,0.165480769102905
0.163163598567518,0.147805330830524,0.165317862604868
0.162996401620733,0.14765105300605,0.165155437267681
0.162829269017526,0.147486554038266,0.164996000668375
0.162662200708394,0.147339004311364,0.164833112186554
0.16249519664389,0.147187610724755,0.164675792169767
0.162328256774621,0.147060129126302,0.164494294727145
0.162161381051256,0.146905769513588,0.16429973805653
0.161994569424518,0.146754432675651,0.16413701249299
0.161827821845186,0.14660648334821,0.163949284421781
0.161661138264098,0.146443788524563,0.163796839900094
0.161494518632147,0.146287396978773,0.163620914281929
0.161327962900282,0.146134098019866,0.163458194280099
0.16116147101951,0.145961390357999,0.163279396437921
0.160995042940895,0.145823127116868,0.163113934361087
0.160828678615553,0.145671433988936,0.162947541249624
0.160662377994662,0.145536384378724,0.162806449479716
0.160496141029451,0.145406418980037,0.162603462576919
0.160329967671208,0.145256477888841,0.162441641640439
0.160163857871276,0.145109684321206,0.16227561346602
0.159997811581053,0.14495799406678,0.162101131257977
0.159831828751994,0.144815290240996,0.16194373427093
0.159665909335609,0.144666073224181,0.161781375264033
0.159500053283464,0.144500978095368,0.161610978184107
0.15933426054718,0.144354926712755,0.16146597328821
0.159168531078434,0.144201878658309,0.161309242012038
0.159002864828957,0.144072407609815,0.161155183045457
0.158837261750536,0.143918108307286,0.160989761657099
0.158671721795014,0.143783550037794,0.160813282710844
0.158506244914288,0.14364495809825,0.160632595944882
0.158340831060311,0.143495240939339,0.160475542353142
0.158175480185088,0.14337058039322,0.160293060274708
0.158010192240682,0.14321819357442,0.160136767415467
0.157844967179211,0.143079902343232,0.159967698204177
0.157679804952844,0.142940375839348,0.159802122901799
0.157514705513807,0.142788630599739,0.15963765336536
0.157349668814382,0.14264130415911,0.159455320597029
0.157184694806902,0.142500558672315,0.159280316831215
0.157019783443757,0.14235114961794,0.159102913434989
0.156854934677389,0.142222928189266,0.158931799624668
0.156690148460296,0.142085163456484,0.158768091319589
0.15652542474503,0.141946292829659,0.158596729113396
0.156360763484194,0.141792419190591,0.158415424432841
0.15619616463045,0.141656541980696,0.158244865035218
0.156031628136509,0.141503577098148,0.158073959391136
0.155867153955139,0.141353415586218,0.157901136071673
0.155702742039159,0.141198506285878,0.15776284679796
0.155538392341444,0.141061623082455,0.157605591618917
0.155374104814921,0.14089314564935,0.157438508505438
0.155209879412571,0.140757087785974,0.157275029639524
0.155045716087428,0.14060227021525,0.157108333426433
0.154881614792579,0.140459192545012,0.156950732467621
0.154717575481165,0.140293622770587,0.15679082475773
0.15455359810638,0.140165736067304,0.156615949323302
0.15438968262147,0.140020908933712,0.156432244429561
0.154225828979734,0.139875031359348,0.156267070849694
0.154062037134525,0.139720059445856,0.156108249875563
0.153898307039248,0.139567290640132,0.155957772785473
0.153734638647361,0.139421443746306,0.155801093419226
0.153571031912374,0.139289292885474,0.155633547129015
0.15340748678785,0.139150237367749,0.155458091316286
0.153244003227405,0.138999515040986,0.155282602518129
0.153080581184706,0.138853753180529,0.155102688630233
0.152917220613473,0.138698301812566,0.154958853355373
0.152753921467479,0.138553130552905,0.154806143699426
0.152590683700547,0.138420154242564,0.154636902147761
0.152427507266554,0.138267184035214,0.154483686100655
0.152264392119429,0.138114727673787,0.154319591741763
0.152101338213152,0.137964246455095,0.154128738138466
0.151938345501754,0.137828947013853,0.153971574046874
0.15177541393932,0.137678067556091,0.153799622553391
0.151612543479985,0.137543419356617,0.15363349162281
0.151449734077936,0.13739324188082,0.153466034324684
0.151286985687411,0.137249559746532,0.153310497827458
0.151124298262701,0.13710479115247,0.153151512475892
0.150961671758147,0.136958566685223,0.152980614551907
0.150799106128142,0.13678922377668,0.152824362531494
0.150636601327128,0.136656964842212,0.152647389530991
0.150474157309602,0.136488531263915,0.152491543851158
0.150311774030109,0.136345275173189,0.152317005796725
0.150149451443245,0.136203921873191,0.152155560650823
0.14998718950366,0.136039561869523,0.151983713956164
0.149824988166051,0.135878603552331,0.151803558796315
0.149662847385168,0.135725875925355,0.151656470131273
0.14950076711581,0.135593062994905,0.151485480095921
0.149338747312829,0.135454911942238,0.15132185404998
0.149176787931125,0.135297821716978,0.151156373765129
0.149014888925651,0.13514461669489,0.150996805552881
0.148853050251408,0.134994877570687,0.150815078025713
0.148691271863447,0.134840884644455,0.15063877025026
0.148529553716873,0.134717386108339,0.150476517764449
0.148367895766836,0.134561304431656,0.150321326009726
0.148206297968541,0.134424168396208,0.150159001230549
0.148044760277238,0.134299735078255,0.149991734473551
0.147883282648232,0.134141531952878,0.149822734795116
0.147721865036874,0.133994326730032,0.149677901995717
0.147560507398566,0.133842062525339,0.149508517074769
0.147399209688761,0.13369787222724,0.149339991178376
0.147237971862959,0.13353295060411,0.149174301774913
0.147076793876712,0.13338886102728,0.149010838508264
0.14691567568562,0.133250799142884,0.148837595353484
0.146754617245333,0.133110659332643,0.148656445153283
0.146593618511549,0.132965403104659,0.148488633393662
0.146432679440019,0.132821744054079,0.14833765071124
0.146271799986538,0.132686771006116,0.148193960866058
0.146110980106954,0.132525886218822,0.148024725004818
0.145950219757163,0.132381669487395,0.147859649528963
0.145789518893109,0.132247351419481,0.147687702652419
0.145628877470785,0.132104188116858,0.147526884453283
0.145468295446235,0.131943561219693,0.147371140000406
0.145307772775549,0.131809544751099,0.147205168969665
0.145147309414867,0.131657454343718,0.147041133892689
0.144986905320378,0.13149244784948,0.146869050206031
0.144826560448318,0.131340379288017,0.146714079922185
0.144666274754973,0.131194989727509,0.146537180628429
0.144506048196676,0.131038515250128,0.146354407174925
0.14434588072981,0.130911910125178,0.146179960726413
0.144185772310805,0.130778740029783,0.146004951513746
0.144025722896139,0.130630409009958,0.145850452496532
0.14386573244234,0.130506047826568,0.145689324233243
0.143705800905981,0.130354171817028,0.145514441713741
0.143545928243686,0.130203554648759,0.145363180648271
0.143386114412124,0.130065957897246,0.145174033352768
0.143226359368014,0.129916934886847,0.145012574566563
0.143066663068122,0.129781279580822,0.144835257044942
0.142907025469262,0.129626995726898,0.14468287298162
0.142747446528294,0.129478833037964,0.144546339544067
0.142587926202129,0.129329220637609,0.144364563448872
0.142428464447722,0.129173317923009,0.144199961130317
0.142269061222077,0.129032737039385,0.144027493204176
0.142109716482244,0.128892158399751,0.143844351923134
0.141950430185323,0.128764033819311,0.143697143012009
0.141791202288458,0.128609446674753,0.143536869540774
0.141632032748843,0.128468638014939,0.143376526654165
0.141472921523716,0.128320332567573,0.143188454774035
0.141313868570365,0.128178642193267,0.143016855160478
0.141154873846123,0.128030060276976,0.1428526515227
0.14099593730837,0.127885689774914,0.142680239117659
0.140837058914534,0.127746690477765,0.142534754886506
0.140678238622089,0.127612703918788,0.142351418231575
0.140519476388554,0.127463326821268,0.14218532964509
0.140360772171497,0.127320062976557,0.142019445680418
0.140202125928532,0.127177163707258,0.141857617081817
0.140043537617319,0.127020599959082,0.141699992260675
0.139885007195563,0.126880615940098,0.141544752482525
0.139726534621018,0.126727159567814,0.141406475973112
0.139568119851482,0.126565157059987,0.141249813954195
0.139409762844801,0.126406630164612,0.141090004410486
0.139251463558866,0.126260129513904,0.140941506950815
0.139093221951614,0.126131109169194,0.140773186137672
0.138935037981028,0.12598962433272,0.14061082291935
0.138776911605136,0.125864924378866,0.140472045564237
0.138618842782015,0.125733346984541,0.140320930454071
0.138460831469785,0.125585993776206,0.140142318550153
0.138302877626611,0.125441725711093,0.139982439546485
0.138144981210706,0.125294689754479,0.139815237517985
0.137987142180328,0.125145943281284,0.139651638337568
0.137829360493779,0.125015535853995,0.13946327117296
0.137671636109408,0.124859690556131,0.139301031957861
0.137513968985608,0.124724929831907,0.139141323476265
0.13735635908082,0.124603801290133,0.138992018700641
0.137198806353526,0.124463334271892,0.138846681509805
0.137041310762257,0.12432192210431,0.138705175201709
0.136883872265588,0.124157096763133,0.138546014817411
0.136726490822137,0.124022055539327,0.138374551619472
0.13656916639057,0.123879191126661,0.138215744978786
0.136411898929596,0.123742872982458,0.138060207327256
0.136254688397969,0.123615942562169,0.137891336096836
0.136097534754488,0.123464929965352,0.137766293195944
0.135940437957998,0.123318070121183,0.137612046897615
0.135783397967387,0.123185920642713,0.137449702317702
0.135626414741588,0.123060827958482,0.137287624619653
0.135469488239578,0.122907980021456,0.137122409869442
0.135312618420379,0.122773028187467,0.136973615928239
0.135155805243059,0.12264071725502,0.13681559612788
0.134999048666727,0.122483519905788,0.136650084209114
0.134842348650539,0.122351298796832,0.136503032172589
0.134685705153694,0.122236632256408,0.13634771859779
0.134529118135436,0.122106213925468,0.136176470589101
0.134372587555051,0.121958456061399,0.136013860496459
0.134216113371871,0.121823850386669,0.135838428852363
0.134059695545271,0.121668638756659,0.1356697466038
0.133903334034672,0.12153217122556,0.135517362784851
0.133747028799535,0.121406422453533,0.135340926578026
0.133590779799367,0.121250313225486,0.135176553725568
0.13343458699372,0.121116173241461,0.135021207873057
0.133278450342187,0.120982782009072,0.134874824881472
0.133122369804405,0.120846819658554,0.134719442618129
0.132966345340057,0.120715530106434,0.134550804501644
0.132810376908867,0.120556750828434,0.134388268007417
0.132654464470602,0.120402791384281,0.134229218036005
0.132498607985074,0.1202446251236,0.13406449655395
0.132342807412138,0.120079234149805,0.133906990657277
0.132187062711691,0.119929098307006,0.133757561028181
0.132031373843675,0.119804114609114,0.133606004594079
0.131875740768072,0.119656176236048,0.133425206134097
0.131720163444911,0.119524563060613,0.133270146280632
0.131564641834261,0.119394085248672,0.133110867956326
0.131409175896235,0.119244901661001,0.132952980971609
0.131253765590988,0.119115202912522,0.132788244953585
0.131098410878719,0.118965742733327,0.132650183899684
0.13094311171967,0.118831340247809,0.132477091941486
0.130787868074122,0.118699237032115,0.132313287339726
0.130632679902404,0.11854538970703,0.132156491811055
0.130477547164883,0.118421140129945,0.132009817567723
0.130322469821971,0.118281703285658,0.131850181821042
0.130167447834122,0.118136741962523,0.131679531063748
0.130012481161831,0.118011059585822,0.131514975220962
0.129857569765638,0.117881169208406,0.131349615157138
0.129702713606121,0.11775130512021,0.131193879636415
0.129547912643904,0.11760724720041,0.131025901176715
0.129393166839652,0.117488118150668,0.130874656490246
0.129238476154071,0.117350909203658,0.130704705273208
0.129083840547911,0.117215885430579,0.13055011218343
0.12892925998196,0.117064418857214,0.130386360515033
0.128774734417053,0.116914841437263,0.130238782723471
0.128620263814064,0.116781438295096,0.130091237096952
0.128465848133908,0.116651566530578,0.129934475681636
0.128311487337543,0.116520981090345,0.129787008590497
0.128157181385968,0.116381214240869,0.129628705516902
0.128002930240224,0.11623038680556,0.12946915241802
0.127848733861394,0.116079278754715,0.129312735620411
0.127694592210602,0.115942297708436,0.129160907207313
0.127540505249012,0.115776961950983,0.12900332610775
0.127386472937831,0.115633134353969,0.128834708135289
0.127232495238306,0.115498759863964,0.128700261720938
0.127078572111728,0.115355561322741,0.128520301027926
0.126924703519425,0.115233182344544,0.12836715436495
0.126770889422769,0.115106463588199,0.128196583515011
0.126617129783172,0.114974592473349,0.128037321926218
0.126463424562088,0.114843344423886,0.127869079969589
0.12630977372101,0.114710999742382,0.127702885990703
0.126156177221474,0.114583439992441,0.127547250387081
0.126002635025055,0.114444562891618,0.127394108359799
0.12584914709337,0.114302782102265,0.127227446642817
0.125695713388075,0.114161522309453,0.127065984752438
0.125542333870869,0.114042160269566,0.126936374125448
0.12538900850349,0.113891897320538,0.126775426088907
0.125235737247717,0.113749325926841,0.126620583241079
0.125082520065369,0.113612646910762,0.126455868248868
0.124929356918307,0.113470081395033,0.126282807565843
0.124776247768429,0.113321836740668,0.126119379588866
0.124623192577676,0.113188014765511,0.125959054114095
0.12447019130803,0.113051962936213,0.12581002526472
0.12431724392151,0.112914788303196,0.125638591101067
0.124164350380177,0.112784668941685,0.125503758621992
0.124011510646133,0.112656337369389,0.12535379499836
0.123858724681518,0.112524509878587,0.125197686326553
0.123705992448514,0.11238204744593,0.125039995101472
0.12355331390934,0.112230862780941,0.124892236062155
0.123400689026257,0.112096620206287,0.124739758289813
0.123248117761567,0.111968134804175,0.12458667719636
0.123095600077608,0.111832864465581,0.124412904049467
0.122943135936761,0.111696076841319,0.124262421151506
0.122790725301445,0.111546250496146,0.124116567246732
0.122638368134118,0.11140015819869,0.123971303019824
0.12248606439728,0.111267323418831,0.123823857765241
0.122333814053467,0.111130025889981,0.123668459786227
0.122181617065258,0.11099636321684,0.123521831278612
0.122029473395268,0.110859110731737,0.123359408037526
0.121877383006154,0.110738021317458,0.123197907334159
0.12172534586061,0.110609943120408,0.123024019396974
0.121573361921371,0.110467247018193,0.122885096777622
0.12142143115121,0.110331492874786,0.122744559867856
0.121269553512939,0.110181437515463,0.122584597993891
0.12111772896941,0.110054109038357,0.122410750083437
0.120965957483513,0.10992333844742,0.122254237084462
0.120814239018177,0.10978028307565,0.12211130126443
0.12066257353637,0.109647512804734,0.12198444855636
0.1205109610011,0.109496930773689,0.121834696702013
0.120359401375411,0.109353347440728,0.121703214907891
0.120207894622387,0.109226333924858,0.121554502209513
0.120056440705153,0.109089830152833,0.121394502457996
0.119905039586869,0.108962618682237,0.12122788178281
0.119753691230734,0.108820352119478,0.121065732539258
0.119602395599988,0.108676045545452,0.12091468431994
0.119451152657907,0.108535332947295,0.120771007226889
0.119299962367807,0.108413491411823,0.12062441502092
0.11914882469304,0.108276750582558,0.120461856650827
0.118997739596999,0.108162208037973,0.120304924257444
0.118846707043113,0.108036392868513,0.120143076345551
0.11869572699485,0.107867678715815,0.119995274630322
0.118544799415717,0.107729768564392,0.119851893373179
0.118393924269258,0.107589419532307,0.119702218817961
0.118243101519054,0.107456319970353,0.119527825028983
0.118092331128727,0.107323912206793,0.11936849674726
0.117941613061933,0.107180765477232,0.119211495024093
0.117790947282368,0.107036000953871,0.119049675372614
0.117640333753767,0.106885488662011,0.118899245984564
0.1174897724399,0.106749845226023,0.118747826751165
0.117339263304576,0.106615082086803,0.118611995685972
0.117188806311642,0.106488519847995,0.118466716307882
0.117038401424981,0.106348037523896,0.1183109976781
0.116888048608516,0.106202562025562,0.118160591771976
0.116737747826206,0.10604234563875,0.118012610654043
0.116587499042047,0.105919750185562,0.11783316369674
0.116437302220072,0.105780350848435,0.117681413293575
0.116287157324353,0.105639185454886,0.117532657108151
0.116137064318998,0.105501942500533,0.117384689350102
0.115987023168154,0.105363368837076,0.117218952599141
0.115837033836002,0.105234496886935,0.117066358392319
0.115687096286762,0.105094184202866,0.116915114924564
0.115537210484691,0.104958033315698,0.116761907572823
0.115387376394084,0.104819725541273,0.116612316823173
0.11523759397927,0.104677496001669,0.116439401646894
0.115087863204618,0.104550934243815,0.116292646121791
0.114938184034532,0.104404976114271,0.116146951739056
0.114788556433454,0.104265441653696,0.115999916370464
0.114638980365861,0.104127040859818,0.11584355606583
0.114489455796268,0.104004313663705,0.115701069018607
0.114339982689227,0.103876745731072,0.115547671637254
0.114190561009326,0.103726433808333,0.115432460433984
0.114041190721189,0.103593598984126,0.115290194812805
0.113891871789477,0.10347510052373,0.115126597354083
0.113742604178887,0.103337346300533,0.114971210828381
0.113593387854155,0.10319929663822,0.114828218108718
0.113444222780049,0.103082306405118,0.114663296730172
0.113295108921376,0.10293048840422,0.114493084119738
0.113146046242978,0.102792835319663,0.114365902937026
0.112997034709736,0.10266999501531,0.114221845196709
0.112848074286563,0.102513373550327,0.114048686971294
0.112699164938412,0.102384059616881,0.113912688207748
0.112550306630268,0.102263964035262,0.113761252755292
0.112401499327155,0.102127537751615,0.113622932875151
0.112252742994133,0.102018313357549,0.113468209913828
0.112104037596296,0.101884781055499,0.113324969481606
0.111955383098775,0.101758455643653,0.113182905595244
0.111806779466737,0.101631582968277,0.113035031222517
0.111658226665384,0.101503222396535,0.112887298342971
0.111509724659954,0.101365298266405,0.1127456959315
0.111361273415721,0.101231708984279,0.112586461388491
0.111212872897994,0.101112479097356,0.112428704038939
0.111064523072118,0.100974399210177,0.112278213041845
0.110916223903474,0.100826426918989,0.112121952599956
0.110767975357476,0.100695718798472,0.111979505116559
0.110619777399578,0.100557662487383,0.111821770546391
0.110471629995264,0.100407978999704,0.111685261702922
0.110323533110057,0.100276229947958,0.111549018106287
0.110175486709514,0.100121039632826,0.111414509860028
0.110027490759227,0.0999856359406863,0.111265154347574
0.109879545224824,0.099852360753872,0.111122709909048
0.109731650071968,0.0997046578501005,0.110949325239475
0.109583805266356,0.0995755735282419,0.110793329759703
0.109436010773721,0.099456041738669,0.110645131871735
0.10928826655983,0.0993353952924214,0.110479133443843
0.109140572590487,0.0991959120818719,0.110326911090572
0.108992928831529,0.09905500050659,0.110191299624381
0.108845335248827,0.0989206109344268,0.110055417043175
0.10869779180829,0.0987861123871316,0.109906686464014
0.108550298475858,0.09865797666142,0.109759470405685
0.108402855217509,0.0985188228792187,0.109626077134282
0.108255461999254,0.0983662108808299,0.109467411757923
0.108108118787139,0.0982288510562127,0.109318333048677
0.107960825547243,0.0980807677980028,0.10917461562571
0.107813582245681,0.0979512163068358,0.109004101788084
0.107666388848604,0.0978316123779253,0.108850250624918
0.107519245322194,0.0976977521366004,0.108714937931573
0.10737215163267,0.0975688440237427,0.108555702086139
0.107225107746283,0.0974440898414826,0.108400372384614
0.107078113629321,0.0972964015728481,0.108238544959428
0.106931169248105,0.0971470498881676,0.108073704962742
0.106784274568988,0.0970162228068349,0.107941766113263
0.106637429558362,0.0968783744074685,0.107791639048064
0.106490634182648,0.0967342769636349,0.107639626512984
0.106343888408304,0.0966083740417771,0.107492489758154
0.106197192201821,0.0964708887141848,0.10734520574671
0.106050545529725,0.0963493291992029,0.107214494934401
0.105903948358574,0.0962239561401264,0.107053568459101
0.105757400654962,0.0961108829443548,0.106892819503553
0.105610902385515,0.0959825977311494,0.106742757296112
0.105464453516894,0.0958387641000956,0.106624401197026
0.105318054015792,0.095712622049738,0.106485518152589
0.105171703848939,0.0955863386975256,0.106329033374539
0.105025402983095,0.0954538545992389,0.106187609756429
0.104879151385055,0.0953208030015552,0.106029184218374
0.104732949021649,0.0951952473579412,0.10588092031826
0.104586795859738,0.0950576383802561,0.105733564258907
0.104440691866217,0.0949302808743828,0.10558896410107
0.104294637008017,0.094795250064558,0.105431975437916
0.104148631252098,0.0946716197333146,0.105273343119791
0.104002674565458,0.0945505676303309,0.105121175875957
0.103856766915124,0.0944215000819212,0.104973822188204
0.103710908268158,0.0942907770585142,0.104834915785121
0.103565098591657,0.0941708864994151,0.104694404768688
0.103419337852749,0.0940369155795636,0.104558741071596
0.103273626018594,0.0939140930741333,0.104401722212564
0.103127963056388,0.0937872386883969,0.104254485483419
0.102982348933358,0.0936586998012052,0.104112523393872
0.102836783616765,0.0935182060199347,0.103975360794934
0.102691267073902,0.0933952999774387,0.103831794822844
0.102545799272095,0.0932600573767605,0.103689479378181
0.102400380178704,0.0931206649200526,0.103542891348118
0.10225500976112,0.0929893492394505,0.103389062612756
0.102109687986768,0.092858823348443,0.103234183632276
0.101964414823105,0.0927268025615892,0.103084221269748
0.101819190237622,0.0925887138488454,0.102944257217871
0.10167401419784,0.0924555013410499,0.102801877635798
0.101528886671315,0.092324459794053,0.102664940482617
0.101383807625634,0.0921913345516081,0.102512836179058
0.101238777028419,0.0920535677866216,0.102375946412991
0.10109379484732,0.0919326562332289,0.102234316255431
0.100948861050023,0.091808075597959,0.102080754836735
0.100803975604246,0.0916974380978715,0.101920526423828
0.100659138477737,0.0915575108347968,0.101781906075401
0.10051434963828,0.091413064991698,0.101633993962419
0.100369609053686,0.0912770167966969,0.101498545925527
0.100224916691804,0.0911545775622043,0.101365499572494
0.100080272520511,0.0910423402087867,0.101214757706013
0.0999356765077178,0.0909079827624601,0.101075071478924
0.0997911286213664,0.0907910587460254,0.100932976441293
0.0996466288294315,0.0906654228972888,0.100798785647935
0.0995021770999195,0.0905442143292133,0.100654745361753
0.0993577734008687,0.0904149167762717,0.100514947595145
0.0992134177003493,0.0902774098822988,0.100371588584041
0.0990691099664633,0.0901505488498887,0.100217377160147
0.0989248501673446,0.0900314151662785,0.100069301512043
0.0987806382711586,0.0899055342404659,0.099924703940526
0.0986364742461027,0.0897598275555122,0.0997907404837568
0.0984923580604056,0.0896504816435298,0.0996443455252994
0.098348289682328,0.0895055227883096,0.099489957087505
0.0982042690801619,0.0893786876591202,0.0993682370850443
0.098060296222231,0.0892668394700325,0.0992368179982597
0.0979163710768905,0.0891520038436382,0.0991060896363282
0.0977724936125268,0.0890161582094879,0.0989530177517277
0.0976286637975581,0.0888832729272181,0.0988213862196618
0.0974848816004336,0.0887500838948228,0.098682128809051
0.097341146989634,0.0886213179752049,0.0985314762141172
0.0971974599336713,0.0884741194758227,0.0983862416553612
0.0970538204010887,0.0883470828999473,0.0982525340065908
0.0969102283604607,0.0882086400644089,0.0981089524461171
0.0967666837803927,0.0880741075491266,0.0979799866916645
0.0966231866295216,0.0879484473973149,0.0978272714437658
0.0964797368765151,0.0878274898019782,0.097688210394633
0.0963363344900719,0.087713841266658,0.0975419235257338
0.0961929794389219,0.0875589059311505,0.0973903144057329
0.0960496716918258,0.0874322941276648,0.0972603034185005
0.0959064112175754,0.0872966652898036,0.0971192338902389
0.0957631979849931,0.0871765484459771,0.0969726726271264
0.0956200319629324,0.0870428496900141,0.096811739997726
0.0954769131202775,0.0869054936424099,0.0966802178301802
0.0953338414259432,0.0867760181540935,0.09654081515896
0.0951908168488752,0.0866494550097967,0.0963970606902637
0.0950478393580498,0.0865339696667203,0.0962491666329885
0.094904908922474,0.0864045195094489,0.0960968881132836
0.0947620255111852,0.0862740906834293,0.0959390857452549
0.0946191890932517,0.0861443250232434,0.0957976643311291
0.0944763996377718,0.086020766318972,0.0956619720556174
0.0943336571138748,0.085908329042262,0.0955301324067516
0.0941909614907202,0.0857719175473757,0.0953931542102771
0.0940483127374977,0.0856358963507373,0.0952436863924241
0.0939057108234276,0.0855127041458182,0.095085672081141
0.0937631557177604,0.0853736817334731,0.0949407251915809
0.0936206473897771,0.085249143682578,0.0948029104940481
0.0934781858087885,0.0851219235482336,0.0946579547552811
0.093335770944136,0.0849951398091292,0.0945064565663173
0.0931934027651909,0.0848622553054028,0.0943461469220553
0.0930510812413548,0.0847522608015957,0.0942108602069434
0.0929088063420591,0.0846323223317106,0.0940624167952708
0.0927665780367655,0.0845130813088157,0.0939180074875536
0.0926243962949655,0.0843931437853348,0.0937754309666002
0.0924822610861808,0.0842671324688745,0.0936214959673272
0.0923401723799627,0.0841314174592903,0.0934796120104679
0.0921981301458927,0.0840005910037434,0.0933471291895311
0.0920561343535819,0.0838761009584298,0.0932057022724503
0.0919141849726713,0.083752748304299,0.0930677862518823
0.0917722819728315,0.0836165950659059,0.0929248941028813
0.0916304253237631,0.0834936479904532,0.092797950925303
0.0914886149951962,0.0833617740924348,0.0926189142133628
0.0913468509568905,0.0832383997763976,0.0924744284131996
0.0912051331786354,0.0830972735415274,0.0923365795372711
0.09106346163025,0.0829444467697012,0.092184792919436
0.0909218362815826,0.0828098269028624,0.0920553247812382
0.0907802571025112,0.0826997158529721,0.0919115788594928
0.0906387240629432,0.0825587384818157,0.0917797717106978
0.0904972371328155,0.0824239488495022,0.091635208859904
0.0903557962820941,0.082297237067175,0.0915017049974243
0.0902144014807748,0.0821623826414438,0.0913590534975799
0.0900730526988822,0.0820283629153581,0.091222799372704
0.0899317499064704,0.0819035444564839,0.0910697707931363
0.0897904930736229,0.0817739479737886,0.0909208502183918
0.0896492821704519,0.0816409460610398,0.090774271097845
0.0895081171670992,0.0815129904825106,0.0906274066862519
0.0893669980337356,0.0813739598418872,0.0904832029785479
0.0892259247405607,0.0812577606704355,0.0903267074081869
0.0890848972578035,0.0811337259394946,0.0901768755693811
0.0889439155557218,0.0809978555767472,0.0900244323314827
0.0888029796046022,0.0808621202347118,0.0898777456240264
0.0886620893747608,0.0807408396688754,0.0897257196526269
0.0885212448365418,0.080620390834685,0.0895703112502705
0.0883804459603187,0.0805054390772662,0.0894418845146784
0.0882396927164938,0.080383145332558,0.0893090185847396
0.0880989850754981,0.0802541198034846,0.0891727140178873
0.0879583230077914,0.0801118200901873,0.0890249731238593
0.0878177064838619,0.0799884138351761,0.088867043469139
0.0876771354742269,0.0798577233046469,0.088727005974938
0.0875366099494321,0.0797385027321709,0.0885766057144144
0.0873961298800516,0.0796260152537978,0.0884414338521398
0.0872556952366883,0.0795140006333915,0.0882923895447281
0.0871153059899736,0.0793914212980845,0.088147895237757
0.0869749621105672,0.0792601486157587,0.0880038328937304
0.0868346635691575,0.0791457695261635,0.0878611256039433
0.086694410336461,0.0790177275072644,0.0877185204905514
0.0865542023832227,0.0788816454751326,0.0875759992001173
0.0864140396802161,0.0787514129839126,0.0874450777768833
0.0862739221982427,0.078615219431511,0.087315744016705
0.0861338499081322,0.078484992053397,0.0871732800673366
0.085993822780743,0.0783548605296912,0.0870333513542322
0.0858538407869611,0.0782342281639204,0.0868789385685039
0.0857139038977011,0.0781170139671459,0.0867381995868295
0.0855740120839054,0.0779845934838296,0.0866025536237965
0.0854341653165445,0.0778591853017734,0.0864650590242096
0.0852943635666173,0.0777233487640837,0.0863345380337604
0.0851546068051501,0.0775943135139726,0.0861965300150009
0.0850148950031977,0.0774733905971185,0.0860578481888142
0.0848752281318425,0.0773347395679109,0.0859094851208102
0.0847356061621948,0.0772098213785163,0.0857771782562148
0.084596029065393,0.0770778473183305,0.0856317869638565
0.0844564968126032,0.0769527007398233,0.0855112866788185
0.0843170093750191,0.0768217749018692,0.0853747224731556
0.0841775667238624,0.0766914889768939,0.0852443558001064
0.0840381688303823,0.0765541262106462,0.0851078621295915
0.0838988156658559,0.0764266999181592,0.0849672031801472
0.0837595072015878,0.0762900294230298,0.084829322435262
0.0836202434089101,0.0761706041825462,0.0846724601664077
0.0834810242591828,0.076046930785175,0.0845197661547731
0.0833418497237931,0.0759245353365687,0.0843823155878384
0.0832027197741558,0.0758020209444157,0.0842390745541827
0.0830636343817134,0.0756869851889596,0.0840857998643736
0.0829245935179354,0.0755613915888859,0.0839516673137631
0.0827855971543189,0.075432506021394,0.0838117798472662
0.0826466452623886,0.0753111938983163,0.0836590788465724
0.0825077378136961,0.0751908173729421,0.0835178871850766
0.0823688747798206,0.0750779082843119,0.0833938824125686
0.0822300561323683,0.0749479008382167,0.0832418791835287
0.0820912818429729,0.0748230403701326,0.0830958597205718
0.0819525518832952,0.0747045763592103,0.0829646718245912
0.0818138662250229,0.0745860193705007,0.0828190634063901
0.0816752248398711,0.0744726901071653,0.0826431814999408
0.0815366276995818,0.0743478494561569,0.0825115911043098
0.0813980747759243,0.0742201623041411,0.0823617693823616
0.0812595660406946,0.0740892787978213,0.0822236918827714
0.0811211014657159,0.0739710060312568,0.0820690952788824
0.0809826810228383,0.0738509178394458,0.0819281546679686
0.0808443046839387,0.0737255794928995,0.0817887515184459
0.0807059724209209,0.0735801277256946,0.0816533375859795
0.0805676842057156,0.0734520396287398,0.0815220299257582
0.0804294400102803,0.0733286376326281,0.0813930099030627
0.0802912398065993,0.0731972179910513,0.0812597184203104
0.0801530835666835,0.0730643872372144,0.0811238696207218
0.0800149712625707,0.0729371424708829,0.0809681671109478
0.0798769028663253,0.0728252533660007,0.0808305271751681
0.0797388783500382,0.0727019497103317,0.0806886890706838
0.079600897685827,0.0725659788271167,0.0805522991474027
0.0794629608458358,0.0724474738888106,0.0804159131969953
0.0793250678022355,0.0723302669719801,0.0802847129656104
0.0791872185272232,0.0721932967493133,0.0801435805594361
0.0790494129930226,0.0720760410856277,0.0799922763130223
0.0789116511718837,0.0719545628236945,0.0798369569603646
0.0787739330360831,0.0718321057941024,0.0797030393768643
0.0786362585579237,0.0717043235386859,0.0795780294710473
0.0784986277097345,0.0715660229170948,0.0794529396095258
0.0783610404638712,0.071428257738647,0.0793156296827087
0.0782234967927155,0.0712855735451171,0.0791816729065165
0.0780859966686754,0.0711595311479446,0.0790504847333251
0.077948540064185,0.0710206578244112,0.0789140853537485
0.0778111269517048,0.0708969034414666,0.0787916964035057
0.0776737573037212,0.0707628036362223,0.0786509500300258
0.077536431092747,0.0706323075633941,0.0785087790293432
0.0773991482913205,0.0704947308437226,0.0783513063636645
0.0772619088720066,0.0703782786949284,0.0782021307434161
0.077124712807396,0.0702449966776853,0.0780726248493451
0.0769875600701053,0.0701165392230696,0.0779377853638118
0.0768504506327772,0.0699903668284018,0.0777914771870543
0.0767133844680801,0.0698871807429465,0.0776376656199015
0.0765763615487084,0.0697743250020357,0.077501951330859
0.0764393818473824,0.0696366572975629,0.0773658655423726
0.0763024453368479,0.0695071942826771,0.0772263173777245
0.0761655519898768,0.0693835399365136,0.0770974572854599
0.0760287017792667,0.0692512605595822,0.0769443805478666
0.0758918946778407,0.0691375272078385,0.0768105092728329
0.0757551306584477,0.0690078417383246,0.0766765604821228
0.0756184096939624,0.0688794547874707,0.0765328763465159
0.0754817317572849,0.0687621254043114,0.0763898455711948
0.0753450968213408,0.0686413381389143,0.0762627653369174
0.0752085048590816,0.0685270552133989,0.0761343655062921
0.0750719558434839,0.0683960282630473,0.0759947709950601
0.07493544974755,0.0682746865486297,0.0758539405640963
0.0747989865443077,0.0681486123053234,0.0757176489824608
0.0746625662068102,0.0680319023102464,0.0755854123387997
0.0745261887081359,0.0679056017049939,0.0754562975769489
0.0743898540213887,0.0677739129546233,0.0753039464226595
0.0742535621196979,0.0676446414238238,0.0751669360331549
0.074117312976218,0.0675056185337343,0.0750380169368048
0.0739811065641285,0.0673722479194621,0.0748988411711286
0.0738449428566347,0.0672484298535122,0.0747640834134183
0.0737088218269666,0.0671348404412368,0.0746365247417147
0.0735727434483796,0.0670143374727173,0.074504195319549
0.0734367076941541,0.0668906285182892,0.0743719105234912
0.0733007145375958,0.0667687633896517,0.0742409369780287
0.0731647639520352,0.0666534386687065,0.0740735672821608
0.0730288559108281,0.0665266223010415,0.0739407480176942
0.0728929903873551,0.0663898557129996,0.0737834735626436
0.0727571673550219,0.0662611329133281,0.0736557014793924
0.072621386787259,0.0661452772613034,0.0735341935298681
0.0724856486575221,0.0660298275673369,0.0733813763088563
0.0723499529392914,0.0659045694435548,0.0732475276766572
0.0722142996060723,0.065779933534696,0.073104301733453
0.0720786886313949,0.0656482769315622,0.0729632621236471
0.0719431199888139,0.0655160622728225,0.0728424013589449
0.071807593651909,0.0653929273498579,0.0727079618319713
0.0716721095942845,0.0652654462711832,0.0725793000464149
0.0715366677895695,0.0651327800770232,0.0724545907656504
0.0714012682114176,0.0650250075795935,0.072319505543306
0.0712659108335072,0.0648982992154624,0.0721975327752052
0.0711305956295413,0.0647873605832642,0.072062839829475
0.0709953225732474,0.0646578893033024,0.0719268746929837
0.0708600916383774,0.0645424710123717,0.0717607899893147
0.070724902798708,0.0644317931215773,0.0716199232756742
0.0705897560280402,0.0643175705666897,0.0714925530249918
0.0704546513001994,0.064191828170274,0.0713508282678466
0.0703195885890358,0.0640734279182125,0.0712160706549938
0.0701845678684234,0.0639618647056723,0.0710851923012029
0.0700495891122611,0.0638338554558705,0.0709424470854752
0.0699146522944718,0.0637070254546471,0.0707896339631524
0.0697797573890027,0.0635872502970154,0.0706634152882154
0.0696449043698255,0.0634639923668079,0.0705364932315073
0.069510093210936,0.0633353744341137,0.0704072775470987
0.0693753238863541,0.0632043373870225,0.0702596532489096
0.0692405963701241,0.0630709055366168,0.0701043263877919
0.0691059106363143,0.0629470577065412,0.0699593462046076
0.0689712666590172,0.0628280062125301,0.069830900221076
0.0688366644123493,0.0627098047181902,0.0696877966109816
0.0687021038704511,0.0625876669089504,0.0695418988634284
0.0685675850074875,0.0624655480485838,0.0694162311166762
0.0684331077976468,0.0623485321536162,0.0692777216579459
0.0682986722151419,0.062222552476952,0.0691461296809077
0.0681642782342092,0.0621045402276343,0.0690067119186063
0.0680299258291092,0.0619833225245678,0.0688590744098444
0.0678956149741261,0.0618768668663691,0.0687231008476181
0.0677613456435684,0.0617557731307735,0.0685854623792114
0.0676271178117678,0.0616182400526867,0.0684405727699256
0.0674929314530802,0.061488234375238,0.0682901421207902
0.0673587865418852,0.0613636184923155,0.0681649066269037
0.067224683052586,0.0612543764646491,0.0680285607906027
0.0670906209596097,0.0611314980072469,0.0678796184626966
0.066956600237407,0.0609969496678346,0.0677486544716811
0.0668226208604521,0.0608832698799196,0.0676135232329288
0.0666886828032431,0.0607635363171439,0.0674715881335236
0.0665547860403014,0.0606504154982149,0.0673452749449109
0.0664209305461721,0.0605183683005463,0.0672169372554473
0.0662871162954238,0.0604040249554694,0.0670887541038385
0.0661533432626487,0.0602685856965629,0.0669552146265019
0.0660196114224623,0.0601420666242599,0.0668202728366802
0.0658859207495036,0.0600363498157422,0.0666746039864167
0.0657522712184352,0.0598992776931144,0.0665460305682442
0.0656186628039428,0.0597782338690295,0.0664052033443972
0.0654850954807357,0.059649890326872,0.0662901416436807
0.0653515692235462,0.0595156931446465,0.066139605427023
0.0652180840071303,0.0593996775900856,0.0660108745306619
0.0650846398062669,0.0592793406026094,0.0658911357964709
0.0649512365957585,0.059162427722854,0.0657611258759259
0.0648178743504306,0.0590370463311778,0.0656168595257386
0.0646845530451319,0.0589163044369138,0.0654720899157236
0.0645512726547342,0.0588057958724795,0.0653480303239736
0.0644180331541326,0.0586866545553082,0.0652148412989346
0.0642848345182452,0.0585566846884523,0.0650768316366846
0.0641516767220131,0.0584451465657121,0.0649393393685697
0.0640185597404005,0.058325820581642,0.064813596354005
0.0638854835483947,0.0582160431500261,0.0646785971308993
0.0637524481210059,0.0580857376638267,0.0645337661604905
0.0636194534332673,0.0579629177739693,0.0643968724625781
0.063486499460235,0.0578472740275335,0.0642525583126171
0.0633535861769879,0.0577333874886755,0.0641270743278187
0.063220713558628,0.0576093173997133,0.0639937290236528
0.0630878815802799,0.0574791233742487,0.0638582912051709
0.0629550902170913,0.0573599742487851,0.0637198102146503
0.0628223394442324,0.0572436306882481,0.0635741887365966
0.0626896292368964,0.0571204207397593,0.0634388628005692
0.062556959570299,0.0569922372612967,0.0632909132910628
0.0624243304196789,0.0568823660536004,0.0631535635975432
0.0622917417602972,0.0567532771773109,0.0630158087229637
0.0621591935674377,0.0566409972008495,0.0628779712292956
0.0620266858164071,0.0565180306241258,0.0627538507502202
0.0618942184825343,0.0564024048842688,0.0626173105641478
0.061761791541171,0.0562804683528216,0.0624828951808769
0.0616294049676914,0.0561547081309293,0.062334374468327
0.0614970587374922,0.0560407369711192,0.0621948623354591
0.0613647528259927,0.0559016573760152,0.0620685444897209
0.0612324872086343,0.0557956203571188,0.0619354168992339
0.0611002618608813,0.0556699407878205,0.0617996745440425
0.0609680767582202,0.0555569483875647,0.0616715695147186
0.0608359318761597,0.0554399764209805,0.061548959210042
0.0607038271902311,0.0553116668811047,0.0614048479688329
0.060571762675988,0.0552002998864832,0.0612797776712442
0.0604397383090061,0.055083332074811,0.0611373924081935
0.0603077540648836,0.0549577676977845,0.0610028905367606
0.0601758099192407,0.0548333701796281,0.060875796637334
0.0600439058477201,0.0547108670634846,0.0607393378157209
0.0599120418259865,0.054596942274639,0.0606156646128055
0.0597802178297268,0.0544912828485136,0.060507988617053
0.0596484338346499,0.0543755136496924,0.060376662186712
0.0595166898164871,0.0542562754927766,0.0602483393554534
0.0593849857509916,0.0541376296300837,0.0601177620568165
0.0592533216139387,0.0540139949649048,0.0599894272911006
0.0591216973811255,0.0539012585081098,0.0598479861085324
0.0589901130283715,0.0537850240049424,0.0597155090253081
0.0588585685315178,0.0536711207905106,0.0595723995078729
0.0587270638664278,0.053544509357682,0.0594258858434185
0.0585955990089864,0.0534201542941452,0.0592894777677061
0.0584641739351009,0.0533061623360512,0.0591581137891573
0.0583327886206999,0.0531911284394431,0.0590232462182921
0.0582014430417344,0.053071844766236,0.0588818602345456
0.0580701371741768,0.052950381723901,0.058755124913168
0.0579388709940214,0.0528240569813353,0.058628162565065
0.0578076444772843,0.0526976400319579,0.0585076098838851
0.0576764576000035,0.0525781158748947,0.0583590440366408
0.0575453103382383,0.0524613524784745,0.0582292148986056
0.05741420266807,0.0523503233232579,0.0580841057336861
0.0572831345656016,0.052241506884144,0.0579504035752477
0.0571521060069574,0.0521350249172339,0.0578064727126179
0.0570211169682836,0.0520230857856613,0.0576770060461285
0.0568901674257478,0.051895002233701,0.0575424820988146
0.0567592573555394,0.0517738667265545,0.0574083734739218
0.056628386733869,0.0516525676348981,0.0572858269006935
0.056497555536969,0.051534400726863,0.0571545092675369
0.056366763741093,0.0514180586614353,0.0570043819840311
0.0562360113225163,0.0513018552996208,0.0568716197841179
0.0561052982575354,0.0511934867479268,0.0567163905927144
0.0559746245224683,0.0510733994546246,0.056590844419331
0.0558439900936544,0.0509361427019209,0.0564491412812858
0.0557133949474545,0.0508057154198475,0.0563014270764912
0.0555828390602504,0.0506951402677924,0.0561688313976152
0.0554523224084457,0.0505803886611511,0.0560464727417418
0.0553218449684648,0.0504693746282757,0.0559043846066289
0.0551914067167537,0.050369234381897,0.0557665229096559
0.0550610076297793,0.0502552888702829,0.0556218634787597
0.0549306476840299,0.0501257508323843,0.0554849507676171
0.0548003268560148,0.0500083252067623,0.0553440564972167
0.0546700451222648,0.049887314396013,0.0552119143563553
0.0545398024593314,0.0497743212489426,0.055091466683888
0.0544095988437873,0.0496387570958784,0.0549632837859218
0.0542794342522264,0.0495254565068429,0.0548275411566461
0.0541493086612637,0.0494031533083756,0.0546964526366678
0.0540192220475348,0.0492851858010694,0.0545534592890357
0.0538891743876967,0.0491459503899502,0.0544148039715792
0.0537591656584272,0.0490449033224957,0.0542676447585908
0.0536291958364251,0.0489089407759734,0.0541327005798857
0.0534992648984101,0.0487916551361419,0.0540164284653686
0.0533693728211227,0.048679595390279,0.0538836995753068
0.0532395195813243,0.0485766547517628,0.0537513451095018
0.0531097051557973,0.0484527405177183,0.0536139382985698
0.0529799295213446,0.0483286740210109,0.0534850377920768
0.0528501926547902,0.0482159465430746,0.0533581759488097
0.0527204945329788,0.0481006108422633,0.0532409805360633
0.0525908351327756,0.0479875025563477,0.0531224275448248
0.0524612144310667,0.0478826519158306,0.0529879024801926
0.052331632404759,0.0477587498834869,0.0528466061964148
0.05220208903078,0.0476462831462554,0.05272544203236
0.0520725842860776,0.0475160409133643,0.0525935495430802
0.0519431181476206,0.0473870688793497,0.0524600775471356
0.0518136905923982,0.0472710079280483,0.0523286341094231
0.0516843015974203,0.0471483680777302,0.0521946693252817
0.0515549511397174,0.0470180694235651,0.0520773848041888
0.0514256391963403,0.0468949316316328,0.0519383306810138
0.0512963657443604,0.0467615105294408,0.0518115130548471
0.0511671307608697,0.0466486280404752,0.0516735923447382
0.0510379342229805,0.0465322604806997,0.0515305301737429
0.0509087761078254,0.0464107506055988,0.0514115764873628
0.0507796563925577,0.0462881363813878,0.0512834242746649
0.0506505750543508,0.04615755984775,0.0511601302871239
0.0505215320703986,0.0460548437259201,0.0510320552390632
0.0503925274179153,0.0459343424679989,0.0509147421238178
0.0502635610741354,0.0458139634999017,0.0507923288486222
0.0501346330163136,0.0456878041078089,0.0506533779437873
0.050005743221725,0.0455682610059078,0.0505362519061152
0.0498768916676648,0.0454523172285909,0.0504111266624231
0.0497480783314483,0.0453294735233774,0.0502861541143249
0.0496193031904113,0.0452173756034432,0.0501431118242357
0.0494905662219094,0.0450993941585436,0.0500263742737566
0.0493618674033187,0.0449769095721547,0.049892043426448
0.0492332067120351,0.0448585743123588,0.0497667398246791
0.0491045841254746,0.0447431740092229,0.0496252504994016
0.0489759996210736,0.0446030942925456,0.0494960192455201
0.0488474531762881,0.0444807547138592,0.0493538032782931
0.0487189447685944,0.0443548974156972,0.0492273768507144
0.0485904743754885,0.0442341832109682,0.0490779441900131
0.0484620419744868,0.0441243975752337,0.0489406120978804
0.0483336475431253,0.0440135805075635,0.0488083146170732
0.0482052910589599,0.0438926109972059,0.0486853610036544
0.0480769724995667,0.0437737034944658,0.0485530475244302
0.0479486918425414,0.0436605998881493,0.0484158722537502
0.0478204490654996,0.0435356675471187,0.0482815908377687
0.0476922441460768,0.0433974967467982,0.0481607255924371
0.0475640770619282,0.0432775174753881,0.0480258411203873
0.0474359477907288,0.043139784772737,0.0479071982549728
0.0473078563101735,0.0430333649888443,0.047777111648041
0.0471798025979767,0.0429141982965291,0.0476431637070674
0.0470517866318727,0.0428100372371145,0.0475269545223694
0.0469238083896154,0.0427000073357696,0.0473987018797602
0.0467958678489782,0.0425929210779016,0.0472551972139883
0.0466679649877545,0.0424726758417787,0.0471144137160362
0.046540099783757,0.0423603030816725,0.0469844232874709
0.0464122722148182,0.0422518323999718,0.0468399602623096
0.04628448225879,0.042133097891275,0.0467220411813408
0.0461567298935439,0.0420331511694942,0.0465869893394745
0.046029015096971,0.041917198807107,0.0464624424714801
0.0459013378469819,0.0418061932270609,0.0463316143652363
0.0457736981215065,0.0416784347086984,0.046221137550711
0.0456460958984943,0.0415601321558777,0.0460869217321432
0.0455185311559142,0.0414551935635816,0.0459666278397222
0.0453910038717546,0.0413435826193516,0.0458158043626407
0.0452635140240231,0.041237938595317,0.0456909991712825
0.0451360615907467,0.0411259903942191,0.0455571838070474
0.0450086465499719,0.0409940374628268,0.045420555716409
0.0448812688797645,0.0408765780248733,0.0452843327469716
0.0447539285582093,0.0407802601543153,0.0451602012035982
0.0446266255634107,0.0406744252472687,0.0450412598543568
0.0444993598734922,0.0405641373858077,0.0449202153032288
0.0443721314665966,0.0404445951708778,0.0447858586741633
0.0442449403208858,0.0403335316824802,0.044662713810084
0.0441177864145409,0.0402336216030234,0.0445284132368511
0.0439906697257623,0.0401235309019021,0.0444133999467748
0.0438635902327694,0.0400048800139151,0.0442780950276722
0.0437365479138008,0.0398979823544152,0.0441501032725767
0.043609542747114,0.0397693943566776,0.0440250142985068
0.0434825747109858,0.0396538358840833,0.043886020503833
0.0433556437837119,0.0395466815041999,0.0437712201941122
0.0432287499436072,0.0394207162660058,0.0436599709879817
0.0431018931690054,0.0393028055846344,0.0435387627994558
0.0429750734382593,0.0391974939384391,0.0434085320437729
0.0428482907297407,0.0390820529118362,0.0432803546943
0.0427215450218401,0.0389814961486383,0.0431404678885704
0.0425948362929671,0.0388745317993149,0.0429871836495348
0.0424681645215502,0.0387518788600583,0.0428528978032481
0.0423415296860368,0.0386368013579553,0.042716432020111
0.042214931764893,0.0385178925760655,0.0425876446929149
0.0420883707366039,0.0384109535535111,0.0424558489181876
0.0419618465796732,0.0383116263954375,0.0423436772813476
0.0418353592726236,0.0381889768739348,0.0422298061774064
0.0417089087939964,0.038082717352437,0.0420910273084638
0.0415824951223516,0.0379824170328411,0.0419446043059505
0.0414561182362682,0.0378777967865349,0.0418276799946132
0.0413297781143436,0.0377703224149157,0.0417096616789251
0.041203474735194,0.0376658925872318,0.0416004977729251
0.0410772080774543,0.0375582619323633,0.0414700203297402
0.0409509781197779,0.0374366192049048,0.041347030086053
0.0408247848408368,0.0373169079846477,0.0412238745101782
0.0406986282193217,0.0371950991787648,0.0410873828454037
0.0405725082339419,0.0370809132127063,0.0409532347765636
0.0404464248634251,0.0369777728590307,0.0408331138931691
0.0403203780865176,0.0368603902309187,0.0407077395690921
0.0401943678819841,0.0367475615314972,0.0405981307132997
0.040068394228608,0.0366305679562049,0.0404542915778359
0.0399424571051909,0.0365229823593403,0.0403182359702469
0.0398165564905531,0.0364037103875339,0.0401944944112016
0.0396906923635331,0.0362820906097961,0.0400648428820565
0.0395648647029877,0.0361667668743061,0.0399318205467912
0.0394390734877925,0.0360498755585131,0.0398017717685131
0.0393133186968411,0.035934377914866,0.0396603831604319
0.0391876003090455,0.0358045242203144,0.0395264611879525
0.039061918303336,0.035693255457723,0.0393937556388878
0.0389362726586612,0.0355776608392722,0.0392671414764636
0.0388106633539881,0.0354543881984108,0.0391495326323216
0.0386850903683016,0.0353265142651427,0.0390141347137603
0.0385595536806053,0.0352147029439468,0.0388887570765273
0.0384340532699206,0.0351009621159879,0.0387584614218411
0.0383085891152872,0.0349876964943986,0.0386259469853642
0.0381831611957631,0.0348768995713628,0.0385087861166906
0.0380577694904243,0.034762730671054,0.0383632179981553
0.0379324139783649,0.0346522746930398,0.0382501048145126
0.0378070946386973,0.0345211959360234,0.0381254596953605
0.0376818114505516,0.0344005683542982,0.0380044272196668
0.0375565643930763,0.0342767680964612,0.0378807210404693
0.0374313534454377,0.0341482076740349,0.0377612616243198
0.0373061785868205,0.0340456494671472,0.0376429948218163
0.0371810397964268,0.0339207507555978,0.0375135376534654
0.0370559370534772,0.0338191186651182,0.0373773682783116
0.03693087033721,0.0337064184424246,0.0372629200673097
0.0368058396268816,0.0335851631066209,0.0371409097052806
0.0366808449017659,0.0334806943856689,0.0370238710819031
0.0365558861411552,0.033381659906565,0.0368957907652085
0.0364309633243594,0.0332690008440164,0.0367656083659424
0.0363060764307062,0.0331788859173157,0.0366334519441073
0.0361812254395414,0.0330661542140512,0.0365111988223891
0.0360564103302283,0.0329556364905655,0.0364050127172917
0.0359316310821483,0.0328389733217253,0.0362823958648669
0.0358068876747002,0.0327345938674589,0.0361641578935738
0.0356821800873008,0.0326354164058575,0.0360364944897135
0.0355575082993845,0.0325253021070145,0.0359012228215374
0.0354328722904036,0.032415710219703,0.0357614656598705
0.0353082720398279,0.0322811826340854,0.0356409106190862
0.0351837075271449,0.0321784362004543,0.0355016646705408
0.0350591787318598,0.0320790294247487,0.0353900287291044
0.0349346856334953,0.0319680628861471,0.0352748171263923
0.034810228211592,0.0318490620807375,0.0351588411046363
0.0346858064457076,0.0317268095358089,0.0350277997086541
0.0345614203154178,0.0316231025039959,0.0349163916514146
0.0344370698003158,0.0315098035822935,0.0347640662283089
0.0343127548800119,0.0313970249476884,0.0346453837369281
0.0341884755341345,0.0312949966905506,0.0345125709454549
0.0340642317423291,0.0311904398664683,0.0343946718323039
0.0339400234842588,0.0310825169418166,0.0342712560968941
0.0338158507396041,0.030965259972882,0.03414749795663
0.0336917134880628,0.0308472670965187,0.0340276488563629
0.0335676117093504,0.0307287863716393,0.033903880274959
0.0334435453831996,0.0306178958381506,0.0337927958589684
0.0333195144893604,0.0304975815167001,0.0336636619627169
0.0331955190076003,0.0303903315339607,0.0335268174009136
0.0330715589177041,0.0302753030373617,0.0334048173145951
0.0329476341994737,0.0301541052581897,0.0332883826527159
0.0328237448327287,0.0300381652363157,0.0331664470386523
0.0326998907973054,0.0299251389931966,0.0330361825726261
0.0325760720730579,0.029815021301375,0.0328976619060818
0.0324522886398572,0.0297114811343422,0.0327789305699395
0.0323285404775915,0.0296022735352222,0.0326421509369821
0.0322048275661664,0.0294895349244779,0.0325135136087428
0.0320811498855046,0.0293774288353523,0.032384749134079
0.0319575074155457,0.0292635630486552,0.0322513142605613
0.0318339001362468,0.0291513957363732,0.0321377740387409
0.0317103280275819,0.0290414047489037,0.0320021517898881
0.031586791069542,0.0289344207588243,0.031885213735175
0.0314632892421353,0.0288249447570694,0.0317786831328277
0.0313398225253872,0.0287140404128307,0.0316662978998904
0.0312163908993398,0.0285838821358252,0.0315467631445552
0.0310929943440526,0.0284758937279495,0.0314197384582477
0.0309696328396016,0.0283568829921374,0.0312787956723786
0.0308463063660803,0.0282599001162945,0.0311607881944066
0.0307230149035987,0.0281433120018092,0.0310554828955638
0.030599758432284,0.0280366033587716,0.0309324520222687
0.0304765369322804,0.0279193037222744,0.0308150148080808
0.0303533503837486,0.0278022087486628,0.0306776633744749
0.0302301987668666,0.0276868542826823,0.0305542319089319
0.030107082061829,0.0275744156153572,0.0304209276721085
0.0299840002488474,0.0274631352901691,0.0302968830313681
0.0298609533081502,0.0273540787050822,0.0301516709904251
0.0297379412199823,0.0272607633052605,0.0300132000235348
0.0296149639646058,0.027152147057105,0.0298937872994481
0.0294920215222994,0.0270507632735716,0.0297621305959494
0.0293691138733585,0.0269278182328737,0.0296450562509661
0.0292462409980952,0.0268065989177603,0.0295334854523264
0.0291234028768384,0.0266878573009431,0.0294036916853726
0.0290005994899337,0.0265839451984865,0.0292860868605788
0.0288778308177433,0.026469037521689,0.0291614047149914
0.0287550968406461,0.0263496203755572,0.029046378622782
0.0286323975390374,0.0262479369553683,0.0289334608908112
0.0285097328933295,0.0261471756987154,0.0288169602458477
0.028387102883951,0.0260404094714457,0.0286959140718122
0.0282645074913473,0.025922953055384,0.0285635775601582
0.0281419466959801,0.0258165522907848,0.028438189822521
0.0280194204783279,0.0257016184346194,0.0283092534708508
0.0278969288188855,0.0255870671772026,0.0281961159858502
0.0277744716981643,0.0254734225433908,0.028060836449117
0.0276520490966921,0.0253618810096664,0.0279260659389675
0.0275296609950133,0.0252411926001414,0.0277943664525046
0.0274073073736887,0.0251395660233298,0.0276618644817573
0.0272849882132954,0.0250147762786414,0.0275497248816386
0.0271627034944271,0.0249026133150025,0.0274146251673878
0.0270404531976937,0.0247865323566291,0.0272830651157639
0.0269182373037217,0.0246687588441265,0.0271612343338142
0.0267960557931537,0.0245692840700194,0.0270374745341195
0.0266739086466488,0.0244639956504882,0.0269069701091413
0.0265517958448823,0.0243569147507145,0.026782874804705
0.0264297173685459,0.0242416438591585,0.026655036535152
0.0263076731983475,0.0241347110057946,0.0265104075608344
0.0261856633150114,0.0240236846093703,0.0263773013969498
0.0260636876992779,0.0239131071122164,0.026244965726297
0.0259417463319038,0.0238149293718246,0.0261219516327474
0.0258198391936618,0.0237008464399604,0.0259957406617682
0.0256979662653411,0.0235756657541266,0.0258761383852005
0.0255761275277468,0.0234746653893238,0.0257509379708393
0.0254543229617003,0.0233398015983254,0.0256373308592788
0.0253325525480392,0.0232404983384267,0.02550839249863
0.025210816267617,0.0231349358968802,0.0253952240233052
0.0250891141013035,0.0230208441953805,0.0252781735623935
0.0249674460299844,0.0229089374922063,0.0251406936601263
0.0248458120345615,0.0228083278167687,0.0250281530693857
0.0247242120959529,0.022701798502871,0.0249058818363269
0.0246026461950924,0.0225887614387022,0.0247750570793488
0.0244811143129299,0.0224939582574606,0.0246599806749331
0.0243596164304314,0.0223721076368524,0.0245335731413324
0.0242381525285786,0.0222596477265111,0.0244151049279526
0.0241167225883696,0.0221360566011988,0.0242800624480667
0.0239953265908179,0.0220168622104856,0.0241566370886054
0.0238739645169534,0.0219061175474817,0.0240225835269279
0.0237526363478215,0.0217939471333752,0.0239000761701879
0.0236313420644839,0.0216762333742027,0.0237811516136106
0.0235100816480177,0.0215767933443008,0.0236631706225379
0.0233888550795161,0.0214721813893873,0.0235470959676675
0.0232676623400883,0.0213690767580886,0.0234058829748173
0.023146503410859,0.0212606216431941,0.0232774159056703
0.0230253782729687,0.0211357046143335,0.0231553615273764
0.0229042869075739,0.0210167848488827,0.0230315434540836
0.0227832292958467,0.0208925783582709,0.0229226099074849
0.022662205418975,0.0207888482676216,0.0227851200199645
0.0225412152581624,0.0206738494216505,0.0226672727281772
0.0224202587946283,0.0205501289975544,0.0225569681792157
0.0222993360096075,0.0204426300826278,0.02244216980878
0.0221784468843509,0.0203316033424019,0.022317303752782
0.0220575914001246,0.020218844310602,0.0221862334787663
0.0219367695382106,0.0201016174620432,0.0220635727079084
0.0218159812799066,0.0199822792807508,0.0219539205633638
0.0216952266065256,0.0198784593541247,0.0218387305863166
0.0215745054993965,0.0197642673267817,0.0217207162173875
0.0214538179398636,0.0196512170273118,0.0216038662364434
0.0213331639092867,0.0195376845594388,0.0214740629979422
0.0212125433890413,0.0194183170958606,0.0213615483044206
0.0210919563605182,0.0193097710857158,0.0212413214086909
0.0209714028051239,0.0192018505791234,0.0210998561493102
0.0208508827042803,0.0190986163767986,0.0209623848254623
0.0207303960394246,0.0189936405242871,0.0208279961928698
0.0206099427920098,0.0188772087060817,0.0207115234125094
0.020489522943504,0.0187743941437193,0.0205771681679318
0.0203691364753909,0.0186554838726111,0.0204509132483676
0.0202487833691695,0.0185452064756316,0.020328630461678
0.0201284636063543,0.0184268267160098,0.0202151756878367
0.0200081771684749,0.0183090590497132,0.0200944662850076
0.0198879240370765,0.0181966806798999,0.0199728511747683
0.0197677041937196,0.0180793358507363,0.0198397742934272
0.0196475176199799,0.0179628158411226,0.0197210739079244
0.0195273642974484,0.0178435304468738,0.0195861280256035
0.0194072442077314,0.0177316138225893,0.0194709728296687
0.0192871573324506,0.0176278009923997,0.019364433144475
0.0191671036532427,0.0174999921809768,0.019250033975457
0.0190470831517597,0.0173848170956886,0.019137569061248
0.018927095809669,0.0172812826033602,0.0190183900603477
0.0188071416086529,0.0171699380158661,0.018891566891903
0.018687220530409,0.0170673500542588,0.0187653711641631
0.0185673325566502,0.0169582683290362,0.0186536207782384
0.0184474776691044,0.016848150633021,0.018539590574754
0.0183276558495145,0.0167300984169141,0.0184239096179402
0.0182078670796387,0.0166157899929454,0.0183034623755546
0.0180881113412502,0.0165075432199361,0.0181884022902033
0.0179683886161374,0.0163950076471952,0.0180741553097095
0.0178486988861036,0.0162843584431005,0.017941798060449
0.0177290421329671,0.0161649440494166,0.017813975429772
0.0176094183385615,0.0160641738235733,0.0176871725862971
0.0174898274847351,0.0159643924568016,0.0175671093652484
0.0173702695533515,0.0158469491682353,0.0174486063151851
0.0172507445262889,0.0157253753979921,0.0173463545682055
0.0171312523854407,0.0156215189769748,0.0172302191757769
0.0170117931127153,0.0155149956077869,0.0171080828152406
0.0168923666900358,0.0154037749704648,0.016990317495527
0.0167729730993404,0.015295314451309,0.0168691474169064
0.0166536123225821,0.0151856199103614,0.0167477031730746
0.0165342843417288,0.0150799425858976,0.016616676428911
0.0164149891387633,0.0149733365105157,0.0165063236721028
0.0162957266956831,0.0148611559361517,0.0163749122476289
0.0161764969945008,0.0147551741564628,0.0162616134166579
0.0160573000172435,0.0146475294986402,0.0161404143048401
0.0159381357459532,0.0145273906896744,0.0160344472902227
0.0158190041626868,0.0144094257310869,0.0159120349373587
0.0156999052495159,0.0142924927379563,0.0157899468454167
0.0155808389885268,0.0141838879564827,0.015675434965283
0.0154618053618205,0.0140699600042805,0.0155596268942997
0.0153428043515128,0.0139574572042112,0.0154298611967796
0.0152238359397341,0.013846764781178,0.0153178416989666
0.0151049001086296,0.0137380151256354,0.0152000702997786
0.0149859968403591,0.0136229725781008,0.0150797903574216
0.0148671261170971,0.0135187072882715,0.0149580536831529
0.0147482879210326,0.0134216515155977,0.0148327014112355
0.0146294822343694,0.0133102773813375,0.0147124735426766
0.0145107090393258,0.0132098557072922,0.0145969040617748
0.0143919683181346,0.0131143068087185,0.0144839536588567
0.0142732600530433,0.0130098856677624,0.0143595390511119
0.0141545842263139,0.0129058648895277,0.0142543380928954
0.014035940820223,0.0127940640798065,0.0141250888507142
0.0139173298170616,0.0126907579885883,0.0139989377028651
0.0137987511991354,0.0125988356430299,0.0138783989987484
0.0136802049487644,0.0124901183910895,0.0137602154155403
0.0135616910482832,0.0123804126703045,0.0136286359538833
0.0134432094800407,0.0122822600099728,0.0135053946393954
0.0133247602264003,0.0121761550968671,0.0133774753994464
0.01320634326974,0.0120707941650751,0.0132505192953884
0.0130879585924521,0.0119734314556217,0.0131406559870834
0.0129696061769432,0.0118699351573442,0.0130071902034094
0.0128512860056343,0.0117650265999885,0.0128774660630634
0.012732998060961,0.0116700572306569,0.0127588290342619
0.0126147423253729,0.0115643166459533,0.0126442015479279
0.0124965187813342,0.0114466851250089,0.0125266339100901
0.0123783274113232,0.0113270793763371,0.0124086140098485
0.0122601681978328,0.0112152777494815,0.0122867127888219
0.0121420411233698,0.011113109750715,0.0121634774240895
0.0120239461704556,0.0109891172333067,0.0120373691735568
0.0119058833216257,0.0108737582602343,0.0119182239737167
0.0117878525594299,0.0107671184543,0.0118146378190716
0.0116698538664322,0.0106501103192747,0.0116964214482115
0.0115518872252107,0.0105364290941691,0.0115725870639305
0.0114339526183578,0.0104297033568815,0.0114528909505237
0.0113160500284802,0.0103228897495007,0.011329485428839
0.0111981794381986,0.0102191896855563,0.0112208881691266
0.0110803408301478,0.0101068910580095,0.0110891977619784
0.0109625341869768,0.0100032411587296,0.0109808105814751
0.0108447594913489,0.00989254849777228,0.0108586753879828
0.0107270167259412,0.00979466583067404,0.0107454819469273
0.010609305873445,0.00968191266660257,0.0106302472216256
0.0104916269165656,0.00956667298554167,0.0104998838968854
0.0103739798380227,0.00945702481604237,0.010387348022603
0.0102563646205495,0.00936465327500809,0.0102673768228317
0.0101387812468937,0.00925706412895915,0.0101559552370783
0.0100212296998167,0.00914816476238995,0.010051315728654
0.00990370996209408,0.0090417005713879,0.00993934906442486
0.00978622201651533,0.00892844912222103,0.00981693548191722
0.00966876584588381,0.00881436454774241,0.00969095025260038
0.00955134143301697,0.00870747064457907,0.00957279752405031
0.00943394876074614,0.00860253315480545,0.00946663865517163
0.00931658781191657,0.00850769956282977,0.00936732465466964
0.00919925856938742,0.00838220117998619,0.00924718372098174
0.00908196101603173,0.00827596639492587,0.00912567946657583
0.00896469513473642,0.00815817983118716,0.00900060610647899
0.0088474609084023,0.00805060560578579,0.00887431113704817
0.00873025831994391,0.00793334989165884,0.00875743424300897
0.00861308735228973,0.00781255530202116,0.00864734294981213
0.00849594798838203,0.00770284467739151,0.00853092261145539
0.00837884021117687,0.00759756675714974,0.00841496689304324
0.00826176400364409,0.00748885336427894,0.008317529460657
0.0081447193487673,0.00736885879575587,0.00819783717407837
0.00802770622954388,0.00725822907889146,0.00806694138091358
0.00791072462898497,0.00715591159864593,0.00794402881650104
0.00779377453011531,0.00704502279575531,0.00782383747342355
0.0076768559159735,0.00695110201052277,0.0077103509972707
0.00755996876961177,0.00682720920567338,0.00758025324114633
0.00744311307409603,0.00671164862205369,0.00746960701334119
0.00732628881250588,0.00659807978601937,0.00735224519326172
0.00720949596793453,0.00648489653892194,0.00724120777384677
0.00709273452348887,0.00635850837816149,0.00712931070608942
0.00697600446228943,0.00625340647721801,0.0070074993184599
0.00685930576747022,0.00614291493287167,0.00688615997883951
0.00674263842217897,0.00602616858539143,0.00676210271102938
0.00662600240957696,0.00591722734931647,0.00664314178443621
0.00650939771283901,0.00580732899526743,0.00652374644763785
0.00639282431515351,0.00570141457860018,0.00640269058755046
0.00627628219972237,0.00560244442316165,0.00629711610452214
0.00615977134976103,0.00548940318373938,0.00617838735109792
0.00604329174849847,0.00537661746842522,0.00606990802438147
0.00592684337917703,0.00527871786528167,0.0059405765053701
0.00581042622505266,0.00516417713923247,0.0058230510403122
0.00569404026939473,0.00505450003128647,0.00571126575463516
0.00557768549548606,0.00494683282910744,0.00558602983648273
0.00546136188662289,0.00482483686060247,0.00547046814497128
0.00534506942611489,0.00471982891272744,0.00534876748330169
0.00522880809728513,0.00462528500581154,0.00524494263053108
0.00511257788347012,0.00452024702058655,0.00512378558541959
0.0049963787680196,0.00440501135277512,0.00499507326882212
0.00488021073429681,0.00431626178997875,0.00487566260858329
0.0047640737656783,0.0042242669434633,0.00476161754590828
0.00464796784555394,0.0041254675686747,0.00466187288250505
0.00453189295732693,0.0040167436341382,0.00453724852825981
0.00441584908441377,0.00391950794015557,0.0044185848051149
0.00429983621024424,0.00382423535762395,0.00430898200586278
0.00418385431826146,0.0037244467695184,0.00420124827714314
0.00406790339192166,0.00360340614005532,0.00408706503588334
0.00395198341469445,0.0034941095519829,0.00397098386104305
0.00383609437006264,0.00340160553559724,0.00384484809756955
0.00372023624152227,0.0033085015056305,0.00372730842694106
0.00360440901258254,0.00320866787282465,0.00360156077180376
0.0034886126667659,0.00309699345093296,0.00349381569761668
0.00337284718760794,0.0029925325334829,0.00337063288699178
0.00325711255865745,0.00288254319593733,0.00325304189930623
0.00314140876347627,0.00278288499918408,0.00314160220069634
0.00302573578563947,0.00266902011839596,0.00303871373029937
0.00291009360873522,0.00256423958516698,0.0029339821492185
0.0027944822163648,0.00248207420522515,0.00282953449888206
0.00267890159214257,0.00238734141785822,0.0027148087927969
0.00256335171969596,0.00229207316344392,0.00259475714083846
0.0024478325826655,0.00219292931303799,0.00249376506385537
0.00233234416470478,0.00208662137684479,0.00237265570388704
0.0022168864494803,0.00198013463127124,0.00225761035918894
0.00210145942067174,0.00188805493960932,0.00213818408780825
0.00198606306197171,0.00177387306980661,0.00203013659352791
0.00187069735708585,0.00166406560234697,0.00191049286089436
0.00175536228973276,0.00155552382205893,0.00178253517405698
0.00164005784364402,0.00145362357522877,0.00166873725979007
0.00152478400256415,0.00133815435657058,0.00154177148915601
0.00140954075025067,0.00123915939492446,0.00141810286782936
0.00129432807047388,0.00113746809205482,0.00130091509115211
0.00117914594701714,0.0010415740895627,0.00118387712639737
0.00106399436367665,0.000945691608842152,0.00108495072428486
0.000948873304261509,0.000849231766472449,0.0009864918364762
0.000833782752593685,0.000749007481591284,0.000860661469350717
0.000718722692508001,0.000652410099603712,0.000753526951006896
0.000603693107852125,0.000550225359701993,0.000641612613170279
0.000488693982486606,0.000438894888831436,0.000525862271848591
0.000373725300284666,0.00033135835045921,0.000415593450265926
0.000258787045132475,0.000223829413429516,0.000289941981096412
0.000143879200928946,0.00012181637936789,0.000155537503825985
2.90017515857674e-05,1.98680105992128e-05,2.74272027015666e-05
